order_id,order_date,customer_id,sku,product,category,quantity,unit_price,discount_percent,country,channel
ORD-102671,2025-10-18 20:14,C00137,SKU-1004,HDMI cable 1.5m,Cables,1,"Rs 1,300",0,United Kingdom,Website
ORD-105710,2026-07-05 15:14,C00771,SKU-1001,Mechanical keyboard,Peripherals,1,"Rs 9,800",0,Saudi Arabia,retail
ORD-100346,2025-10-04 11:14,,SKU-1001,Mechanical keyboard,Peripherals,2,"Rs 9,800",0,United Kingdom,Website
ORD-103157,2025-07-16 08:14,,SKU-1002,Wireless mouse,Peripherals,1,"Rs 2,600",0,United Arab Emirates,marketplace
ORD-104756,2026-08-18 18:14,C00316,SKU-1007,Noise cancelling headset,Audio,1,"Rs 6,900",0,United Arab Emirates,Website
ORD-100950,2025-10-24 09:14,C00654,SKU-1009,Webcam 1080p,Video,1,"Rs 5,400",0,UK,retail
ORD-102433,2026-03-18 12:14,C00042,SKU-1001,Mechanical keyboard,Peripherals,1,"Rs 9,800",0,United Arab Emirates,Website
ORD-100463,2026-03-25 07:14,,SKU-1008,1TB portable SSD,Storage,1,"Rs 13,500",0,UK,Website
ORD-101092,2026-04-24 15:14,,SKU-1007,Noise cancelling headset,Audio,1,"Rs 6,900",10,United Arab Emirates,retail
ORD-102056,2026-02-04 09:14,C00768,SKU-1009,Webcam 1080p,Video,1,"Rs 5,400",0,UK,Website
ORD-103752,2025-04-27 17:14,C00555,SKU-1005,24 inch monitor,Displays,5,"Rs 32,900",10,Saudi Arabia,marketplace
ORD-101031,2026-03-30 09:14,C00240,SKU-1001,Mechanical keyboard,Peripherals,1,"Rs 9,800",0,PK,marketplace
ORD-103140,2026-02-18 15:14,C00110,SKU-1001,Mechanical keyboard,Peripherals,1,"Rs 9,800",0,pakistan,retail
ORD-105023,2025-11-02 18:14,C00688,SKU-1009,Webcam 1080p,Video,1,"Rs 5,400",5,UK,Website
ORD-105689,2026-05-17 13:14,C00379,SKU-1004,HDMI cable 1.5m,Cables,1,"Rs 1,300",20,United Kingdom,website
ORD-103307,2026-07-11 12:14,C00051,SKU-1010,65W GaN charger,Power,2,"Rs 3,900",0,UK,website
ORD-103948,2025-06-14 20:14,C00744,SKU-1007,Noise cancelling headset,Audio,1,"Rs 6,900",0,United Arab Emirates,Website
ORD-102164,2025-08-11 16:14,C00043,SKU-1010,65W GaN charger,Power,2,"Rs 3,900",0,United Arab Emirates,website
ORD-105359,2025-11-04 16:14,C00404,SKU-1008,1TB portable SSD,Storage,1,"Rs 13,500",0,Saudi Arabia,marketplace
ORD-103472,2025-08-10 12:14,C00472,SKU-1005,24 inch monitor,Displays,3,"Rs 32,900",0,Saudi Arabia,retail
ORD-105795,2026-08-07 16:14,C00027,SKU-1009,Webcam 1080p,Video,2,"Rs 5,400",10,United Arab Emirates,retail
ORD-101765,2025-04-09 12:14,C00474,SKU-1002,Wireless mouse,Peripherals,2,"Rs 2,600",5,UAE,retail
ORD-103829,2026-06-16 17:14,C00109,SKU-1007,Noise cancelling headset,Audio,1,"Rs 6,900",0,PK,Website
ORD-105303,2026-04-23 19:14,C00055,SKU-1003,USB-C cable 2m,Cables,2,Rs 850,5,PK,marketplace
ORD-100420,2025-08-14 09:14,C00755,SKU-1003,USB-C cable 2m,Cables,1,Rs 850,5,pakistan,marketplace
ORD-100895,2025-09-09 07:14,C00436,SKU-1002,Wireless mouse,Peripherals,3,"Rs 2,600",0,Saudi Arabia,Website
ORD-101210,2026-08-25 19:14,C00425,SKU-1002,Wireless mouse,Peripherals,1,"Rs 2,600",5,pakistan,marketplace
ORD-102624,2025-08-15 13:14,C00019,SKU-1003,USB-C cable 2m,Cables,1,Rs 850,0,United Arab Emirates,website
ORD-100343,2025-06-19 18:14,C00010,SKU-1010,65W GaN charger,Power,1,"Rs 3,900",0,Pakistan,Website
ORD-104680,2025-03-22 14:14,C00055,SKU-1002,Wireless mouse,Peripherals,2,"Rs 2,600",0,Pakistan,Website
ORD-102585,2025-09-16 14:14,C00060,SKU-1002,Wireless mouse,Peripherals,1,"Rs 2,600",0,United Kingdom,website
ORD-103361,2026-02-16 11:14,C00600,SKU-1004,HDMI cable 1.5m,Cables,1,"Rs 1,300",0,pakistan,marketplace
ORD-104279,2026-06-30 14:14,C00246,SKU-1006,Laptop stand,Accessories,2,"Rs 4,200",0,Saudi Arabia,marketplace
ORD-104600,2025-08-16 14:14,C00185,SKU-1010,65W GaN charger,Power,5,"Rs 3,900",5,PK,retail
ORD-101965,2025-09-13 09:14,C00150,SKU-1004,HDMI cable 1.5m,Cables,1,"Rs 1,300",0,United Kingdom,Website
ORD-101670,2025-04-02 14:14,C00435,SKU-1002,Wireless mouse,Peripherals,2,"Rs 2,600",5,UK,retail
ORD-100178,2025-08-12 07:14,,SKU-1001,Mechanical keyboard,Peripherals,2,,0,UAE,website
ORD-105694,2026-07-23 10:14,C00282,SKU-1006,Laptop stand,Accessories,1,"Rs 4,200",20,UAE,marketplace
ORD-104200,2025-11-24 07:14,C00470,SKU-1010,65W GaN charger,Power,1,"Rs 3,900",5,pakistan,retail
ORD-103893,2025-03-26 14:14,C00745,SKU-1002,Wireless mouse,Peripherals,1,"Rs 2,600",0,UAE,marketplace
ORD-101100,2026-02-09 11:14,C00021,SKU-1010,65W GaN charger,Power,2,"Rs 3,900",0,pakistan,website
ORD-105227,2026-05-26 11:14,C00289,SKU-1003,USB-C cable 2m,Cables,1,Rs 850,0,United Arab Emirates,marketplace
ORD-104120,2025-11-22 20:14,C00811,SKU-1008,1TB portable SSD,Storage,1,"Rs 13,500",0,United Arab Emirates,Website
ORD-103787,2025-11-10 10:14,C00682,SKU-1003,USB-C cable 2m,Cables,1,Rs 850,10,United Arab Emirates,marketplace
ORD-100053,2025-04-14 13:14,C00393,SKU-1007,Noise cancelling headset,Audio,2,"Rs 6,900",0,United Arab Emirates,marketplace
ORD-101981,2025-06-22 20:14,C00186,SKU-1001,Mechanical keyboard,Peripherals,1,"Rs 9,800",0,United Arab Emirates,retail
ORD-102359,2026-04-26 13:14,C00831,SKU-1004,HDMI cable 1.5m,Cables,2,"Rs 1,300",0,UAE,Website
ORD-100503,2026-02-06 11:14,C00017,SKU-1004,HDMI cable 1.5m,Cables,1,"Rs 1,300",0,Pakistan,marketplace
ORD-103474,2025-08-09 18:14,C00056,SKU-1009,Webcam 1080p,Video,2,"Rs 5,400",0,PK,Website
ORD-105017,2026-06-24 18:14,C00005,SKU-1004,HDMI cable 1.5m,Cables,1,"Rs 1,300",0,United Kingdom,retail
ORD-101005,2026-08-09 15:14,C00025,SKU-1007,Noise cancelling headset,Audio,1,"Rs 6,900",0,Saudi Arabia,marketplace
ORD-102221,2026-06-06 11:14,C00115,SKU-1009,Webcam 1080p,Video,1,"Rs 5,400",0,Saudi Arabia,marketplace
ORD-105840,2025-12-11 19:14,C00010,SKU-1010,65W GaN charger,Power,1,"Rs 3,900",0,UAE,marketplace
ORD-102062,2025-06-06 12:14,C00035,SKU-1009,Webcam 1080p,Video,1,"Rs 5,400",10,Saudi Arabia,Website
ORD-105394,16/08/2025,C00686,SKU-1010,65W GaN charger,Power,1,"Rs 3,900",0,UK,marketplace
ORD-101987,2025-04-12 09:14,C00033,SKU-1010,65W GaN charger,Power,1,"Rs 3,900",20,United Arab Emirates,Website
ORD-100001,2026-08-28 14:14,C00016,SKU-1010,65W GaN charger,Power,2,"Rs 3,900",0,pakistan,website
ORD-104436,2025-05-21 14:14,C00303,SKU-1005,24 inch monitor,Displays,1,"Rs 32,900",5,Saudi Arabia,Website
ORD-103987,2025-11-04 20:14,C00294,SKU-1004,HDMI cable 1.5m,Cables,1,"Rs 1,300",0,United Arab Emirates,marketplace
ORD-101939,2026-06-16 15:14,C00172,SKU-1006,Laptop stand,Accessories,2,"Rs 4,200",0,pakistan,retail
ORD-104828,2025-08-05 19:14,C00782,SKU-1003,USB-C cable 2m,Cables,2,Rs 850,0,United Arab Emirates,Website
ORD-102536,2025-11-02 07:14,C00732,SKU-1002,Wireless mouse,Peripherals,1,"Rs 2,600",0,pakistan,website
ORD-101957,2025-10-25 14:14,C00008,SKU-1010,65W GaN charger,Power,1,"Rs 3,900",0,United Arab Emirates,website
ORD-103628,2026-01-18 08:14,C00772,SKU-1002,Wireless mouse,Peripherals,1,"Rs 2,600",0,UAE,retail
ORD-105375,2025-10-15 17:14,C00325,SKU-1007,Noise cancelling headset,Audio,1,"Rs 6,900",0,United Arab Emirates,Website
ORD-105810,2025-10-15 12:14,C00047,SKU-1008,1TB portable SSD,Storage,1,"Rs 13,500",5,pakistan,marketplace
ORD-105649,2025-09-26 17:14,C00026,SKU-1010,65W GaN charger,Power,1,"Rs 3,900",0,Pakistan,retail
ORD-103460,2026-05-24 11:14,C00642,SKU-1008,1TB portable SSD,Storage,1,"Rs 13,500",0,UK,website
ORD-101017,2025-09-04 20:14,C00077,SKU-1009,Webcam 1080p,Video,2,"Rs 5,400",0,pakistan,Website
ORD-104341,2026-01-28 15:14,C00616,SKU-1006,Laptop stand,Accessories,1,"Rs 4,200",0,United Kingdom,marketplace
ORD-101519,2025-10-18 08:14,C00038,SKU-1005,24 inch monitor,Displays,2,,10,United Kingdom,website
ORD-102161,2026-04-25 08:14,C00038,SKU-1006,Laptop stand,Accessories,2,"Rs 4,200",0,United Arab Emirates,Website
ORD-100690,2026-02-24 08:14,C00247,SKU-1007,Noise cancelling headset,Audio,2,"Rs 6,900",10,UAE,website
ORD-100406,2026-07-09 20:14,C00136,SKU-1008,1TB portable SSD,Storage,3,"Rs 13,500",0,UK,marketplace
ORD-102245,2025-05-22 10:14,,SKU-1010,65W GaN charger,Power,1,"Rs 3,900",0,Pakistan,marketplace
ORD-103684,2026-01-10 12:14,C00594,SKU-1004,HDMI cable 1.5m,Cables,1,"Rs 1,300",5,Saudi Arabia,Website
ORD-103339,2026-03-17 14:14,C00004,SKU-1009,Webcam 1080p,Video,2,"Rs 5,400",0,Saudi Arabia,Website
ORD-103905,2025-06-04 18:14,C00021,SKU-1002,Wireless mouse,Peripherals,1,"Rs 2,600",0,United Arab Emirates,retail
ORD-103852,2025-03-24 13:14,,SKU-1008,1TB portable SSD,Storage,1,"Rs 13,500",5,Saudi Arabia,retail
ORD-100318,2026-08-25 15:14,C00812,SKU-1005,24 inch monitor,Displays,2,"Rs 32,900",0,UK,marketplace
ORD-103013,2025-03-26 12:14,C00879,SKU-1002,Wireless mouse,Peripherals,1,"Rs 2,600",0,pakistan,retail
ORD-104977,2025-05-06 09:14,C00570,SKU-1003,USB-C cable 2m,Cables,2,Rs 850,0,United Arab Emirates,retail
ORD-101712,2026-08-01 13:14,C00014,SKU-1001,Mechanical keyboard,Peripherals,1,"Rs 9,800",0,pakistan,retail
ORD-103883,2025-07-15 12:14,C00011,SKU-1004,HDMI cable 1.5m,Cables,1,"Rs 1,300",0,Pakistan,website
ORD-101046,2025-11-24 15:14,C00686,SKU-1010,65W GaN charger,Power,1,"Rs 3,900",0,PK,website
ORD-102387,16/06/2026,C00318,SKU-1007,Noise cancelling headset,Audio,1,"Rs 6,900",20,Pakistan,website
ORD-100973,2025-11-23 17:14,C00329,SKU-1003,USB-C cable 2m,Cables,1,Rs 850,0,Saudi Arabia,Website
ORD-103737,2026-08-26 15:14,C00653,SKU-1004,HDMI cable 1.5m,Cables,2,"Rs 1,300",0,UK,Website
ORD-103740,2026-01-18 08:14,C00057,SKU-1001,Mechanical keyboard,Peripherals,1,"Rs 9,800",0,United Kingdom,retail
ORD-100325,2026-06-21 19:14,C00790,SKU-1005,24 inch monitor,Displays,5,"Rs 32,900",0,UAE,retail
ORD-104004,2026-03-01 20:14,,SKU-1002,Wireless mouse,Peripherals,3,"Rs 2,600",0,Saudi Arabia,Website
ORD-103243,2025-04-29 12:14,C00047,SKU-1001,Mechanical keyboard,Peripherals,1,"Rs 9,800",0,Saudi Arabia,marketplace
ORD-102655,2026-05-29 11:14,C00017,SKU-1006,Laptop stand,Accessories,1,"Rs 4,200",5,United Arab Emirates,marketplace
ORD-104964,2025-08-25 17:14,C00532,SKU-1008,1TB portable SSD,Storage,2,"Rs 13,500",0,United Kingdom,website
ORD-101188,2025-07-01 19:14,C00058,SKU-1008,1TB portable SSD,Storage,-2,"Rs 13,500",10,Pakistan,retail
ORD-101647,2025-08-19 16:14,C00639,SKU-1005,24 inch monitor,Displays,1,"Rs 32,900",0,Pakistan,marketplace
ORD-101325,2025-04-15 14:14,C00574,SKU-1007,Noise cancelling headset,Audio,2,"Rs 6,900",0,United Kingdom,website
ORD-101129,2025-11-17 07:14,C00344,SKU-1001,Mechanical keyboard,Peripherals,1,"Rs 9,800",0,PK,retail
ORD-103123,2026-08-10 14:14,C00195,SKU-1008,1TB portable SSD,Storage,1,"Rs 13,500",0,UAE,marketplace
ORD-102827,2025-06-20 09:14,C00022,SKU-1010,65W GaN charger,Power,1,"Rs 3,900",0,UK,Website
ORD-105189,2026-03-24 18:14,C00776,SKU-1007,Noise cancelling headset,Audio,3,"Rs 6,900",0,Pakistan,retail
ORD-102992,2026-06-13 09:14,C00016,SKU-1010,65W GaN charger,Power,1,"Rs 3,900",0,UAE,Website
ORD-104267,2025-06-24 08:14,C00887,SKU-1004,HDMI cable 1.5m,Cables,3,"Rs 1,300",0,UK,retail
ORD-102482,2025-11-06 17:14,C00039,SKU-1005,24 inch monitor,Displays,2,"Rs 32,900",5,UAE,website
ORD-103477,2025-12-31 16:14,C00649,SKU-1003,USB-C cable 2m,Cables,1,Rs 850,0,United Arab Emirates,Website
ORD-102100,2025-05-28 18:14,C00148,SKU-1008,1TB portable SSD,Storage,1,"Rs 13,500",5,United Kingdom,Website
ORD-105663,2026-02-11 14:14,C00866,SKU-1003,USB-C cable 2m,Cables,2,Rs 850,0,United Kingdom,Website
ORD-104647,2025-05-07 09:14,C00027,SKU-1008,1TB portable SSD,Storage,1,"Rs 13,500",0,Pakistan,marketplace
ORD-104570,18/07/2026,C00293,SKU-1004,HDMI cable 1.5m,Cables,2,"Rs 1,300",0,Saudi Arabia,Website
ORD-105276,2025-05-31 09:14,C00513,SKU-1008,1TB portable SSD,Storage,1,"Rs 13,500",0,Saudi Arabia,Website
ORD-100627,2026-07-19 07:14,C00790,SKU-1005,24 inch monitor,Displays,1,"Rs 32,900",0,pakistan,website
ORD-102408,2026-03-03 11:14,C00057,SKU-1004,HDMI cable 1.5m,Cables,1,"Rs 1,300",0,United Arab Emirates,website
ORD-104042,2026-07-16 14:14,C00052,SKU-1002,Wireless mouse,Peripherals,1,"Rs 2,600",0,United Kingdom,retail
ORD-102838,2025-05-10 20:14,C00653,SKU-1003,USB-C cable 2m,Cables,2,Rs 850,0,UAE,website
ORD-100856,2025-05-04 15:14,C00276,SKU-1005,24 inch monitor,Displays,2,"Rs 32,900",0,pakistan,Website
ORD-105181,2026-07-20 19:14,C00746,SKU-1007,Noise cancelling headset,Audio,1,"Rs 6,900",0,UK,retail
ORD-102584,2025-09-29 19:14,C00139,SKU-1010,65W GaN charger,Power,1,"Rs 3,900",5,UK,website
ORD-101282,16/12/2025,C00560,SKU-1005,24 inch monitor,Displays,1,"Rs 32,900",5,PK,marketplace
ORD-105791,2025-11-29 08:14,C00265,SKU-1008,1TB portable SSD,Storage,2,"Rs 13,500",5,Saudi Arabia,Website
ORD-101787,2026-07-27 07:14,C00023,SKU-1007,Noise cancelling headset,Audio,3,"Rs 6,900",0,Pakistan,website
ORD-101702,2025-05-25 20:14,C00025,SKU-1005,24 inch monitor,Displays,1,"Rs 32,900",0,PK,website
ORD-100365,2025-10-29 19:14,,SKU-1006,Laptop stand,Accessories,2,"Rs 4,200",0,United Arab Emirates,Website
ORD-103218,2025-11-06 15:14,C00537,SKU-1006,Laptop stand,Accessories,2,"Rs 4,200",0,United Arab Emirates,Website
ORD-103533,2025-12-10 09:14,C00123,SKU-1001,Mechanical keyboard,Peripherals,1,"Rs 9,800",10,Pakistan,retail
ORD-101169,2025-05-16 08:14,,SKU-1007,Noise cancelling headset,Audio,1,"Rs 6,900",0,pakistan,Website
ORD-102174,2026-04-21 12:14,C00556,SKU-1006,Laptop stand,Accessories,2,"Rs 4,200",10,UK,website
ORD-103073,2025-09-02 11:14,C00034,SKU-1001,Mechanical keyboard,Peripherals,2,"Rs 9,800",0,pakistan,retail
ORD-100458,2026-08-26 07:14,,SKU-1001,Mechanical keyboard,Peripherals,1,"Rs 9,800",5,UK,website
ORD-102309,2025-09-01 17:14,C00151,SKU-1010,65W GaN charger,Power,1,"Rs 3,900",5,Pakistan,retail
ORD-101754,2026-01-19 17:14,C00017,SKU-1005,24 inch monitor,Displays,1,"Rs 32,900",10,United Kingdom,website
ORD-103164,2026-03-11 20:14,C00399,SKU-1002,Wireless mouse,Peripherals,1,"Rs 2,600",0,United Kingdom,website
ORD-102492,2026-08-27 14:14,,SKU-1007,Noise cancelling headset,Audio,1,"Rs 6,900",0,pakistan,retail
ORD-103445,2026-09-08 08:14,C00260,SKU-1003,USB-C cable 2m,Cables,1,Rs 850,10,PK,marketplace
ORD-105449,2025-05-09 11:14,C00004,SKU-1001,Mechanical keyboard,Peripherals,1,"Rs 9,800",0,Pakistan,retail
ORD-103325,2025-05-29 13:14,C00268,SKU-1003,USB-C cable 2m,Cables,1,Rs 850,0,UK,retail
ORD-104092,2026-01-05 09:14,C00866,SKU-1007,Noise cancelling headset,Audio,2,"Rs 6,900",10,United Arab Emirates,Website
ORD-101867,2025-03-28 10:14,C00042,SKU-1005,24 inch monitor,Displays,1,"Rs 32,900",5,Saudi Arabia,website
ORD-101223,2025-05-20 10:14,C00154,SKU-1003,USB-C cable 2m,Cables,1,Rs 850,5,United Arab Emirates,marketplace
ORD-103998,2026-08-12 15:14,C00311,SKU-1010,65W GaN charger,Power,2,"Rs 3,900",0,Pakistan,marketplace
ORD-102764,2025-12-17 08:14,C00041,SKU-1008,1TB portable SSD,Storage,5,"Rs 13,500",0,UK,retail
ORD-100521,04/07/2026,C00251,SKU-1002,Wireless mouse,Peripherals,1,"Rs 2,600",0,pakistan,marketplace
ORD-102340,2026-07-13 14:14,C00774,SKU-1010,65W GaN charger,Power,1,"Rs 3,900",0,PK,Website
ORD-101058,2026-05-06 13:14,C00829,SKU-1003,USB-C cable 2m,Cables,2,Rs 850,0,Saudi Arabia,website
ORD-101480,2026-07-07 10:14,C00007,SKU-1009,Webcam 1080p,Video,1,"Rs 5,400",5,United Arab Emirates,marketplace
ORD-101605,2025-07-08 13:14,,SKU-1003,USB-C cable 2m,Cables,1,Rs 850,0,pakistan,marketplace
ORD-102957,2026-03-13 11:14,C00599,SKU-1007,Noise cancelling headset,Audio,1,,0,Pakistan,website
ORD-102766,2025-03-23 13:14,C00006,SKU-1010,65W GaN charger,Power,1,"Rs 3,900",5,United Arab Emirates,website
ORD-102086,2025-06-04 11:14,C00813,SKU-1003,USB-C cable 2m,Cables,1,Rs 850,5,PK,Website
ORD-103094,2025-05-01 10:14,C00035,SKU-1005,24 inch monitor,Displays,1,"Rs 32,900",0,UAE,Website
ORD-103011,2026-05-25 20:14,C00028,SKU-1004,HDMI cable 1.5m,Cables,1,"Rs 1,300",0,UAE,Website
ORD-102832,2025-08-09 17:14,C00047,SKU-1010,65W GaN charger,Power,5,"Rs 3,900",0,pakistan,Website
ORD-100982,2026-05-18 16:14,C00049,SKU-1001,Mechanical keyboard,Peripherals,1,"Rs 9,800",0,UAE,marketplace
ORD-105372,2025-07-09 07:14,C00190,SKU-1001,Mechanical keyboard,Peripherals,3,"Rs 9,800",0,Saudi Arabia,retail
ORD-102592,2026-08-15 17:14,C00847,SKU-1002,Wireless mouse,Peripherals,1,"Rs 2,600",0,pakistan,website
ORD-100543,2025-06-20 17:14,C00870,SKU-1008,1TB portable SSD,Storage,1,"Rs 13,500",10,Saudi Arabia,website
ORD-100886,2026-07-01 20:14,C00494,SKU-1001,Mechanical keyboard,Peripherals,2,"Rs 9,800",0,Pakistan,retail
ORD-103135,2026-06-25 07:14,C00331,SKU-1007,Noise cancelling headset,Audio,2,"Rs 6,900",0,PK,retail
ORD-100248,06/12/2025,,SKU-1008,1TB portable SSD,Storage,2,"Rs 13,500",0,Pakistan,retail
ORD-101618,2025-03-29 10:14,C00019,SKU-1009,Webcam 1080p,Video,1,"Rs 5,400",0,United Kingdom,Website
ORD-101942,2025-05-26 18:14,C00872,SKU-1003,USB-C cable 2m,Cables,2,Rs 850,0,UK,retail
ORD-103876,2026-08-04 17:14,C00052,SKU-1004,HDMI cable 1.5m,Cables,1,"Rs 1,300",0,Pakistan,marketplace
ORD-102778,2025-04-13 07:14,C00045,SKU-1006,Laptop stand,Accessories,2,"Rs 4,200",10,PK,Website
ORD-104779,2025-03-24 20:14,C00026,SKU-1004,HDMI cable 1.5m,Cables,1,"Rs 1,300",5,UK,website
ORD-103650,2025-05-14 07:14,,SKU-1004,HDMI cable 1.5m,Cables,-2,"Rs 1,300",0,Pakistan,website
ORD-104124,2026-03-07 07:14,C00752,SKU-1005,24 inch monitor,Displays,2,"Rs 32,900",5,Pakistan,marketplace
ORD-104722,2025-10-08 20:14,C00133,SKU-1004,HDMI cable 1.5m,Cables,1,"Rs 1,300",0,UK,retail
ORD-105804,2026-09-05 09:14,C00100,SKU-1010,65W GaN charger,Power,1,"Rs 3,900",0,United Arab Emirates,website
ORD-102988,2026-06-22 15:14,C00887,SKU-1009,Webcam 1080p,Video,1,"Rs 5,400",0,United Arab Emirates,marketplace
ORD-105308,2025-05-15 17:14,C00566,SKU-1001,Mechanical keyboard,Peripherals,1,"Rs 9,800",0,Pakistan,website
ORD-102507,2026-05-23 12:14,C00261,SKU-1007,Noise cancelling headset,Audio,1,"Rs 6,900",10,Saudi Arabia,retail
ORD-104916,2025-12-30 16:14,C00643,SKU-1004,HDMI cable 1.5m,Cables,1,"Rs 1,300",5,pakistan,retail
ORD-101482,2026-05-24 08:14,C00084,SKU-1004,HDMI cable 1.5m,Cables,1,"Rs 1,300",0,United Arab Emirates,marketplace
ORD-102550,2025-12-03 16:14,C00131,SKU-1009,Webcam 1080p,Video,1,"Rs 5,400",0,United Arab Emirates,marketplace
ORD-101997,2026-01-09 20:14,C00867,SKU-1008,1TB portable SSD,Storage,1,"Rs 13,500",20,PK,marketplace
ORD-104306,2026-02-05 15:14,C00507,SKU-1003,USB-C cable 2m,Cables,1,Rs 850,0,UK,marketplace
ORD-102984,2025-11-12 12:14,C00224,SKU-1005,24 inch monitor,Displays,1,"Rs 32,900",20,Pakistan,marketplace
ORD-103956,2026-04-13 15:14,C00785,SKU-1003,USB-C cable 2m,Cables,1,Rs 850,5,PK,website
ORD-103375,2026-01-04 12:14,C00039,SKU-1009,Webcam 1080p,Video,2,"Rs 5,400",0,Pakistan,Website
ORD-105962,2025-07-18 09:14,C00002,SKU-1007,Noise cancelling headset,Audio,1,"Rs 6,900",0,pakistan,website
ORD-101805,2026-05-18 09:14,C00482,SKU-1006,Laptop stand,Accessories,1,"Rs 4,200",10,Saudi Arabia,website
ORD-100337,2026-05-12 10:14,C00014,SKU-1008,1TB portable SSD,Storage,3,"Rs 13,500",0,Saudi Arabia,Website
ORD-105788,2025-12-19 12:14,C00486,SKU-1003,USB-C cable 2m,Cables,1,Rs 850,5,Saudi Arabia,Website
ORD-100970,2025-12-23 08:14,C00161,SKU-1004,HDMI cable 1.5m,Cables,2,"Rs 1,300",0,pakistan,marketplace
ORD-103526,05/07/2025,C00075,SKU-1010,65W GaN charger,Power,1,"Rs 3,900",0,Pakistan,retail
ORD-104351,2025-07-25 19:14,C00177,SKU-1008,1TB portable SSD,Storage,1,"Rs 13,500",0,United Arab Emirates,website
ORD-102910,07/09/2025,C00502,SKU-1002,Wireless mouse,Peripherals,1,"Rs 2,600",0,United Kingdom,Website
ORD-105897,2025-12-18 19:14,C00057,SKU-1006,Laptop stand,Accessories,2,"Rs 4,200",5,pakistan,marketplace
ORD-103837,2026-06-29 12:14,C00057,SKU-1008,1TB portable SSD,Storage,3,"Rs 13,500",10,PK,Website
ORD-103590,2025-07-07 14:14,C00145,SKU-1008,1TB portable SSD,Storage,5,"Rs 13,500",0,UK,website
ORD-105708,2026-01-20 16:14,C00813,SKU-1010,65W GaN charger,Power,1,"Rs 3,900",10,Saudi Arabia,retail
ORD-102478,2025-03-26 08:14,C00512,SKU-1008,1TB portable SSD,Storage,2,"Rs 13,500",0,United Arab Emirates,website
ORD-104110,2026-04-01 19:14,C00570,SKU-1010,65W GaN charger,Power,2,"Rs 3,900",0,PK,retail
ORD-100651,14/11/2025,C00765,SKU-1004,HDMI cable 1.5m,Cables,1,"Rs 1,300",0,United Arab Emirates,website
ORD-100242,2026-03-06 08:14,C00448,SKU-1010,65W GaN charger,Power,1,"Rs 3,900",0,United Arab Emirates,website
ORD-104822,2025-09-13 20:14,C00394,SKU-1007,Noise cancelling headset,Audio,1,"Rs 6,900",0,UK,Website
ORD-100508,2026-03-24 15:14,C00163,SKU-1005,24 inch monitor,Displays,1,"Rs 32,900",5,UAE,Website
ORD-104342,2026-08-03 20:14,C00013,SKU-1002,Wireless mouse,Peripherals,2,"Rs 2,600",0,United Arab Emirates,Website
ORD-101295,2026-05-25 20:14,C00019,SKU-1003,USB-C cable 2m,Cables,1,Rs 850,10,PK,Website
ORD-104308,2026-07-29 17:14,C00486,SKU-1008,1TB portable SSD,Storage,2,"Rs 13,500",0,UK,retail
ORD-100920,2026-06-20 18:14,C00019,SKU-1007,Noise cancelling headset,Audio,5,"Rs 6,900",0,United Arab Emirates,website
ORD-104577,2026-02-21 17:14,C00257,SKU-1002,Wireless mouse,Peripherals,1,"Rs 2,600",0,UAE,website
ORD-102383,2025-07-31 14:14,C00514,SKU-1009,Webcam 1080p,Video,2,"Rs 5,400",20,UK,Website
ORD-100103,2025-04-08 16:14,,SKU-1008,1TB portable SSD,Storage,3,"Rs 13,500",0,PK,retail
ORD-102168,2025-08-10 17:14,C00576,SKU-1001,Mechanical keyboard,Peripherals,2,"Rs 9,800",5,Saudi Arabia,marketplace
ORD-100526,2026-03-16 16:14,C00391,SKU-1006,Laptop stand,Accessories,1,"Rs 4,200",10,UAE,retail
ORD-102404,2025-12-29 09:14,C00207,SKU-1009,Webcam 1080p,Video,2,"Rs 5,400",0,UAE,retail
ORD-102260,2025-10-11 14:14,C00780,SKU-1004,HDMI cable 1.5m,Cables,1,"Rs 1,300",0,Pakistan,marketplace
ORD-103689,2026-04-17 10:14,C00167,SKU-1005,24 inch monitor,Displays,1,"Rs 32,900",0,UAE,retail
ORD-100962,2025-10-25 12:14,,SKU-1007,Noise cancelling headset,Audio,2,"Rs 6,900",0,UK,Website
ORD-104648,2025-12-24 15:14,C00393,SKU-1009,Webcam 1080p,Video,2,"Rs 5,400",5,United Arab Emirates,website
ORD-102294,01/10/2025,C00011,SKU-1003,USB-C cable 2m,Cables,2,Rs 850,20,Pakistan,Website
ORD-104623,2025-06-18 11:14,C00013,SKU-1004,HDMI cable 1.5m,Cables,2,"Rs 1,300",0,pakistan,Website
ORD-104119,2025-04-30 11:14,C00309,SKU-1004,HDMI cable 1.5m,Cables,1,"Rs 1,300",5,PK,marketplace
ORD-102288,2026-01-18 19:14,C00807,SKU-1002,Wireless mouse,Peripherals,1,"Rs 2,600",0,Saudi Arabia,marketplace
ORD-103415,2026-07-08 07:14,C00009,SKU-1002,Wireless mouse,Peripherals,2,"Rs 2,600",20,United Kingdom,marketplace
ORD-105102,2026-02-13 18:14,C00871,SKU-1008,1TB portable SSD,Storage,1,"Rs 13,500",5,UK,retail
ORD-102240,2026-01-21 18:14,C00297,SKU-1004,HDMI cable 1.5m,Cables,1,"Rs 1,300",20,PK,Website
ORD-105201,2025-07-07 11:14,C00386,SKU-1005,24 inch monitor,Displays,-1,"Rs 32,900",20,United Kingdom,Website
ORD-101065,2025-03-25 20:14,,SKU-1006,Laptop stand,Accessories,3,,0,Saudi Arabia,Website
ORD-102262,2026-02-21 15:14,C00163,SKU-1005,24 inch monitor,Displays,5,"Rs 32,900",5,PK,marketplace
ORD-104054,2025-10-23 11:14,C00024,SKU-1004,HDMI cable 1.5m,Cables,1,"Rs 1,300",5,United Arab Emirates,retail
ORD-103266,2025-12-02 13:14,C00503,SKU-1004,HDMI cable 1.5m,Cables,1,"Rs 1,300",10,Pakistan,retail
ORD-101973,29/04/2025,C00757,SKU-1003,USB-C cable 2m,Cables,1,Rs 850,20,UAE,Website
ORD-105730,23/07/2025,C00020,SKU-1007,Noise cancelling headset,Audio,2,"Rs 6,900",0,UK,retail
ORD-102518,2025-11-05 13:14,C00243,SKU-1010,65W GaN charger,Power,1,"Rs 3,900",0,Saudi Arabia,website
ORD-101068,2025-06-23 12:14,C00792,SKU-1010,65W GaN charger,Power,1,"Rs 3,900",0,United Kingdom,website
ORD-103399,2025-03-27 17:14,C00257,SKU-1001,Mechanical keyboard,Peripherals,1,,0,UAE,marketplace
ORD-100110,2026-09-01 15:14,C00597,SKU-1001,Mechanical keyboard,Peripherals,1,"Rs 9,800",0,PK,marketplace
ORD-100306,2025-09-01 14:14,C00057,SKU-1004,HDMI cable 1.5m,Cables,3,"Rs 1,300",10,PK,retail
ORD-104084,2026-05-28 15:14,C00307,SKU-1001,Mechanical keyboard,Peripherals,1,"Rs 9,800",0,UAE,marketplace
ORD-104449,2026-08-16 19:14,C00250,SKU-1003,USB-C cable 2m,Cables,1,Rs 850,0,United Kingdom,marketplace
ORD-101595,2026-04-16 07:14,C00192,SKU-1006,Laptop stand,Accessories,5,"Rs 4,200",10,United Kingdom,website
ORD-102927,2025-11-26 17:14,C00001,SKU-1004,HDMI cable 1.5m,Cables,1,"Rs 1,300",0,United Kingdom,marketplace
ORD-105797,2025-12-06 10:14,C00878,SKU-1003,USB-C cable 2m,Cables,2,Rs 850,0,Pakistan,marketplace
ORD-102141,2025-10-11 07:14,C00820,SKU-1004,HDMI cable 1.5m,Cables,1,"Rs 1,300",0,PK,Website
ORD-105573,2025-07-22 20:14,C00370,SKU-1006,Laptop stand,Accessories,1,"Rs 4,200",0,Pakistan,marketplace
ORD-101294,2025-06-06 20:14,C00749,SKU-1005,24 inch monitor,Displays,5,"Rs 32,900",5,Pakistan,Website
ORD-103424,2026-04-24 09:14,,SKU-1009,Webcam 1080p,Video,1,"Rs 5,400",5,PK,marketplace
ORD-100137,2026-05-26 07:14,C00049,SKU-1006,Laptop stand,Accessories,3,"Rs 4,200",0,UK,Website
ORD-102146,2025-05-25 08:14,C00800,SKU-1006,Laptop stand,Accessories,1,"Rs 4,200",0,United Arab Emirates,marketplace
ORD-104076,2025-11-07 18:14,C00301,SKU-1007,Noise cancelling headset,Audio,1,"Rs 6,900",20,UAE,retail
ORD-103515,2026-08-05 19:14,C00363,SKU-1005,24 inch monitor,Displays,3,"Rs 32,900",0,Saudi Arabia,website
ORD-105846,2025-11-17 10:14,C00102,SKU-1009,Webcam 1080p,Video,1,"Rs 5,400",0,United Arab Emirates,Website
ORD-101810,2025-05-12 08:14,C00644,SKU-1006,Laptop stand,Accessories,2,"Rs 4,200",0,PK,retail
ORD-101243,2026-04-29 18:14,C00036,SKU-1006,Laptop stand,Accessories,1,"Rs 4,200",0,Pakistan,Website
ORD-100090,2025-07-20 12:14,,SKU-1008,1TB portable SSD,Storage,-1,"Rs 13,500",10,UAE,Website
ORD-105346,2025-10-20 14:14,C00038,SKU-1010,65W GaN charger,Power,1,"Rs 3,900",0,Pakistan,website
ORD-100372,2026-05-19 20:14,,SKU-1007,Noise cancelling headset,Audio,1,"Rs 6,900",0,United Arab Emirates,retail
ORD-105874,2026-06-27 09:14,C00814,SKU-1006,Laptop stand,Accessories,3,"Rs 4,200",0,UAE,retail
ORD-104705,2026-06-30 19:14,C00067,SKU-1003,USB-C cable 2m,Cables,1,Rs 850,0,United Kingdom,website
ORD-104565,2026-02-20 12:14,C00267,SKU-1007,Noise cancelling headset,Audio,3,"Rs 6,900",20,PK,retail
ORD-102500,2026-04-04 16:14,C00506,SKU-1006,Laptop stand,Accessories,2,"Rs 4,200",0,United Kingdom,website
ORD-102460,2025-08-08 15:14,C00256,SKU-1006,Laptop stand,Accessories,2,"Rs 4,200",0,pakistan,marketplace
ORD-100613,2025-10-19 13:14,,SKU-1008,1TB portable SSD,Storage,1,"Rs 13,500",0,Pakistan,marketplace
ORD-105600,2025-05-06 10:14,C00299,SKU-1001,Mechanical keyboard,Peripherals,1,"Rs 9,800",5,UAE,website
ORD-104345,2025-06-12 15:14,C00147,SKU-1009,Webcam 1080p,Video,1,"Rs 5,400",5,UK,website
ORD-104081,2026-02-21 18:14,C00433,SKU-1008,1TB portable SSD,Storage,2,"Rs 13,500",0,United Arab Emirates,retail
ORD-103845,2026-07-29 10:14,C00048,SKU-1010,65W GaN charger,Power,1,"Rs 3,900",0,UK,retail
ORD-104189,2026-09-10 10:14,C00033,SKU-1002,Wireless mouse,Peripherals,1,"Rs 2,600",0,UK,retail
ORD-103228,2025-07-10 09:14,C00170,SKU-1007,Noise cancelling headset,Audio,5,"Rs 6,900",5,United Kingdom,retail
ORD-102707,2026-04-17 10:14,C00520,SKU-1008,1TB portable SSD,Storage,3,"Rs 13,500",10,United Kingdom,Website
ORD-102248,2026-05-13 17:14,C00285,SKU-1004,HDMI cable 1.5m,Cables,1,"Rs 1,300",0,United Arab Emirates,marketplace
ORD-103117,2026-08-24 14:14,C00606,SKU-1005,24 inch monitor,Displays,1,"Rs 32,900",0,PK,retail
ORD-101234,2026-02-01 09:14,C00008,SKU-1004,HDMI cable 1.5m,Cables,1,"Rs 1,300",20,pakistan,Website
ORD-100308,2026-04-07 18:14,C00025,SKU-1002,Wireless mouse,Peripherals,3,"Rs 2,600",10,PK,retail
ORD-101413,2025-12-06 08:14,C00510,SKU-1007,Noise cancelling headset,Audio,1,"Rs 6,900",5,UAE,Website
ORD-104163,2025-05-30 17:14,C00693,SKU-1008,1TB portable SSD,Storage,3,"Rs 13,500",0,UAE,website
ORD-103483,2026-03-05 18:14,,SKU-1001,Mechanical keyboard,Peripherals,2,"Rs 9,800",0,PK,website
ORD-103281,2025-12-05 15:14,C00685,SKU-1005,24 inch monitor,Displays,2,"Rs 32,900",5,Pakistan,marketplace
ORD-102994,2025-08-24 12:14,C00712,SKU-1006,Laptop stand,Accessories,1,"Rs 4,200",0,pakistan,marketplace
ORD-101074,2025-08-31 10:14,,SKU-1002,Wireless mouse,Peripherals,1,"Rs 2,600",10,United Arab Emirates,Website
ORD-104272,2026-03-10 17:14,C00052,SKU-1006,Laptop stand,Accessories,1,"Rs 4,200",0,UAE,website
ORD-105138,2025-11-14 13:14,C00056,SKU-1009,Webcam 1080p,Video,2,"Rs 5,400",0,PK,retail
ORD-101401,2026-03-27 19:14,C00053,SKU-1010,65W GaN charger,Power,1,"Rs 3,900",5,UK,retail
ORD-100082,2025-12-01 15:14,C00007,SKU-1004,HDMI cable 1.5m,Cables,2,"Rs 1,300",0,UAE,retail
ORD-100964,2026-06-05 14:14,C00704,SKU-1003,USB-C cable 2m,Cables,2,Rs 850,0,United Arab Emirates,retail
ORD-103489,2026-08-13 12:14,C00221,SKU-1002,Wireless mouse,Peripherals,1,"Rs 2,600",0,pakistan,retail
ORD-105766,2026-02-08 14:14,C00731,SKU-1006,Laptop stand,Accessories,5,"Rs 4,200",0,UK,Website
ORD-104368,2025-06-14 11:14,C00446,SKU-1007,Noise cancelling headset,Audio,3,"Rs 6,900",0,PK,marketplace
ORD-103950,2026-06-18 14:14,C00839,SKU-1001,Mechanical keyboard,Peripherals,1,"Rs 9,800",0,Pakistan,website
ORD-104384,2025-09-21 13:14,,SKU-1006,Laptop stand,Accessories,-1,"Rs 4,200",0,UAE,Website
ORD-101940,2025-10-01 10:14,C00191,SKU-1005,24 inch monitor,Displays,-1,"Rs 32,900",5,Saudi Arabia,Website
ORD-100913,2026-05-18 19:14,C00040,SKU-1002,Wireless mouse,Peripherals,1,"Rs 2,600",0,PK,marketplace
ORD-104709,2025-10-07 11:14,C00128,SKU-1010,65W GaN charger,Power,1,"Rs 3,900",20,pakistan,marketplace
ORD-104115,2025-12-25 20:14,C00112,SKU-1003,USB-C cable 2m,Cables,1,Rs 850,0,United Kingdom,marketplace
ORD-101317,2025-05-09 14:14,C00777,SKU-1003,USB-C cable 2m,Cables,1,Rs 850,0,Pakistan,retail
ORD-104095,2025-11-02 13:14,C00041,SKU-1002,Wireless mouse,Peripherals,1,"Rs 2,600",0,PK,website
ORD-101456,2025-10-08 07:14,C00024,SKU-1008,1TB portable SSD,Storage,1,"Rs 13,500",0,UK,website
ORD-104118,2026-04-25 12:14,C00311,SKU-1007,Noise cancelling headset,Audio,2,"Rs 6,900",0,PK,website
ORD-100219,2026-05-14 19:14,C00012,SKU-1003,USB-C cable 2m,Cables,2,Rs 850,0,United Kingdom,marketplace
ORD-103509,2026-07-30 14:14,C00056,SKU-1001,Mechanical keyboard,Peripherals,1,"Rs 9,800",5,United Arab Emirates,Website
ORD-102759,2025-06-20 12:14,,SKU-1002,Wireless mouse,Peripherals,1,"Rs 2,600",0,United Kingdom,marketplace
ORD-104902,2025-11-19 12:14,C00059,SKU-1003,USB-C cable 2m,Cables,1,Rs 850,0,United Arab Emirates,website
ORD-100961,2025-11-06 15:14,,SKU-1002,Wireless mouse,Peripherals,1,"Rs 2,600",0,United Kingdom,Website
ORD-104230,2026-08-26 13:14,C00663,SKU-1002,Wireless mouse,Peripherals,2,"Rs 2,600",5,United Kingdom,marketplace
ORD-103196,2025-09-18 16:14,C00809,SKU-1008,1TB portable SSD,Storage,1,"Rs 13,500",10,pakistan,Website
ORD-102632,2026-03-19 19:14,C00026,SKU-1010,65W GaN charger,Power,1,"Rs 3,900",10,UK,website
ORD-104141,2025-09-11 12:14,C00010,SKU-1010,65W GaN charger,Power,1,"Rs 3,900",0,PK,website
ORD-104390,2025-09-19 20:14,C00039,SKU-1002,Wireless mouse,Peripherals,2,"Rs 2,600",0,United Kingdom,marketplace
ORD-102760,2026-06-22 19:14,C00022,SKU-1009,Webcam 1080p,Video,1,"Rs 5,400",0,UK,Website
ORD-104083,2025-04-07 10:14,C00313,SKU-1006,Laptop stand,Accessories,2,"Rs 4,200",0,Saudi Arabia,Website
ORD-104201,2025-05-02 07:14,C00018,SKU-1006,Laptop stand,Accessories,1,"Rs 4,200",0,Saudi Arabia,retail
ORD-100863,2025-11-27 11:14,C00051,SKU-1001,Mechanical keyboard,Peripherals,1,"Rs 9,800",0,Pakistan,Website
ORD-104823,2026-02-13 18:14,C00015,SKU-1007,Noise cancelling headset,Audio,1,"Rs 6,900",0,Pakistan,marketplace
ORD-103051,09/08/2025,C00245,SKU-1009,Webcam 1080p,Video,2,"Rs 5,400",0,PK,website
ORD-100220,2026-03-22 15:14,,SKU-1001,Mechanical keyboard,Peripherals,1,"Rs 9,800",0,Pakistan,marketplace
ORD-104421,2026-06-14 18:14,C00519,SKU-1008,1TB portable SSD,Storage,1,"Rs 13,500",0,UAE,Website
ORD-102314,2026-01-26 13:14,C00495,SKU-1008,1TB portable SSD,Storage,1,"Rs 13,500",10,United Kingdom,Website
ORD-102060,2025-06-01 12:14,C00461,SKU-1006,Laptop stand,Accessories,1,"Rs 4,200",0,UAE,Website
ORD-101588,2026-09-06 11:14,C00642,SKU-1001,Mechanical keyboard,Peripherals,3,"Rs 9,800",0,pakistan,marketplace
ORD-101450,2025-07-22 09:14,C00269,SKU-1007,Noise cancelling headset,Audio,1,"Rs 6,900",0,PK,Website
ORD-100326,2025-09-18 08:14,,SKU-1008,1TB portable SSD,Storage,1,"Rs 13,500",10,Pakistan,retail
ORD-101290,2025-07-22 07:14,C00046,SKU-1007,Noise cancelling headset,Audio,1,"Rs 6,900",0,PK,retail
ORD-104619,2025-09-12 18:14,C00028,SKU-1002,Wireless mouse,Peripherals,2,"Rs 2,600",0,Saudi Arabia,marketplace
ORD-100756,2025-05-31 12:14,C00027,SKU-1010,65W GaN charger,Power,-2,"Rs 3,900",0,UAE,retail
ORD-102459,2025-09-02 13:14,C00528,SKU-1009,Webcam 1080p,Video,1,"Rs 5,400",0,UK,marketplace
ORD-104462,2026-01-29 12:14,C00852,SKU-1009,Webcam 1080p,Video,1,"Rs 5,400",0,UK,website
ORD-100047,2025-10-13 13:14,C00001,SKU-1009,Webcam 1080p,Video,1,"Rs 5,400",0,Pakistan,Website
ORD-104036,07/04/2026,C00555,SKU-1010,65W GaN charger,Power,1,"Rs 3,900",0,pakistan,website
ORD-101530,2025-05-06 19:14,C00814,SKU-1005,24 inch monitor,Displays,1,"Rs 32,900",0,United Kingdom,Website
ORD-101826,2025-08-14 20:14,C00011,SKU-1010,65W GaN charger,Power,2,"Rs 3,900",0,PK,website
ORD-102265,2025-10-12 09:14,C00031,SKU-1008,1TB portable SSD,Storage,2,"Rs 13,500",5,Saudi Arabia,marketplace
ORD-105004,2025-09-15 11:14,C00107,SKU-1007,Noise cancelling headset,Audio,5,"Rs 6,900",0,Pakistan,website
ORD-104620,2025-09-09 08:14,C00478,SKU-1008,1TB portable SSD,Storage,1,"Rs 13,500",0,United Arab Emirates,website
ORD-104745,2026-01-04 20:14,C00504,SKU-1009,Webcam 1080p,Video,3,"Rs 5,400",0,United Arab Emirates,website
ORD-102293,2025-09-18 10:14,C00304,SKU-1005,24 inch monitor,Displays,1,"Rs 32,900",10,PK,marketplace
ORD-101549,2026-01-06 14:14,C00408,SKU-1007,Noise cancelling headset,Audio,1,"Rs 6,900",5,United Arab Emirates,website
ORD-105705,2025-06-27 17:14,C00869,SKU-1003,USB-C cable 2m,Cables,1,Rs 850,0,United Kingdom,retail
ORD-102215,2026-04-13 18:14,C00363,SKU-1006,Laptop stand,Accessories,1,"Rs 4,200",0,United Arab Emirates,retail
ORD-105016,2025-10-31 17:14,C00610,SKU-1009,Webcam 1080p,Video,1,"Rs 5,400",0,UAE,Website
ORD-103705,2026-02-08 17:14,C00863,SKU-1001,Mechanical keyboard,Peripherals,1,"Rs 9,800",0,Pakistan,marketplace
ORD-100431,2025-12-21 19:14,,SKU-1003,USB-C cable 2m,Cables,2,Rs 850,0,UAE,Website
ORD-104815,2025-10-13 19:14,C00506,SKU-1008,1TB portable SSD,Storage,2,"Rs 13,500",0,United Kingdom,retail
ORD-104708,2026-07-07 14:14,C00848,SKU-1004,HDMI cable 1.5m,Cables,2,"Rs 1,300",0,Pakistan,marketplace
ORD-104597,2026-06-18 09:14,C00684,SKU-1001,Mechanical keyboard,Peripherals,3,"Rs 9,800",0,United Arab Emirates,retail
ORD-104058,2025-05-26 20:14,C00059,SKU-1001,Mechanical keyboard,Peripherals,1,"Rs 9,800",0,United Arab Emirates,marketplace
ORD-103907,2025-11-05 10:14,C00769,SKU-1007,Noise cancelling headset,Audio,1,"Rs 6,900",0,UK,website
ORD-103929,2026-08-07 12:14,C00663,SKU-1008,1TB portable SSD,Storage,2,"Rs 13,500",0,pakistan,retail
ORD-103045,2025-05-14 20:14,C00014,SKU-1004,HDMI cable 1.5m,Cables,2,"Rs 1,300",0,PK,marketplace
ORD-100655,2025-05-22 08:14,C00655,SKU-1007,Noise cancelling headset,Audio,1,"Rs 6,900",0,Pakistan,retail
ORD-104469,2025-04-02 08:14,C00846,SKU-1003,USB-C cable 2m,Cables,2,Rs 850,0,UK,website
ORD-105525,2025-05-21 08:14,C00626,SKU-1005,24 inch monitor,Displays,1,"Rs 32,900",0,Saudi Arabia,marketplace
ORD-103960,2025-11-13 14:14,C00376,SKU-1009,Webcam 1080p,Video,1,"Rs 5,400",5,United Arab Emirates,website
ORD-101330,2026-04-17 09:14,C00769,SKU-1004,HDMI cable 1.5m,Cables,2,"Rs 1,300",0,pakistan,Website
ORD-100812,2025-06-05 20:14,C00056,SKU-1005,24 inch monitor,Displays,1,"Rs 32,900",0,United Kingdom,Website
ORD-101864,23/06/2025,C00437,SKU-1004,HDMI cable 1.5m,Cables,1,"Rs 1,300",5,PK,retail
ORD-105758,2025-07-23 14:14,C00659,SKU-1010,65W GaN charger,Power,2,"Rs 3,900",0,pakistan,website
ORD-104703,2025-05-04 08:14,C00881,SKU-1004,HDMI cable 1.5m,Cables,3,"Rs 1,300",0,pakistan,Website
ORD-100709,2026-05-06 15:14,C00731,SKU-1007,Noise cancelling headset,Audio,5,"Rs 6,900",0,pakistan,retail
ORD-100457,2026-07-04 11:14,C00355,SKU-1008,1TB portable SSD,Storage,1,"Rs 13,500",0,pakistan,Website
ORD-103877,2026-07-06 13:14,C00044,SKU-1006,Laptop stand,Accessories,1,"Rs 4,200",10,Saudi Arabia,Website
ORD-103703,2025-09-04 07:14,C00401,SKU-1001,Mechanical keyboard,Peripherals,1,"Rs 9,800",0,PK,website
ORD-102708,2026-03-24 13:14,,SKU-1003,USB-C cable 2m,Cables,3,Rs 850,5,UAE,website
ORD-105517,2026-06-10 20:14,C00172,SKU-1002,Wireless mouse,Peripherals,1,"Rs 2,600",5,UAE,Website
ORD-105947,2026-08-12 11:14,C00576,SKU-1009,Webcam 1080p,Video,1,"Rs 5,400",20,Saudi Arabia,marketplace
ORD-101952,2025-06-26 14:14,C00565,SKU-1010,65W GaN charger,Power,1,"Rs 3,900",0,Saudi Arabia,retail
ORD-103345,2026-03-16 13:14,C00588,SKU-1003,USB-C cable 2m,Cables,1,Rs 850,0,PK,website
ORD-104385,2025-04-11 11:14,C00100,SKU-1006,Laptop stand,Accessories,2,"Rs 4,200",0,United Kingdom,website
ORD-101256,2026-07-20 11:14,C00038,SKU-1010,65W GaN charger,Power,1,"Rs 3,900",0,United Arab Emirates,Website
ORD-101576,2025-07-21 09:14,C00853,SKU-1007,Noise cancelling headset,Audio,1,"Rs 6,900",0,UAE,marketplace
ORD-103648,2026-05-25 12:14,C00010,SKU-1003,USB-C cable 2m,Cables,2,Rs 850,0,UAE,website
ORD-103662,2025-08-20 08:14,C00678,SKU-1010,65W GaN charger,Power,1,"Rs 3,900",0,pakistan,retail
ORD-104772,2025-07-07 07:14,C00533,SKU-1007,Noise cancelling headset,Audio,2,"Rs 6,900",0,UK,website
ORD-102017,2026-03-06 18:14,C00262,SKU-1009,Webcam 1080p,Video,1,"Rs 5,400",0,pakistan,Website
ORD-101611,2025-11-27 10:14,C00050,SKU-1005,24 inch monitor,Displays,1,"Rs 32,900",0,PK,website
ORD-100553,2025-04-25 17:14,,SKU-1010,65W GaN charger,Power,-1,"Rs 3,900",0,pakistan,Website
ORD-101822,2026-06-15 16:14,C00570,SKU-1004,HDMI cable 1.5m,Cables,1,"Rs 1,300",0,UK,retail
ORD-103528,2026-07-06 07:14,,SKU-1005,24 inch monitor,Displays,1,"Rs 32,900",0,Saudi Arabia,website
ORD-102506,04/01/2026,C00843,SKU-1009,Webcam 1080p,Video,1,"Rs 5,400",10,Saudi Arabia,website
ORD-104324,2026-02-19 09:14,C00273,SKU-1010,65W GaN charger,Power,3,"Rs 3,900",0,Pakistan,marketplace
ORD-100909,2025-12-25 20:14,C00018,SKU-1006,Laptop stand,Accessories,1,"Rs 4,200",0,Pakistan,retail
ORD-103089,2025-07-12 11:14,C00009,SKU-1002,Wireless mouse,Peripherals,2,"Rs 2,600",20,United Kingdom,retail
ORD-101419,2026-04-18 09:14,,SKU-1002,Wireless mouse,Peripherals,1,"Rs 2,600",0,United Arab Emirates,website
ORD-101021,2025-10-20 07:14,C00294,SKU-1004,HDMI cable 1.5m,Cables,3,"Rs 1,300",0,pakistan,marketplace
ORD-103849,2025-10-22 18:14,,SKU-1010,65W GaN charger,Power,1,"Rs 3,900",5,United Arab Emirates,Website
ORD-104911,2025-06-05 11:14,,SKU-1007,Noise cancelling headset,Audio,1,"Rs 6,900",0,Saudi Arabia,retail
ORD-105613,2026-03-16 14:14,C00513,SKU-1005,24 inch monitor,Displays,1,"Rs 32,900",20,PK,retail
ORD-101151,2026-03-13 10:14,C00056,SKU-1007,Noise cancelling headset,Audio,3,"Rs 6,900",0,PK,Website
ORD-101336,2026-05-05 18:14,C00390,SKU-1010,65W GaN charger,Power,2,"Rs 3,900",0,United Kingdom,marketplace
ORD-100077,2025-08-16 20:14,C00019,SKU-1004,HDMI cable 1.5m,Cables,-1,"Rs 1,300",0,Saudi Arabia,website
ORD-105856,2025-06-30 08:14,C00016,SKU-1002,Wireless mouse,Peripherals,1,"Rs 2,600",0,UK,retail
ORD-101084,2025-08-04 12:14,C00206,SKU-1009,Webcam 1080p,Video,1,"Rs 5,400",5,Saudi Arabia,retail
ORD-100637,2025-09-29 14:14,C00042,SKU-1003,USB-C cable 2m,Cables,3,Rs 850,0,United Arab Emirates,website
ORD-104232,2026-05-19 17:14,C00060,SKU-1006,Laptop stand,Accessories,1,"Rs 4,200",0,UAE,retail
ORD-103363,2025-11-20 18:14,C00012,SKU-1009,Webcam 1080p,Video,1,"Rs 5,400",0,United Arab Emirates,website
ORD-101443,2025-04-02 12:14,C00052,SKU-1005,24 inch monitor,Displays,2,"Rs 32,900",0,United Arab Emirates,Website
ORD-100687,2025-06-27 10:14,C00034,SKU-1002,Wireless mouse,Peripherals,1,"Rs 2,600",0,pakistan,marketplace
ORD-102868,2025-10-03 10:14,C00047,SKU-1004,HDMI cable 1.5m,Cables,1,"Rs 1,300",0,Saudi Arabia,retail
ORD-105299,2026-02-19 07:14,C00845,SKU-1005,24 inch monitor,Displays,1,"Rs 32,900",5,pakistan,marketplace
ORD-104561,2026-03-13 17:14,C00459,SKU-1007,Noise cancelling headset,Audio,1,"Rs 6,900",0,Saudi Arabia,website
ORD-101567,20/03/2026,C00036,SKU-1005,24 inch monitor,Displays,2,"Rs 32,900",0,Saudi Arabia,marketplace
ORD-104809,2025-06-05 10:14,C00541,SKU-1008,1TB portable SSD,Storage,1,"Rs 13,500",10,UAE,retail
ORD-102817,2025-09-17 09:14,C00281,SKU-1008,1TB portable SSD,Storage,1,"Rs 13,500",0,Saudi Arabia,marketplace
ORD-100145,2025-10-15 11:14,C00686,SKU-1001,Mechanical keyboard,Peripherals,1,"Rs 9,800",0,Saudi Arabia,website
ORD-104505,2026-05-28 11:14,C00361,SKU-1010,65W GaN charger,Power,2,"Rs 3,900",5,Pakistan,Website
ORD-101610,2025-05-01 15:14,,SKU-1005,24 inch monitor,Displays,1,"Rs 32,900",0,UK,Website
ORD-101591,2026-02-18 09:14,C00121,SKU-1005,24 inch monitor,Displays,1,,5,United Kingdom,marketplace
ORD-105839,2025-05-16 20:14,C00019,SKU-1006,Laptop stand,Accessories,1,"Rs 4,200",0,Pakistan,Website
ORD-100960,21/06/2025,,SKU-1009,Webcam 1080p,Video,1,"Rs 5,400",0,UK,marketplace
ORD-103370,2026-08-02 11:14,C00489,SKU-1008,1TB portable SSD,Storage,3,"Rs 13,500",5,pakistan,website
ORD-100243,2026-03-29 07:14,C00359,SKU-1006,Laptop stand,Accessories,1,"Rs 4,200",0,Pakistan,marketplace
ORD-105047,2026-02-02 19:14,C00049,SKU-1007,Noise cancelling headset,Audio,1,"Rs 6,900",20,Pakistan,marketplace
ORD-104873,2025-06-16 11:14,C00001,SKU-1005,24 inch monitor,Displays,1,"Rs 32,900",20,UAE,website
ORD-102495,2025-06-21 09:14,C00720,SKU-1010,65W GaN charger,Power,1,"Rs 3,900",0,Saudi Arabia,Website
ORD-104276,2025-07-08 10:14,C00055,SKU-1004,HDMI cable 1.5m,Cables,1,"Rs 1,300",0,UK,Website
ORD-104174,2025-08-20 19:14,C00293,SKU-1003,USB-C cable 2m,Cables,2,Rs 850,0,PK,website
ORD-101989,2026-06-23 18:14,C00087,SKU-1007,Noise cancelling headset,Audio,1,"Rs 6,900",0,Pakistan,Website
ORD-105502,2025-11-20 15:14,C00250,SKU-1006,Laptop stand,Accessories,-2,"Rs 4,200",0,PK,retail
ORD-102187,2026-03-10 10:14,C00522,SKU-1006,Laptop stand,Accessories,1,"Rs 4,200",5,Pakistan,retail
ORD-105198,2025-09-08 20:14,C00686,SKU-1005,24 inch monitor,Displays,1,"Rs 32,900",0,Saudi Arabia,marketplace
ORD-103056,2025-06-03 10:14,C00415,SKU-1001,Mechanical keyboard,Peripherals,2,"Rs 9,800",0,pakistan,retail
ORD-101484,2025-12-22 13:14,C00584,SKU-1010,65W GaN charger,Power,1,"Rs 3,900",0,pakistan,marketplace
ORD-103324,2025-12-09 18:14,C00496,SKU-1009,Webcam 1080p,Video,2,"Rs 5,400",10,PK,marketplace
ORD-105137,2025-09-25 12:14,C00107,SKU-1001,Mechanical keyboard,Peripherals,1,"Rs 9,800",0,PK,website
ORD-103247,2026-01-19 10:14,C00161,SKU-1004,HDMI cable 1.5m,Cables,1,"Rs 1,300",0,Pakistan,retail
ORD-105350,2025-08-08 20:14,C00724,SKU-1007,Noise cancelling headset,Audio,1,"Rs 6,900",0,UAE,website
ORD-102776,2026-02-02 18:14,C00040,SKU-1002,Wireless mouse,Peripherals,-1,"Rs 2,600",5,pakistan,Website
ORD-100797,2025-09-04 13:14,C00042,SKU-1010,65W GaN charger,Power,5,"Rs 3,900",0,UAE,retail
ORD-100579,2026-08-20 08:14,C00055,SKU-1007,Noise cancelling headset,Audio,1,"Rs 6,900",5,PK,Website
ORD-103248,2026-01-29 19:14,,SKU-1003,USB-C cable 2m,Cables,1,Rs 850,0,UK,marketplace
ORD-105825,2025-06-11 19:14,C00045,SKU-1003,USB-C cable 2m,Cables,3,Rs 850,5,UK,website
ORD-104770,2025-09-05 09:14,C00194,SKU-1001,Mechanical keyboard,Peripherals,1,"Rs 9,800",0,UAE,marketplace
ORD-105092,2025-08-06 14:14,C00029,SKU-1004,HDMI cable 1.5m,Cables,3,"Rs 1,300",0,United Kingdom,marketplace
ORD-100055,2025-10-07 08:14,C00022,SKU-1003,USB-C cable 2m,Cables,2,Rs 850,0,UK,website
ORD-102521,2026-01-23 10:14,,SKU-1001,Mechanical keyboard,Peripherals,1,"Rs 9,800",0,Saudi Arabia,website
ORD-102493,2025-04-01 20:14,C00616,SKU-1009,Webcam 1080p,Video,1,"Rs 5,400",0,UK,website
ORD-101926,2026-07-01 11:14,C00014,SKU-1005,24 inch monitor,Displays,1,"Rs 32,900",0,Pakistan,retail
ORD-105139,23/03/2026,C00177,SKU-1008,1TB portable SSD,Storage,-2,"Rs 13,500",0,United Arab Emirates,retail
ORD-100080,2025-07-31 10:14,C00758,SKU-1008,1TB portable SSD,Storage,1,"Rs 13,500",5,United Kingdom,retail
ORD-103146,2026-06-09 10:14,C00194,SKU-1006,Laptop stand,Accessories,1,"Rs 4,200",5,Saudi Arabia,website
ORD-101362,2026-02-21 18:14,C00010,SKU-1001,Mechanical keyboard,Peripherals,1,"Rs 9,800",0,United Arab Emirates,website
ORD-101081,2025-05-06 20:14,C00794,SKU-1006,Laptop stand,Accessories,1,"Rs 4,200",20,UK,website
ORD-103697,2025-05-03 14:14,C00005,SKU-1006,Laptop stand,Accessories,1,"Rs 4,200",0,United Kingdom,Website
ORD-100199,2025-12-24 13:14,C00476,SKU-1007,Noise cancelling headset,Audio,1,"Rs 6,900",0,PK,website
ORD-102435,2025-04-18 11:14,C00494,SKU-1010,65W GaN charger,Power,2,"Rs 3,900",0,Saudi Arabia,marketplace
ORD-102266,2026-02-07 09:14,C00844,SKU-1009,Webcam 1080p,Video,2,"Rs 5,400",0,Saudi Arabia,retail
ORD-100193,2026-01-08 12:14,C00433,SKU-1009,Webcam 1080p,Video,1,"Rs 5,400",0,PK,marketplace
ORD-100477,2026-02-27 16:14,C00813,SKU-1002,Wireless mouse,Peripherals,2,"Rs 2,600",5,Pakistan,website
ORD-103318,2025-04-06 18:14,,SKU-1004,HDMI cable 1.5m,Cables,1,"Rs 1,300",0,pakistan,retail
ORD-103594,2026-08-06 13:14,C00734,SKU-1006,Laptop stand,Accessories,1,"Rs 4,200",10,Pakistan,retail
ORD-100068,2025-10-26 18:14,C00873,SKU-1002,Wireless mouse,Peripherals,2,"Rs 2,600",0,pakistan,marketplace
ORD-102038,2025-08-15 20:14,C00457,SKU-1002,Wireless mouse,Peripherals,1,"Rs 2,600",0,Saudi Arabia,marketplace
ORD-100317,2026-07-06 11:14,C00229,SKU-1006,Laptop stand,Accessories,3,"Rs 4,200",0,PK,Website
ORD-104921,2025-06-21 16:14,C00624,SKU-1008,1TB portable SSD,Storage,1,"Rs 13,500",5,UK,Website
ORD-100738,2026-08-27 09:14,C00819,SKU-1010,65W GaN charger,Power,1,"Rs 3,900",0,Saudi Arabia,retail
ORD-105531,2026-07-26 18:14,C00023,SKU-1001,Mechanical keyboard,Peripherals,1,"Rs 9,800",0,pakistan,Website
ORD-105503,2026-07-17 14:14,C00693,SKU-1002,Wireless mouse,Peripherals,3,"Rs 2,600",0,United Arab Emirates,website
ORD-102420,2025-05-20 10:14,C00247,SKU-1003,USB-C cable 2m,Cables,1,Rs 850,0,United Kingdom,Website
ORD-100353,2026-04-26 08:14,C00520,SKU-1010,65W GaN charger,Power,5,"Rs 3,900",0,United Kingdom,Website
ORD-105400,2025-08-08 13:14,C00262,SKU-1010,65W GaN charger,Power,1,"Rs 3,900",5,Saudi Arabia,website
ORD-100505,2025-08-28 15:14,C00798,SKU-1008,1TB portable SSD,Storage,3,"Rs 13,500",0,Pakistan,retail
ORD-104646,2026-03-20 17:14,C00259,SKU-1008,1TB portable SSD,Storage,3,"Rs 13,500",0,United Arab Emirates,Website
ORD-101857,2026-03-12 11:14,,SKU-1007,Noise cancelling headset,Audio,1,"Rs 6,900",0,UAE,marketplace
ORD-104614,2025-09-26 08:14,C00522,SKU-1003,USB-C cable 2m,Cables,1,Rs 850,0,United Arab Emirates,marketplace
ORD-101627,2025-11-30 10:14,C00610,SKU-1002,Wireless mouse,Peripherals,1,"Rs 2,600",0,UAE,Website
ORD-105969,2026-02-21 12:14,C00070,SKU-1010,65W GaN charger,Power,1,"Rs 3,900",0,UK,Website
ORD-100172,2025-07-05 12:14,C00816,SKU-1001,Mechanical keyboard,Peripherals,1,"Rs 9,800",0,United Arab Emirates,website
ORD-102532,2026-07-10 17:14,C00738,SKU-1006,Laptop stand,Accessories,2,"Rs 4,200",0,PK,website
ORD-100713,2025-07-09 12:14,C00006,SKU-1010,65W GaN charger,Power,3,"Rs 3,900",10,Pakistan,retail
ORD-105540,2025-06-26 18:14,C00854,SKU-1001,Mechanical keyboard,Peripherals,1,"Rs 9,800",5,Saudi Arabia,Website
ORD-104606,2025-11-19 09:14,C00388,SKU-1006,Laptop stand,Accessories,1,"Rs 4,200",5,PK,website
ORD-100015,2026-02-03 10:14,C00032,SKU-1010,65W GaN charger,Power,1,"Rs 3,900",5,United Arab Emirates,Website
ORD-101726,2025-06-15 08:14,C00006,SKU-1003,USB-C cable 2m,Cables,2,Rs 850,0,UAE,marketplace
ORD-100191,2025-12-17 12:14,C00525,SKU-1001,Mechanical keyboard,Peripherals,1,"Rs 9,800",0,PK,marketplace
ORD-100235,2025-12-11 12:14,C00002,SKU-1006,Laptop stand,Accessories,1,"Rs 4,200",0,United Arab Emirates,retail
ORD-105030,2025-11-03 08:14,C00027,SKU-1002,Wireless mouse,Peripherals,1,"Rs 2,600",0,United Arab Emirates,Website
ORD-102063,2026-07-11 09:14,C00876,SKU-1004,HDMI cable 1.5m,Cables,2,"Rs 1,300",0,UK,website
ORD-102968,05/05/2026,C00508,SKU-1009,Webcam 1080p,Video,1,"Rs 5,400",0,UAE,website
ORD-101357,2026-07-08 07:14,C00863,SKU-1004,HDMI cable 1.5m,Cables,1,"Rs 1,300",0,Saudi Arabia,marketplace
ORD-102553,2026-08-04 18:14,C00132,SKU-1009,Webcam 1080p,Video,1,"Rs 5,400",0,UK,website
ORD-101076,2025-05-16 20:14,C00051,SKU-1007,Noise cancelling headset,Audio,2,"Rs 6,900",0,United Arab Emirates,retail
ORD-105560,2026-02-24 19:14,C00553,SKU-1002,Wireless mouse,Peripherals,3,"Rs 2,600",10,Pakistan,marketplace
ORD-105737,05/01/2026,C00367,SKU-1003,USB-C cable 2m,Cables,1,Rs 850,5,UK,marketplace
ORD-101240,2025-06-07 10:14,C00018,SKU-1006,Laptop stand,Accessories,3,"Rs 4,200",5,UAE,Website
ORD-102712,2025-06-17 19:14,C00465,SKU-1007,Noise cancelling headset,Audio,1,"Rs 6,900",0,United Kingdom,Website
ORD-102997,2025-11-28 07:14,C00014,SKU-1009,Webcam 1080p,Video,2,"Rs 5,400",0,Pakistan,retail
ORD-104265,2025-07-18 17:14,C00237,SKU-1007,Noise cancelling headset,Audio,2,"Rs 6,900",0,UAE,Website
ORD-103607,2025-03-24 20:14,C00514,SKU-1003,USB-C cable 2m,Cables,1,Rs 850,10,UAE,website
ORD-104184,2026-06-08 11:14,C00010,SKU-1008,1TB portable SSD,Storage,1,"Rs 13,500",10,Pakistan,Website
ORD-103328,05/06/2025,C00043,SKU-1005,24 inch monitor,Displays,2,"Rs 32,900",20,Pakistan,retail
ORD-100710,2025-08-30 07:14,C00703,SKU-1004,HDMI cable 1.5m,Cables,1,"Rs 1,300",5,PK,marketplace
ORD-104070,2025-09-13 17:14,C00861,SKU-1003,USB-C cable 2m,Cables,1,Rs 850,5,United Arab Emirates,marketplace
ORD-100424,2025-10-21 19:14,C00026,SKU-1002,Wireless mouse,Peripherals,1,"Rs 2,600",0,PK,retail
ORD-102649,2025-12-13 18:14,C00028,SKU-1003,USB-C cable 2m,Cables,1,Rs 850,0,pakistan,website
ORD-104524,2025-12-21 08:14,C00589,SKU-1005,24 inch monitor,Displays,2,"Rs 32,900",0,Pakistan,marketplace
ORD-103099,2026-09-03 13:14,C00018,SKU-1001,Mechanical keyboard,Peripherals,2,"Rs 9,800",10,UK,marketplace
ORD-102379,2026-07-19 15:14,C00117,SKU-1004,HDMI cable 1.5m,Cables,1,"Rs 1,300",5,UK,marketplace
ORD-103652,27/06/2026,C00008,SKU-1008,1TB portable SSD,Storage,1,"Rs 13,500",0,Pakistan,Website
ORD-103265,2026-04-05 12:14,C00487,SKU-1001,Mechanical keyboard,Peripherals,2,"Rs 9,800",5,UAE,marketplace
ORD-101565,2026-08-31 20:14,C00326,SKU-1002,Wireless mouse,Peripherals,1,"Rs 2,600",0,UAE,Website
ORD-105617,2026-06-21 14:14,C00074,SKU-1010,65W GaN charger,Power,2,"Rs 3,900",20,PK,marketplace
ORD-103596,2026-01-23 11:14,C00741,SKU-1003,USB-C cable 2m,Cables,1,Rs 850,0,Pakistan,Website
ORD-102021,2025-11-14 20:14,C00597,SKU-1005,24 inch monitor,Displays,5,"Rs 32,900",0,Saudi Arabia,marketplace
ORD-100641,2026-06-27 15:14,C00139,SKU-1010,65W GaN charger,Power,1,"Rs 3,900",0,PK,retail
ORD-102526,2026-02-20 14:14,C00033,SKU-1005,24 inch monitor,Displays,1,"Rs 32,900",5,United Kingdom,marketplace
ORD-104418,2025-06-28 12:14,C00347,SKU-1004,HDMI cable 1.5m,Cables,5,"Rs 1,300",0,UK,website
ORD-100102,2026-01-31 18:14,C00026,SKU-1002,Wireless mouse,Peripherals,1,"Rs 2,600",10,Pakistan,Website
ORD-105472,2025-07-23 16:14,C00709,SKU-1002,Wireless mouse,Peripherals,3,"Rs 2,600",0,PK,marketplace
ORD-104388,2025-09-01 16:14,C00490,SKU-1003,USB-C cable 2m,Cables,1,Rs 850,0,UK,Website
ORD-102796,2025-05-23 07:14,C00700,SKU-1004,HDMI cable 1.5m,Cables,1,"Rs 1,300",0,Pakistan,Website
ORD-102069,2025-04-04 09:14,C00091,SKU-1003,USB-C cable 2m,Cables,1,Rs 850,0,PK,website
ORD-105552,2026-02-15 08:14,C00019,SKU-1001,Mechanical keyboard,Peripherals,2,"Rs 9,800",0,UAE,Website
ORD-103419,2026-06-04 07:14,C00150,SKU-1007,Noise cancelling headset,Audio,2,"Rs 6,900",20,PK,website
ORD-100032,2025-05-26 11:14,C00202,SKU-1003,USB-C cable 2m,Cables,1,Rs 850,10,UK,Website
ORD-105252,2025-11-28 13:14,C00342,SKU-1004,HDMI cable 1.5m,Cables,1,"Rs 1,300",0,UK,marketplace
ORD-100449,2026-07-20 20:14,,SKU-1003,USB-C cable 2m,Cables,3,Rs 850,0,United Kingdom,Website
ORD-105851,2026-07-10 20:14,C00573,SKU-1004,HDMI cable 1.5m,Cables,1,"Rs 1,300",0,PK,Website
ORD-103729,2025-10-05 18:14,C00112,SKU-1006,Laptop stand,Accessories,1,"Rs 4,200",0,pakistan,marketplace
ORD-102227,2026-07-08 11:14,C00025,SKU-1007,Noise cancelling headset,Audio,2,"Rs 6,900",0,pakistan,website
ORD-103765,2025-08-05 13:14,C00003,SKU-1010,65W GaN charger,Power,1,"Rs 3,900",0,United Arab Emirates,Website
ORD-104273,2025-07-14 14:14,C00507,SKU-1009,Webcam 1080p,Video,1,"Rs 5,400",0,Saudi Arabia,website
ORD-101007,2025-08-20 20:14,C00056,SKU-1006,Laptop stand,Accessories,2,"Rs 4,200",0,Saudi Arabia,marketplace
ORD-103503,2026-06-10 16:14,C00284,SKU-1009,Webcam 1080p,Video,1,"Rs 5,400",10,pakistan,Website
ORD-105800,2025-10-10 08:14,C00211,SKU-1009,Webcam 1080p,Video,1,"Rs 5,400",10,United Kingdom,marketplace
ORD-101406,2025-03-30 17:14,C00623,SKU-1002,Wireless mouse,Peripherals,3,"Rs 2,600",0,UK,website
ORD-104731,2026-07-10 19:14,C00336,SKU-1007,Noise cancelling headset,Audio,1,"Rs 6,900",0,Pakistan,website
ORD-105764,2026-07-20 12:14,C00002,SKU-1009,Webcam 1080p,Video,2,"Rs 5,400",0,UAE,retail
ORD-105396,2026-06-16 17:14,C00007,SKU-1002,Wireless mouse,Peripherals,5,"Rs 2,600",0,United Kingdom,website
ORD-104580,11/03/2026,C00431,SKU-1002,Wireless mouse,Peripherals,1,"Rs 2,600",0,pakistan,website
ORD-100483,16/05/2025,C00461,SKU-1009,Webcam 1080p,Video,3,"Rs 5,400",0,pakistan,Website
ORD-101830,2025-04-20 09:14,C00038,SKU-1008,1TB portable SSD,Storage,2,"Rs 13,500",5,United Kingdom,website
ORD-105389,2025-08-30 20:14,C00635,SKU-1002,Wireless mouse,Peripherals,1,"Rs 2,600",0,United Kingdom,Website
ORD-103866,2026-06-19 20:14,C00805,SKU-1005,24 inch monitor,Displays,5,"Rs 32,900",5,pakistan,website
ORD-103475,2026-06-02 11:14,C00893,SKU-1009,Webcam 1080p,Video,-1,"Rs 5,400",0,PK,website
ORD-104240,2025-04-29 12:14,C00187,SKU-1005,24 inch monitor,Displays,2,"Rs 32,900",10,pakistan,marketplace
ORD-101489,2025-05-05 16:14,C00005,SKU-1005,24 inch monitor,Displays,2,"Rs 32,900",0,pakistan,marketplace
ORD-104098,2026-05-08 16:14,C00049,SKU-1007,Noise cancelling headset,Audio,1,"Rs 6,900",5,UAE,marketplace
ORD-101123,2026-08-12 18:14,,SKU-1009,Webcam 1080p,Video,1,"Rs 5,400",0,United Kingdom,marketplace
ORD-105612,2026-02-13 17:14,C00046,SKU-1005,24 inch monitor,Displays,1,"Rs 32,900",0,UAE,website
ORD-103710,2026-05-20 09:14,C00760,SKU-1003,USB-C cable 2m,Cables,2,Rs 850,0,UK,marketplace
ORD-100409,2025-05-20 12:14,C00023,SKU-1002,Wireless mouse,Peripherals,3,"Rs 2,600",0,UAE,retail
ORD-105067,2026-05-20 07:14,C00083,SKU-1002,Wireless mouse,Peripherals,1,"Rs 2,600",5,Pakistan,marketplace
ORD-101985,2026-08-07 16:14,C00309,SKU-1008,1TB portable SSD,Storage,1,"Rs 13,500",10,pakistan,retail
ORD-105698,2025-10-23 18:14,C00312,SKU-1010,65W GaN charger,Power,2,"Rs 3,900",0,United Kingdom,marketplace
ORD-104162,2025-11-08 17:14,C00046,SKU-1009,Webcam 1080p,Video,1,"Rs 5,400",20,PK,website
ORD-102893,2025-05-03 07:14,C00007,SKU-1007,Noise cancelling headset,Audio,1,"Rs 6,900",0,United Arab Emirates,Website
ORD-101672,2025-12-31 18:14,C00636,SKU-1001,Mechanical keyboard,Peripherals,1,"Rs 9,800",5,UK,website
ORD-101048,2026-08-29 10:14,,SKU-1002,Wireless mouse,Peripherals,1,"Rs 2,600",0,United Kingdom,retail
ORD-104887,2026-02-12 14:14,C00757,SKU-1008,1TB portable SSD,Storage,1,"Rs 13,500",0,United Kingdom,Website
ORD-100261,2026-02-06 12:14,C00266,SKU-1008,1TB portable SSD,Storage,3,"Rs 13,500",0,Pakistan,retail
ORD-103827,2026-01-24 20:14,C00141,SKU-1002,Wireless mouse,Peripherals,2,"Rs 2,600",0,United Arab Emirates,Website
ORD-103087,2025-08-23 08:14,C00100,SKU-1004,HDMI cable 1.5m,Cables,1,"Rs 1,300",0,UK,marketplace
ORD-101136,2026-08-01 16:14,C00779,SKU-1006,Laptop stand,Accessories,5,,5,UK,Website
ORD-105976,2026-02-10 18:14,C00730,SKU-1003,USB-C cable 2m,Cables,1,Rs 850,5,UK,retail
ORD-104585,2026-08-17 13:14,C00665,SKU-1010,65W GaN charger,Power,1,"Rs 3,900",0,pakistan,Website
ORD-101315,2026-03-05 20:14,C00743,SKU-1006,Laptop stand,Accessories,1,"Rs 4,200",5,United Arab Emirates,retail
ORD-104771,06/10/2025,C00795,SKU-1006,Laptop stand,Accessories,1,"Rs 4,200",0,UAE,marketplace
ORD-101055,2025-04-17 09:14,C00061,SKU-1007,Noise cancelling headset,Audio,1,"Rs 6,900",0,PK,marketplace
ORD-100921,2025-07-12 15:14,C00577,SKU-1008,1TB portable SSD,Storage,2,"Rs 13,500",0,Saudi Arabia,website
ORD-104929,2026-05-14 17:14,C00886,SKU-1010,65W GaN charger,Power,1,"Rs 3,900",0,UK,retail
ORD-102542,2025-10-25 15:14,C00026,SKU-1007,Noise cancelling headset,Audio,3,"Rs 6,900",0,PK,website
ORD-102089,2025-10-17 07:14,C00203,SKU-1009,Webcam 1080p,Video,1,"Rs 5,400",0,UAE,website
ORD-105010,2025-07-23 11:14,C00166,SKU-1005,24 inch monitor,Displays,1,"Rs 32,900",5,United Arab Emirates,marketplace
ORD-102434,2026-06-08 12:14,C00346,SKU-1006,Laptop stand,Accessories,2,"Rs 4,200",0,PK,website
ORD-100361,2025-05-19 18:14,C00661,SKU-1010,65W GaN charger,Power,1,"Rs 3,900",10,United Arab Emirates,retail
ORD-102862,2026-03-01 13:14,C00365,SKU-1007,Noise cancelling headset,Audio,1,"Rs 6,900",0,UAE,website
ORD-104165,22/05/2026,C00856,SKU-1007,Noise cancelling headset,Audio,-1,"Rs 6,900",0,pakistan,retail
ORD-102783,17/03/2026,C00804,SKU-1010,65W GaN charger,Power,1,"Rs 3,900",0,pakistan,Website
ORD-100168,24/05/2026,C00305,SKU-1004,HDMI cable 1.5m,Cables,-1,"Rs 1,300",0,United Arab Emirates,Website
ORD-102264,2026-01-17 07:14,C00620,SKU-1007,Noise cancelling headset,Audio,1,"Rs 6,900",0,United Arab Emirates,Website
ORD-101233,2026-01-07 20:14,,SKU-1007,Noise cancelling headset,Audio,1,"Rs 6,900",0,Saudi Arabia,website
ORD-104948,2025-07-08 11:14,C00032,SKU-1010,65W GaN charger,Power,2,"Rs 3,900",20,Pakistan,website
ORD-103141,31/03/2025,C00202,SKU-1001,Mechanical keyboard,Peripherals,1,"Rs 9,800",0,pakistan,Website
ORD-103641,2026-05-21 07:14,C00415,SKU-1002,Wireless mouse,Peripherals,1,"Rs 2,600",10,Pakistan,Website
ORD-104903,2026-03-07 08:14,C00010,SKU-1003,USB-C cable 2m,Cables,2,Rs 850,0,Saudi Arabia,website
ORD-101853,2026-01-26 10:14,C00058,SKU-1003,USB-C cable 2m,Cables,1,Rs 850,0,Pakistan,website
ORD-105186,2025-04-30 16:14,C00520,SKU-1005,24 inch monitor,Displays,1,"Rs 32,900",0,Saudi Arabia,Website
ORD-104523,2025-10-29 20:14,C00577,SKU-1004,HDMI cable 1.5m,Cables,1,"Rs 1,300",0,United Kingdom,Website
ORD-102475,2025-10-13 07:14,C00175,SKU-1006,Laptop stand,Accessories,3,"Rs 4,200",0,UK,marketplace
ORD-105493,2026-01-01 13:14,C00626,SKU-1008,1TB portable SSD,Storage,2,"Rs 13,500",0,Pakistan,marketplace
ORD-102818,2025-12-19 08:14,C00041,SKU-1005,24 inch monitor,Displays,2,"Rs 32,900",5,UK,Website
ORD-101196,2025-12-17 08:14,C00328,SKU-1001,Mechanical keyboard,Peripherals,3,"Rs 9,800",0,United Arab Emirates,retail
ORD-101511,2026-01-15 10:14,C00025,SKU-1008,1TB portable SSD,Storage,1,"Rs 13,500",20,Saudi Arabia,retail
ORD-104717,2025-10-21 18:14,C00184,SKU-1003,USB-C cable 2m,Cables,1,Rs 850,0,PK,website
ORD-103074,2025-12-29 16:14,C00213,SKU-1002,Wireless mouse,Peripherals,1,"Rs 2,600",0,Pakistan,retail
ORD-105872,2026-06-16 09:14,C00669,SKU-1005,24 inch monitor,Displays,1,"Rs 32,900",0,United Kingdom,Website
ORD-100675,2025-04-06 16:14,C00035,SKU-1002,Wireless mouse,Peripherals,1,"Rs 2,600",20,UAE,website
ORD-100005,2026-02-07 19:14,C00005,SKU-1004,HDMI cable 1.5m,Cables,1,"Rs 1,300",0,pakistan,Website
ORD-102948,2025-09-07 11:14,C00113,SKU-1007,Noise cancelling headset,Audio,1,"Rs 6,900",0,United Kingdom,website
ORD-103398,2026-04-27 09:14,C00651,SKU-1001,Mechanical keyboard,Peripherals,1,"Rs 9,800",5,United Kingdom,marketplace
ORD-101946,2025-07-19 08:14,C00642,SKU-1007,Noise cancelling headset,Audio,1,"Rs 6,900",0,pakistan,marketplace
ORD-104737,2025-08-30 08:14,C00044,SKU-1004,HDMI cable 1.5m,Cables,2,"Rs 1,300",5,Pakistan,marketplace
ORD-105446,2025-07-23 20:14,C00333,SKU-1001,Mechanical keyboard,Peripherals,3,"Rs 9,800",0,PK,website
ORD-100247,2026-04-04 20:14,C00016,SKU-1003,USB-C cable 2m,Cables,1,Rs 850,5,Pakistan,marketplace
ORD-102170,2026-01-25 10:14,C00031,SKU-1007,Noise cancelling headset,Audio,3,"Rs 6,900",0,Saudi Arabia,retail
ORD-104851,2026-03-23 17:14,C00794,SKU-1006,Laptop stand,Accessories,1,"Rs 4,200",0,PK,marketplace
ORD-104687,2025-04-23 11:14,C00044,SKU-1010,65W GaN charger,Power,1,"Rs 3,900",0,Pakistan,retail
ORD-105086,2025-08-30 08:14,C00043,SKU-1007,Noise cancelling headset,Audio,1,"Rs 6,900",0,Pakistan,retail
ORD-101022,2025-05-21 07:14,C00037,SKU-1010,65W GaN charger,Power,2,"Rs 3,900",0,UAE,website
ORD-103834,2026-06-10 13:14,C00286,SKU-1004,HDMI cable 1.5m,Cables,1,"Rs 1,300",0,pakistan,retail
ORD-101706,2026-09-06 18:14,C00035,SKU-1006,Laptop stand,Accessories,1,"Rs 4,200",0,United Arab Emirates,website
ORD-103860,2026-04-23 10:14,C00042,SKU-1002,Wireless mouse,Peripherals,1,"Rs 2,600",0,UAE,website
ORD-101366,2026-03-21 07:14,C00240,SKU-1005,24 inch monitor,Displays,1,"Rs 32,900",0,UK,marketplace
ORD-105239,2026-06-05 10:14,C00321,SKU-1005,24 inch monitor,Displays,1,"Rs 32,900",10,United Arab Emirates,marketplace
ORD-100278,2026-08-02 08:14,C00398,SKU-1004,HDMI cable 1.5m,Cables,1,"Rs 1,300",0,PK,website
ORD-104766,2026-01-29 15:14,C00038,SKU-1009,Webcam 1080p,Video,1,"Rs 5,400",0,pakistan,retail
ORD-101533,31/08/2025,C00045,SKU-1009,Webcam 1080p,Video,1,"Rs 5,400",0,UK,Website
ORD-101377,2026-04-08 15:14,C00083,SKU-1003,USB-C cable 2m,Cables,1,Rs 850,20,pakistan,website
ORD-102462,2026-05-07 11:14,C00486,SKU-1008,1TB portable SSD,Storage,1,"Rs 13,500",0,UAE,website
ORD-100129,2025-05-26 15:14,C00564,SKU-1005,24 inch monitor,Displays,1,"Rs 32,900",10,United Kingdom,marketplace
ORD-101736,2026-03-05 08:14,C00419,SKU-1008,1TB portable SSD,Storage,1,"Rs 13,500",0,Saudi Arabia,Website
ORD-100111,2025-06-14 12:14,C00277,SKU-1005,24 inch monitor,Displays,1,"Rs 32,900",10,Saudi Arabia,website
ORD-105958,2026-05-09 20:14,C00023,SKU-1005,24 inch monitor,Displays,3,"Rs 32,900",0,United Arab Emirates,website
ORD-104669,2026-06-10 20:14,C00231,SKU-1003,USB-C cable 2m,Cables,1,Rs 850,0,UAE,website
ORD-105538,2026-08-06 15:14,C00138,SKU-1006,Laptop stand,Accessories,1,"Rs 4,200",0,pakistan,marketplace
ORD-101400,2026-02-09 09:14,C00424,SKU-1007,Noise cancelling headset,Audio,2,"Rs 6,900",0,PK,Website
ORD-102959,2025-12-30 17:14,C00621,SKU-1001,Mechanical keyboard,Peripherals,1,"Rs 9,800",0,UAE,retail
ORD-102035,2025-04-18 18:14,C00237,SKU-1010,65W GaN charger,Power,2,"Rs 3,900",5,PK,website
ORD-103383,2025-09-18 12:14,C00007,SKU-1005,24 inch monitor,Displays,1,"Rs 32,900",10,PK,Website
ORD-100364,2025-09-17 20:14,C00473,SKU-1003,USB-C cable 2m,Cables,3,Rs 850,0,United Kingdom,retail
ORD-101701,2025-11-04 10:14,C00865,SKU-1001,Mechanical keyboard,Peripherals,2,"Rs 9,800",0,Pakistan,marketplace
ORD-101859,2026-07-11 14:14,C00473,SKU-1001,Mechanical keyboard,Peripherals,-2,"Rs 9,800",0,UAE,Website
ORD-100785,2026-05-13 18:14,C00022,SKU-1001,Mechanical keyboard,Peripherals,-2,"Rs 9,800",0,United Arab Emirates,website
ORD-104682,2025-12-15 14:14,C00031,SKU-1008,1TB portable SSD,Storage,1,"Rs 13,500",0,United Kingdom,website
ORD-100653,2025-08-25 19:14,C00016,SKU-1003,USB-C cable 2m,Cables,5,Rs 850,0,UAE,retail
ORD-104943,2025-06-05 20:14,C00171,SKU-1008,1TB portable SSD,Storage,3,"Rs 13,500",0,United Arab Emirates,marketplace
ORD-102823,2026-02-05 10:14,C00021,SKU-1003,USB-C cable 2m,Cables,1,Rs 850,0,PK,retail
ORD-101731,2026-04-02 14:14,C00048,SKU-1008,1TB portable SSD,Storage,1,"Rs 13,500",0,UAE,Website
ORD-104188,2025-05-18 20:14,C00794,SKU-1002,Wireless mouse,Peripherals,1,"Rs 2,600",5,Pakistan,website
ORD-100091,2026-01-28 14:14,C00857,SKU-1006,Laptop stand,Accessories,1,"Rs 4,200",5,United Arab Emirates,website
ORD-105719,2026-05-28 11:14,C00108,SKU-1003,USB-C cable 2m,Cables,1,Rs 850,0,pakistan,Website
ORD-100747,2025-05-30 13:14,,SKU-1004,HDMI cable 1.5m,Cables,1,"Rs 1,300",5,pakistan,Website
ORD-100189,2026-07-19 07:14,C00045,SKU-1003,USB-C cable 2m,Cables,1,Rs 850,0,United Arab Emirates,marketplace
ORD-101407,2026-05-10 19:14,C00565,SKU-1010,65W GaN charger,Power,-5,"Rs 3,900",0,United Arab Emirates,marketplace
ORD-103350,2025-08-25 19:14,C00256,SKU-1001,Mechanical keyboard,Peripherals,3,"Rs 9,800",0,United Kingdom,Website
ORD-100674,2025-11-09 15:14,,SKU-1009,Webcam 1080p,Video,1,"Rs 5,400",0,United Arab Emirates,website
ORD-102613,2026-03-02 09:14,C00479,SKU-1004,HDMI cable 1.5m,Cables,1,"Rs 1,300",5,pakistan,Website
ORD-100700,2026-08-08 08:14,C00882,SKU-1009,Webcam 1080p,Video,1,"Rs 5,400",0,United Arab Emirates,Website
ORD-103604,2026-06-24 14:14,C00303,SKU-1007,Noise cancelling headset,Audio,1,"Rs 6,900",5,UK,Website
ORD-101393,2025-10-04 11:14,C00891,SKU-1009,Webcam 1080p,Video,1,"Rs 5,400",10,UK,Website
ORD-102905,2025-08-21 19:14,C00376,SKU-1004,HDMI cable 1.5m,Cables,1,"Rs 1,300",0,Pakistan,retail
ORD-104471,2025-04-29 18:14,C00058,SKU-1002,Wireless mouse,Peripherals,5,"Rs 2,600",10,United Arab Emirates,website
ORD-103974,2025-04-07 17:14,C00389,SKU-1007,Noise cancelling headset,Audio,1,"Rs 6,900",0,Saudi Arabia,Website
ORD-105611,2025-12-29 14:14,C00861,SKU-1005,24 inch monitor,Displays,1,"Rs 32,900",10,UK,retail
ORD-102228,2026-08-17 17:14,C00462,SKU-1006,Laptop stand,Accessories,1,"Rs 4,200",0,United Arab Emirates,Website
ORD-105297,2025-09-10 07:14,C00164,SKU-1003,USB-C cable 2m,Cables,5,Rs 850,0,UK,marketplace
ORD-100852,2025-09-19 08:14,C00618,SKU-1003,USB-C cable 2m,Cables,1,Rs 850,0,PK,retail
ORD-104287,30/09/2025,C00043,SKU-1003,USB-C cable 2m,Cables,1,Rs 850,0,Pakistan,retail
ORD-101750,2025-10-19 08:14,C00235,SKU-1009,Webcam 1080p,Video,1,"Rs 5,400",0,pakistan,retail
ORD-102189,2025-07-10 11:14,C00262,SKU-1004,HDMI cable 1.5m,Cables,1,"Rs 1,300",0,United Arab Emirates,retail
ORD-102390,2025-06-24 10:14,C00264,SKU-1003,USB-C cable 2m,Cables,3,Rs 850,0,United Arab Emirates,marketplace
ORD-100576,2026-06-22 15:14,C00674,SKU-1005,24 inch monitor,Displays,1,"Rs 32,900",0,UK,retail
ORD-104072,2026-06-14 16:14,C00325,SKU-1003,USB-C cable 2m,Cables,3,Rs 850,0,UK,website
ORD-100183,2025-04-14 13:14,C00011,SKU-1002,Wireless mouse,Peripherals,1,"Rs 2,600",0,Pakistan,Website
ORD-105100,2026-01-16 13:14,C00586,SKU-1003,USB-C cable 2m,Cables,1,Rs 850,10,UAE,retail
ORD-104264,26/12/2025,C00716,SKU-1010,65W GaN charger,Power,1,"Rs 3,900",0,UAE,website
ORD-103601,2026-08-04 07:14,C00214,SKU-1006,Laptop stand,Accessories,2,"Rs 4,200",0,UK,Website
ORD-105482,2025-04-23 19:14,C00758,SKU-1005,24 inch monitor,Displays,1,"Rs 32,900",5,Pakistan,website
ORD-102710,2026-07-12 15:14,C00277,SKU-1001,Mechanical keyboard,Peripherals,1,"Rs 9,800",10,UK,marketplace
ORD-104634,2025-04-28 11:14,C00305,SKU-1010,65W GaN charger,Power,-1,"Rs 3,900",5,United Kingdom,website
ORD-102863,2025-07-16 07:14,C00649,SKU-1007,Noise cancelling headset,Audio,1,"Rs 6,900",0,pakistan,retail
ORD-100751,2025-11-23 19:14,,SKU-1005,24 inch monitor,Displays,1,"Rs 32,900",0,UK,Website
ORD-105095,2025-05-18 18:14,C00053,SKU-1007,Noise cancelling headset,Audio,3,"Rs 6,900",5,Pakistan,retail
ORD-101936,2026-05-11 12:14,C00135,SKU-1001,Mechanical keyboard,Peripherals,5,"Rs 9,800",0,United Arab Emirates,website
ORD-105687,2026-04-13 18:14,C00026,SKU-1010,65W GaN charger,Power,1,"Rs 3,900",0,United Kingdom,retail
ORD-105014,15/07/2026,C00017,SKU-1007,Noise cancelling headset,Audio,1,"Rs 6,900",20,Saudi Arabia,retail
ORD-104725,2025-09-19 07:14,C00230,SKU-1008,1TB portable SSD,Storage,1,"Rs 13,500",5,United Arab Emirates,website
ORD-103802,2025-04-03 09:14,C00057,SKU-1007,Noise cancelling headset,Audio,1,"Rs 6,900",5,pakistan,Website
ORD-104986,2026-03-12 12:14,C00184,SKU-1009,Webcam 1080p,Video,1,"Rs 5,400",0,Pakistan,marketplace
ORD-103676,2026-04-01 17:14,C00598,SKU-1009,Webcam 1080p,Video,1,"Rs 5,400",10,United Arab Emirates,retail
ORD-105732,2026-03-15 13:14,C00123,SKU-1010,65W GaN charger,Power,1,"Rs 3,900",5,PK,Website
ORD-103611,2025-10-17 18:14,C00180,SKU-1010,65W GaN charger,Power,1,"Rs 3,900",0,PK,Website
ORD-105942,2025-06-13 11:14,C00482,SKU-1002,Wireless mouse,Peripherals,1,"Rs 2,600",20,UK,retail
ORD-105545,2026-06-10 16:14,C00557,SKU-1003,USB-C cable 2m,Cables,2,Rs 850,20,Saudi Arabia,retail
ORD-103906,2026-08-20 16:14,C00004,SKU-1004,HDMI cable 1.5m,Cables,2,"Rs 1,300",0,PK,marketplace
ORD-102549,2026-01-18 15:14,C00424,SKU-1004,HDMI cable 1.5m,Cables,2,"Rs 1,300",0,UAE,marketplace
ORD-104156,2026-01-10 08:14,C00070,SKU-1007,Noise cancelling headset,Audio,2,"Rs 6,900",0,United Kingdom,Website
ORD-104382,2025-12-02 15:14,C00561,SKU-1001,Mechanical keyboard,Peripherals,-1,"Rs 9,800",0,PK,retail
ORD-101352,2026-03-30 15:14,,SKU-1002,Wireless mouse,Peripherals,1,"Rs 2,600",0,PK,website
ORD-101284,2026-06-28 15:14,C00036,SKU-1003,USB-C cable 2m,Cables,1,Rs 850,5,Saudi Arabia,website
ORD-105716,2025-07-31 09:14,C00019,SKU-1006,Laptop stand,Accessories,1,"Rs 4,200",0,United Arab Emirates,marketplace
ORD-103520,2025-09-28 12:14,C00484,SKU-1008,1TB portable SSD,Storage,1,"Rs 13,500",0,PK,website
ORD-104691,2026-07-24 14:14,C00251,SKU-1008,1TB portable SSD,Storage,-1,"Rs 13,500",0,UK,website
ORD-103327,2025-04-25 10:14,C00037,SKU-1004,HDMI cable 1.5m,Cables,1,"Rs 1,300",0,PK,website
ORD-104355,2026-06-18 11:14,C00032,SKU-1010,65W GaN charger,Power,2,"Rs 3,900",0,PK,website
ORD-102201,2025-04-14 08:14,C00185,SKU-1009,Webcam 1080p,Video,1,"Rs 5,400",0,pakistan,website
ORD-105142,2026-08-05 07:14,C00509,SKU-1001,Mechanical keyboard,Peripherals,1,"Rs 9,800",10,United Kingdom,Website
ORD-104055,2025-03-30 19:14,C00218,SKU-1007,Noise cancelling headset,Audio,1,"Rs 6,900",5,Pakistan,website
ORD-105645,2026-02-01 19:14,C00023,SKU-1003,USB-C cable 2m,Cables,2,Rs 850,0,United Arab Emirates,Website
ORD-105042,2026-01-01 16:14,C00022,SKU-1003,USB-C cable 2m,Cables,1,Rs 850,5,pakistan,website
ORD-104785,2025-09-25 07:14,C00003,SKU-1005,24 inch monitor,Displays,2,"Rs 32,900",0,United Kingdom,marketplace
ORD-102527,2026-03-09 11:14,,SKU-1002,Wireless mouse,Peripherals,1,"Rs 2,600",5,UAE,retail
ORD-103993,2026-01-17 17:14,C00012,SKU-1009,Webcam 1080p,Video,1,"Rs 5,400",0,United Kingdom,Website
ORD-103872,2026-04-05 12:14,C00001,SKU-1009,Webcam 1080p,Video,2,"Rs 5,400",0,Pakistan,Website
ORD-104535,2026-03-19 16:14,C00780,SKU-1003,USB-C cable 2m,Cables,1,Rs 850,0,Saudi Arabia,website
ORD-104968,2025-10-18 17:14,C00265,SKU-1010,65W GaN charger,Power,-1,"Rs 3,900",20,United Kingdom,Website
ORD-100729,2025-04-10 12:14,C00311,SKU-1009,Webcam 1080p,Video,2,"Rs 5,400",0,United Arab Emirates,retail
ORD-104891,2025-07-14 10:14,C00549,SKU-1001,Mechanical keyboard,Peripherals,1,"Rs 9,800",5,Saudi Arabia,retail
ORD-102186,2026-06-02 18:14,,SKU-1009,Webcam 1080p,Video,2,"Rs 5,400",5,Pakistan,marketplace
ORD-103937,2025-07-25 09:14,,SKU-1005,24 inch monitor,Displays,2,"Rs 32,900",0,UK,website
ORD-101778,2025-12-29 11:14,C00045,SKU-1002,Wireless mouse,Peripherals,1,"Rs 2,600",0,UK,marketplace
ORD-100448,2026-08-10 16:14,C00063,SKU-1004,HDMI cable 1.5m,Cables,1,"Rs 1,300",0,pakistan,website
ORD-101676,2025-12-25 16:14,C00316,SKU-1007,Noise cancelling headset,Audio,1,"Rs 6,900",0,United Kingdom,website
ORD-102338,2025-06-17 08:14,C00157,SKU-1005,24 inch monitor,Displays,2,"Rs 32,900",0,UK,Website
ORD-104930,2025-05-02 20:14,C00001,SKU-1008,1TB portable SSD,Storage,1,"Rs 13,500",5,Pakistan,Website
ORD-101150,2025-08-19 14:14,C00843,SKU-1007,Noise cancelling headset,Audio,1,"Rs 6,900",5,UAE,Website
ORD-100237,01/01/2026,C00823,SKU-1003,USB-C cable 2m,Cables,1,Rs 850,0,UK,marketplace
ORD-103847,2025-04-02 13:14,C00032,SKU-1010,65W GaN charger,Power,1,"Rs 3,900",0,United Kingdom,website
ORD-100642,2025-05-29 20:14,C00001,SKU-1004,HDMI cable 1.5m,Cables,1,"Rs 1,300",0,United Kingdom,marketplace
ORD-105681,2026-08-25 18:14,C00005,SKU-1001,Mechanical keyboard,Peripherals,1,"Rs 9,800",0,United Kingdom,website
ORD-103101,2026-06-18 14:14,C00249,SKU-1008,1TB portable SSD,Storage,1,"Rs 13,500",5,Saudi Arabia,Website
ORD-104375,2026-05-31 13:14,C00072,SKU-1007,Noise cancelling headset,Audio,1,"Rs 6,900",0,UK,retail
ORD-105907,2026-04-01 15:14,C00708,SKU-1009,Webcam 1080p,Video,1,"Rs 5,400",0,United Arab Emirates,Website
ORD-104020,2025-04-15 13:14,C00557,SKU-1006,Laptop stand,Accessories,1,"Rs 4,200",0,United Arab Emirates,retail
ORD-105529,2025-03-22 19:14,C00150,SKU-1009,Webcam 1080p,Video,1,"Rs 5,400",0,United Kingdom,website
ORD-103179,2025-06-12 17:14,C00003,SKU-1008,1TB portable SSD,Storage,1,"Rs 13,500",0,pakistan,marketplace
ORD-102826,2025-04-05 14:14,C00742,SKU-1001,Mechanical keyboard,Peripherals,-1,"Rs 9,800",0,Pakistan,retail
ORD-100845,2026-07-11 19:14,C00021,SKU-1008,1TB portable SSD,Storage,1,"Rs 13,500",5,United Arab Emirates,retail
ORD-105011,2025-07-10 10:14,C00656,SKU-1003,USB-C cable 2m,Cables,2,Rs 850,0,UAE,website
ORD-102050,2025-10-13 13:14,C00800,SKU-1005,24 inch monitor,Displays,5,"Rs 32,900",10,United Arab Emirates,website
ORD-102558,2026-01-23 11:14,C00022,SKU-1008,1TB portable SSD,Storage,1,"Rs 13,500",0,pakistan,website
ORD-102567,2025-08-25 19:14,C00317,SKU-1002,Wireless mouse,Peripherals,2,"Rs 2,600",20,United Kingdom,retail
ORD-100171,2026-09-04 09:14,C00329,SKU-1005,24 inch monitor,Displays,1,"Rs 32,900",0,United Arab Emirates,retail
ORD-105407,2026-03-16 20:14,C00031,SKU-1008,1TB portable SSD,Storage,1,,0,PK,Website
ORD-101381,2025-12-01 14:14,C00023,SKU-1007,Noise cancelling headset,Audio,1,"Rs 6,900",0,United Kingdom,retail
ORD-105520,2025-11-14 10:14,C00044,SKU-1008,1TB portable SSD,Storage,-1,"Rs 13,500",0,UK,retail
ORD-102454,2025-04-29 16:14,C00361,SKU-1001,Mechanical keyboard,Peripherals,-1,"Rs 9,800",0,United Arab Emirates,marketplace
ORD-101626,12/04/2025,C00686,SKU-1003,USB-C cable 2m,Cables,1,Rs 850,20,UK,retail
ORD-103071,2025-04-23 12:14,C00058,SKU-1005,24 inch monitor,Displays,1,"Rs 32,900",0,United Kingdom,marketplace
ORD-100514,2026-01-06 09:14,C00429,SKU-1001,Mechanical keyboard,Peripherals,1,"Rs 9,800",5,PK,retail
ORD-104483,2026-08-16 18:14,C00131,SKU-1005,24 inch monitor,Displays,1,"Rs 32,900",5,UK,retail
ORD-103402,2025-12-16 09:14,C00699,SKU-1006,Laptop stand,Accessories,1,"Rs 4,200",20,UAE,Website
ORD-100759,2025-04-10 18:14,C00036,SKU-1010,65W GaN charger,Power,3,"Rs 3,900",0,UK,retail
ORD-105038,2026-03-12 18:14,C00052,SKU-1008,1TB portable SSD,Storage,2,"Rs 13,500",0,PK,website
ORD-102131,2025-08-25 19:14,C00057,SKU-1003,USB-C cable 2m,Cables,1,Rs 850,0,pakistan,marketplace
ORD-104844,2026-06-16 07:14,C00746,SKU-1007,Noise cancelling headset,Audio,1,"Rs 6,900",0,Saudi Arabia,website
ORD-101733,2025-06-10 13:14,C00007,SKU-1004,HDMI cable 1.5m,Cables,1,"Rs 1,300",0,UAE,retail
ORD-100075,2025-05-15 12:14,C00885,SKU-1007,Noise cancelling headset,Audio,1,"Rs 6,900",10,pakistan,marketplace
ORD-101657,2026-05-07 13:14,C00025,SKU-1005,24 inch monitor,Displays,2,"Rs 32,900",0,pakistan,marketplace
ORD-104450,17/06/2025,C00549,SKU-1001,Mechanical keyboard,Peripherals,1,"Rs 9,800",20,UK,website
ORD-104499,2025-09-19 17:14,C00025,SKU-1001,Mechanical keyboard,Peripherals,1,"Rs 9,800",0,United Kingdom,website
ORD-100046,2026-04-16 20:14,C00703,SKU-1010,65W GaN charger,Power,1,"Rs 3,900",20,UAE,Website
ORD-100249,31/03/2026,C00125,SKU-1001,Mechanical keyboard,Peripherals,1,"Rs 9,800",0,pakistan,website
ORD-105369,2025-11-11 19:14,C00089,SKU-1002,Wireless mouse,Peripherals,1,"Rs 2,600",0,UAE,retail
ORD-100043,2025-10-31 19:14,C00006,SKU-1002,Wireless mouse,Peripherals,-1,"Rs 2,600",0,PK,Website
ORD-104062,2025-11-14 19:14,C00008,SKU-1001,Mechanical keyboard,Peripherals,3,"Rs 9,800",0,Saudi Arabia,marketplace
ORD-100997,2025-07-19 16:14,C00035,SKU-1001,Mechanical keyboard,Peripherals,1,"Rs 9,800",0,UAE,retail
ORD-103251,2025-07-29 18:14,C00037,SKU-1010,65W GaN charger,Power,1,"Rs 3,900",0,Pakistan,website
ORD-101160,2025-04-24 08:14,C00172,SKU-1010,65W GaN charger,Power,1,"Rs 3,900",0,Pakistan,Website
ORD-103698,2025-06-10 10:14,C00028,SKU-1006,Laptop stand,Accessories,1,"Rs 4,200",0,Pakistan,retail
ORD-102182,2025-07-07 12:14,C00722,SKU-1005,24 inch monitor,Displays,1,"Rs 32,900",0,UK,Website
ORD-101514,2025-09-15 15:14,C00677,SKU-1005,24 inch monitor,Displays,1,"Rs 32,900",0,United Kingdom,retail
ORD-100339,2025-05-19 16:14,C00859,SKU-1003,USB-C cable 2m,Cables,1,Rs 850,5,United Kingdom,retail
ORD-101396,2026-07-31 12:14,C00037,SKU-1010,65W GaN charger,Power,1,"Rs 3,900",5,PK,retail
ORD-102665,2025-09-03 19:14,C00080,SKU-1005,24 inch monitor,Displays,3,"Rs 32,900",5,United Kingdom,marketplace
ORD-101120,2026-04-09 07:14,C00020,SKU-1007,Noise cancelling headset,Audio,1,"Rs 6,900",0,Pakistan,marketplace
ORD-102464,31/07/2026,C00495,SKU-1004,HDMI cable 1.5m,Cables,2,"Rs 1,300",0,United Arab Emirates,Website
ORD-101440,2025-08-12 17:14,C00034,SKU-1003,USB-C cable 2m,Cables,1,Rs 850,5,PK,Website
ORD-104333,2025-07-14 10:14,C00423,SKU-1005,24 inch monitor,Displays,2,"Rs 32,900",5,Pakistan,marketplace
ORD-102110,2025-06-05 07:14,C00052,SKU-1001,Mechanical keyboard,Peripherals,1,"Rs 9,800",0,United Kingdom,retail
ORD-104133,2026-07-02 20:14,C00014,SKU-1009,Webcam 1080p,Video,2,"Rs 5,400",0,Saudi Arabia,marketplace
ORD-100791,2025-04-15 12:14,C00048,SKU-1008,1TB portable SSD,Storage,2,"Rs 13,500",0,PK,retail
ORD-102072,2025-03-23 08:14,C00019,SKU-1007,Noise cancelling headset,Audio,1,"Rs 6,900",0,pakistan,retail
ORD-102398,2025-11-04 09:14,C00154,SKU-1010,65W GaN charger,Power,2,"Rs 3,900",0,Saudi Arabia,Website
ORD-105504,2026-08-11 17:14,C00058,SKU-1005,24 inch monitor,Displays,1,"Rs 32,900",20,UK,website
ORD-103970,2026-07-06 07:14,C00675,SKU-1003,USB-C cable 2m,Cables,1,Rs 850,0,Pakistan,marketplace
ORD-104178,2025-04-21 15:14,C00751,SKU-1007,Noise cancelling headset,Audio,1,"Rs 6,900",5,pakistan,retail
ORD-102333,2025-08-28 20:14,C00151,SKU-1005,24 inch monitor,Displays,1,"Rs 32,900",0,Pakistan,marketplace
ORD-100893,2025-08-20 11:14,C00019,SKU-1005,24 inch monitor,Displays,3,"Rs 32,900",0,UAE,marketplace
ORD-104366,2026-01-27 09:14,C00698,SKU-1010,65W GaN charger,Power,1,"Rs 3,900",10,UAE,Website
ORD-102586,2025-03-31 16:14,C00733,SKU-1010,65W GaN charger,Power,1,"Rs 3,900",10,UAE,website
ORD-100060,2025-08-06 17:14,C00016,SKU-1008,1TB portable SSD,Storage,1,"Rs 13,500",0,UK,retail
ORD-100074,2026-01-19 07:14,C00353,SKU-1001,Mechanical keyboard,Peripherals,2,"Rs 9,800",0,UK,Website
ORD-105238,2026-03-20 11:14,C00041,SKU-1007,Noise cancelling headset,Audio,3,"Rs 6,900",10,UAE,marketplace
ORD-100996,2026-03-26 17:14,C00030,SKU-1009,Webcam 1080p,Video,1,"Rs 5,400",5,UAE,website
ORD-102075,2026-03-28 12:14,C00024,SKU-1009,Webcam 1080p,Video,1,"Rs 5,400",0,UK,website
ORD-103502,2025-11-14 07:14,C00736,SKU-1009,Webcam 1080p,Video,1,"Rs 5,400",0,UAE,website
ORD-101910,2025-04-09 11:14,C00883,SKU-1005,24 inch monitor,Displays,2,"Rs 32,900",0,pakistan,Website
ORD-100471,2026-08-31 14:14,C00367,SKU-1009,Webcam 1080p,Video,1,"Rs 5,400",10,United Arab Emirates,marketplace
ORD-102148,2025-08-06 16:14,C00164,SKU-1010,65W GaN charger,Power,1,"Rs 3,900",0,UK,Website
ORD-101675,2026-03-11 12:14,C00038,SKU-1003,USB-C cable 2m,Cables,1,Rs 850,0,United Arab Emirates,Website
ORD-104673,2026-07-13 20:14,C00516,SKU-1003,USB-C cable 2m,Cables,1,Rs 850,5,PK,Website
ORD-104701,2025-08-24 10:14,C00738,SKU-1009,Webcam 1080p,Video,1,"Rs 5,400",0,United Arab Emirates,Website
ORD-104396,2026-01-01 13:14,C00362,SKU-1003,USB-C cable 2m,Cables,1,Rs 850,5,PK,Website
ORD-104874,2026-03-29 10:14,C00011,SKU-1009,Webcam 1080p,Video,3,"Rs 5,400",0,Pakistan,website
ORD-101218,2025-11-17 14:14,C00001,SKU-1005,24 inch monitor,Displays,2,"Rs 32,900",0,Pakistan,retail
ORD-100999,2026-03-28 18:14,,SKU-1009,Webcam 1080p,Video,1,"Rs 5,400",5,UK,marketplace
ORD-105598,2026-08-29 14:14,C00038,SKU-1008,1TB portable SSD,Storage,2,"Rs 13,500",0,PK,retail
ORD-105485,2025-12-28 08:14,C00017,SKU-1002,Wireless mouse,Peripherals,1,"Rs 2,600",0,United Kingdom,marketplace
ORD-101421,2025-10-31 11:14,C00416,SKU-1005,24 inch monitor,Displays,-2,"Rs 32,900",0,PK,marketplace
ORD-101091,2025-10-24 10:14,C00044,SKU-1006,Laptop stand,Accessories,1,"Rs 4,200",10,United Arab Emirates,marketplace
ORD-100087,2026-04-04 16:14,C00054,SKU-1002,Wireless mouse,Peripherals,-1,"Rs 2,600",0,UK,Website
ORD-105571,2026-01-31 07:14,C00087,SKU-1009,Webcam 1080p,Video,1,"Rs 5,400",0,UK,website
ORD-100820,2025-10-01 16:14,C00018,SKU-1009,Webcam 1080p,Video,2,"Rs 5,400",0,UK,website
ORD-102529,2025-08-02 12:14,C00050,SKU-1001,Mechanical keyboard,Peripherals,1,"Rs 9,800",0,United Arab Emirates,retail
ORD-101700,2026-04-07 09:14,C00039,SKU-1007,Noise cancelling headset,Audio,1,"Rs 6,900",0,United Arab Emirates,marketplace
ORD-104413,2025-05-25 15:14,C00434,SKU-1006,Laptop stand,Accessories,2,"Rs 4,200",0,United Kingdom,retail
ORD-103639,2025-04-13 19:14,C00598,SKU-1008,1TB portable SSD,Storage,1,"Rs 13,500",0,Pakistan,marketplace
ORD-100269,2025-06-15 14:14,C00171,SKU-1003,USB-C cable 2m,Cables,1,Rs 850,0,pakistan,Website
ORD-103255,2025-03-28 18:14,C00158,SKU-1010,65W GaN charger,Power,1,"Rs 3,900",0,Pakistan,marketplace
ORD-103171,2025-07-31 10:14,C00004,SKU-1001,Mechanical keyboard,Peripherals,1,"Rs 9,800",0,United Arab Emirates,marketplace
ORD-102235,2025-12-29 20:14,C00039,SKU-1005,24 inch monitor,Displays,1,"Rs 32,900",0,Saudi Arabia,retail
ORD-100873,2026-03-25 08:14,C00052,SKU-1003,USB-C cable 2m,Cables,-1,Rs 850,0,PK,Website
ORD-100640,2025-05-19 11:14,C00433,SKU-1010,65W GaN charger,Power,-1,"Rs 3,900",0,UAE,marketplace
ORD-101461,2025-06-16 07:14,C00337,SKU-1010,65W GaN charger,Power,1,"Rs 3,900",0,UK,marketplace
ORD-101632,2026-04-05 18:14,C00792,SKU-1007,Noise cancelling headset,Audio,1,"Rs 6,900",10,UK,website
ORD-101201,2026-03-06 15:14,C00620,SKU-1001,Mechanical keyboard,Peripherals,1,"Rs 9,800",0,Pakistan,Website
ORD-103054,2026-04-12 14:14,C00058,SKU-1006,Laptop stand,Accessories,1,"Rs 4,200",10,UAE,website
ORD-102900,2026-03-21 15:14,C00341,SKU-1002,Wireless mouse,Peripherals,1,"Rs 2,600",0,PK,website
ORD-103279,2025-11-02 19:14,,SKU-1005,24 inch monitor,Displays,2,"Rs 32,900",0,United Arab Emirates,marketplace
ORD-105094,2026-04-01 15:14,C00058,SKU-1004,HDMI cable 1.5m,Cables,1,"Rs 1,300",0,Saudi Arabia,retail
ORD-101948,2025-12-21 13:14,C00478,SKU-1006,Laptop stand,Accessories,1,"Rs 4,200",0,pakistan,Website
ORD-101333,2025-08-18 10:14,C00707,SKU-1008,1TB portable SSD,Storage,1,"Rs 13,500",0,Pakistan,marketplace
ORD-100564,2026-08-28 20:14,C00350,SKU-1003,USB-C cable 2m,Cables,1,Rs 850,10,Pakistan,marketplace
ORD-103766,2025-09-01 20:14,C00522,SKU-1010,65W GaN charger,Power,1,"Rs 3,900",5,Saudi Arabia,retail
ORD-100158,2026-06-24 20:14,C00383,SKU-1003,USB-C cable 2m,Cables,1,Rs 850,0,UK,Website
ORD-103608,2025-05-16 15:14,C00059,SKU-1002,Wireless mouse,Peripherals,1,"Rs 2,600",0,United Kingdom,retail
ORD-105194,2025-09-01 13:14,C00879,SKU-1003,USB-C cable 2m,Cables,1,Rs 850,0,United Arab Emirates,website
ORD-104559,2026-03-17 10:14,C00775,SKU-1001,Mechanical keyboard,Peripherals,2,"Rs 9,800",10,United Arab Emirates,marketplace
ORD-101517,2026-07-01 14:14,C00767,SKU-1001,Mechanical keyboard,Peripherals,1,"Rs 9,800",5,pakistan,retail
ORD-102284,2025-07-20 18:14,C00717,SKU-1005,24 inch monitor,Displays,1,"Rs 32,900",0,United Arab Emirates,Website
ORD-104890,2026-09-05 19:14,C00490,SKU-1006,Laptop stand,Accessories,1,"Rs 4,200",10,United Arab Emirates,website
ORD-102768,2025-07-04 16:14,C00836,SKU-1005,24 inch monitor,Displays,3,"Rs 32,900",0,Pakistan,retail
ORD-100857,2025-08-14 14:14,C00878,SKU-1002,Wireless mouse,Peripherals,1,"Rs 2,600",0,UAE,website
ORD-100014,2026-06-29 09:14,C00338,SKU-1010,65W GaN charger,Power,1,"Rs 3,900",10,PK,marketplace
ORD-102794,2025-06-04 14:14,C00013,SKU-1002,Wireless mouse,Peripherals,1,"Rs 2,600",0,pakistan,website
ORD-101244,2026-05-17 17:14,C00753,SKU-1002,Wireless mouse,Peripherals,1,"Rs 2,600",0,United Kingdom,marketplace
ORD-105771,2025-12-11 10:14,C00525,SKU-1004,HDMI cable 1.5m,Cables,2,"Rs 1,300",0,UAE,Website
ORD-104982,2026-02-05 15:14,C00593,SKU-1003,USB-C cable 2m,Cables,2,Rs 850,0,United Arab Emirates,retail
ORD-104033,2025-04-15 08:14,C00029,SKU-1001,Mechanical keyboard,Peripherals,1,"Rs 9,800",20,PK,website
ORD-101522,2025-04-01 19:14,C00361,SKU-1007,Noise cancelling headset,Audio,1,"Rs 6,900",0,UK,marketplace
ORD-105753,2025-09-18 14:14,C00658,SKU-1008,1TB portable SSD,Storage,1,"Rs 13,500",0,UK,retail
ORD-103295,23/10/2025,C00534,SKU-1010,65W GaN charger,Power,1,"Rs 3,900",0,United Kingdom,website
ORD-103530,2025-11-25 10:14,C00013,SKU-1003,USB-C cable 2m,Cables,1,Rs 850,0,United Kingdom,website
ORD-104440,2025-08-27 11:14,C00529,SKU-1008,1TB portable SSD,Storage,1,"Rs 13,500",0,UAE,retail
ORD-104543,2026-07-21 15:14,C00047,SKU-1008,1TB portable SSD,Storage,1,"Rs 13,500",0,Saudi Arabia,Website
ORD-105327,2026-01-10 11:14,C00013,SKU-1004,HDMI cable 1.5m,Cables,1,"Rs 1,300",0,Pakistan,website
ORD-100286,2025-05-16 13:14,C00296,SKU-1006,Laptop stand,Accessories,1,"Rs 4,200",0,United Kingdom,retail
ORD-101426,2026-02-18 14:14,C00861,SKU-1010,65W GaN charger,Power,3,"Rs 3,900",0,UAE,website
ORD-101458,2026-06-30 19:14,C00699,SKU-1009,Webcam 1080p,Video,1,"Rs 5,400",0,UK,marketplace
ORD-102853,2025-09-22 11:14,C00010,SKU-1005,24 inch monitor,Displays,2,"Rs 32,900",0,pakistan,marketplace
ORD-102116,2026-07-07 18:14,C00222,SKU-1006,Laptop stand,Accessories,-1,"Rs 4,200",0,United Kingdom,website
ORD-102079,2025-06-13 13:14,C00180,SKU-1001,Mechanical keyboard,Peripherals,1,"Rs 9,800",10,pakistan,Website
ORD-103939,2026-07-29 11:14,C00043,SKU-1008,1TB portable SSD,Storage,2,"Rs 13,500",0,UAE,website
ORD-104923,2026-04-06 10:14,C00722,SKU-1005,24 inch monitor,Displays,2,"Rs 32,900",0,UK,marketplace
ORD-102304,2026-02-02 17:14,C00242,SKU-1004,HDMI cable 1.5m,Cables,1,"Rs 1,300",0,United Arab Emirates,retail
ORD-101472,2026-06-09 09:14,C00886,SKU-1001,Mechanical keyboard,Peripherals,5,"Rs 9,800",0,pakistan,Website
ORD-104444,2025-05-30 16:14,C00018,SKU-1001,Mechanical keyboard,Peripherals,1,"Rs 9,800",0,Pakistan,retail
ORD-101303,2025-06-17 18:14,,SKU-1002,Wireless mouse,Peripherals,1,"Rs 2,600",0,pakistan,marketplace
ORD-103119,2026-08-29 18:14,C00647,SKU-1002,Wireless mouse,Peripherals,-1,"Rs 2,600",0,United Kingdom,Website
ORD-104466,2026-01-24 07:14,C00889,SKU-1008,1TB portable SSD,Storage,1,"Rs 13,500",5,pakistan,Website
ORD-103043,2026-06-23 16:14,C00004,SKU-1004,HDMI cable 1.5m,Cables,1,"Rs 1,300",0,pakistan,marketplace
ORD-104861,2025-10-12 15:14,C00300,SKU-1006,Laptop stand,Accessories,1,"Rs 4,200",20,United Kingdom,website
ORD-102551,2025-09-28 20:14,C00030,SKU-1002,Wireless mouse,Peripherals,1,"Rs 2,600",0,Pakistan,Website
ORD-100940,2025-05-22 10:14,C00052,SKU-1009,Webcam 1080p,Video,1,"Rs 5,400",10,PK,website
ORD-101649,2026-06-28 11:14,C00040,SKU-1009,Webcam 1080p,Video,1,"Rs 5,400",5,United Arab Emirates,retail
ORD-105174,2025-09-12 20:14,C00472,SKU-1008,1TB portable SSD,Storage,1,"Rs 13,500",0,Saudi Arabia,retail
ORD-100395,2025-09-10 20:14,C00121,SKU-1009,Webcam 1080p,Video,-2,"Rs 5,400",0,pakistan,Website
ORD-102936,2025-08-14 07:14,C00295,SKU-1002,Wireless mouse,Peripherals,2,"Rs 2,600",5,UK,Website
ORD-103175,2025-09-29 08:14,C00625,SKU-1006,Laptop stand,Accessories,1,"Rs 4,200",0,United Arab Emirates,Website
ORD-101041,2026-04-16 20:14,C00033,SKU-1002,Wireless mouse,Peripherals,1,"Rs 2,600",0,UAE,marketplace
ORD-104402,2026-01-18 17:14,C00015,SKU-1008,1TB portable SSD,Storage,3,"Rs 13,500",10,UAE,Website
ORD-105634,2026-07-13 09:14,C00656,SKU-1001,Mechanical keyboard,Peripherals,1,"Rs 9,800",0,PK,Website
ORD-104727,2025-05-03 08:14,C00042,SKU-1003,USB-C cable 2m,Cables,1,Rs 850,0,pakistan,retail
ORD-101298,2026-08-26 10:14,C00723,SKU-1004,HDMI cable 1.5m,Cables,1,"Rs 1,300",10,UAE,website
ORD-100541,2026-07-26 18:14,C00097,SKU-1008,1TB portable SSD,Storage,2,"Rs 13,500",0,UAE,marketplace
ORD-102380,2025-06-10 19:14,C00762,SKU-1010,65W GaN charger,Power,1,,0,UK,retail
ORD-105037,2026-04-18 17:14,C00008,SKU-1006,Laptop stand,Accessories,1,"Rs 4,200",0,Pakistan,marketplace
ORD-105765,2025-03-22 08:14,C00792,SKU-1005,24 inch monitor,Displays,1,"Rs 32,900",0,UK,retail
ORD-104715,2025-10-03 07:14,C00464,SKU-1010,65W GaN charger,Power,1,"Rs 3,900",0,pakistan,retail
ORD-100256,2026-05-22 11:14,C00288,SKU-1002,Wireless mouse,Peripherals,1,"Rs 2,600",0,UK,retail
ORD-105595,2026-05-13 11:14,C00592,SKU-1001,Mechanical keyboard,Peripherals,2,"Rs 9,800",0,pakistan,website
ORD-103417,2025-09-15 07:14,C00047,SKU-1003,USB-C cable 2m,Cables,1,Rs 850,0,Saudi Arabia,website
ORD-104825,2025-05-27 16:14,C00039,SKU-1007,Noise cancelling headset,Audio,1,"Rs 6,900",0,UK,website
ORD-102625,2026-05-03 15:14,C00143,SKU-1008,1TB portable SSD,Storage,2,"Rs 13,500",0,Pakistan,marketplace
ORD-100670,2026-02-05 16:14,C00030,SKU-1009,Webcam 1080p,Video,1,"Rs 5,400",10,pakistan,website
ORD-103781,2026-01-05 12:14,C00057,SKU-1004,HDMI cable 1.5m,Cables,1,"Rs 1,300",5,Saudi Arabia,marketplace
ORD-103691,2026-06-06 08:14,C00046,SKU-1009,Webcam 1080p,Video,1,"Rs 5,400",0,UK,Website
ORD-101279,2026-05-28 20:14,C00309,SKU-1003,USB-C cable 2m,Cables,1,Rs 850,10,pakistan,marketplace
ORD-105244,2026-07-08 17:14,C00401,SKU-1005,24 inch monitor,Displays,1,"Rs 32,900",10,United Arab Emirates,website
ORD-101263,2025-08-15 16:14,C00303,SKU-1009,Webcam 1080p,Video,1,"Rs 5,400",10,pakistan,retail
ORD-104953,2026-02-11 18:14,C00445,SKU-1010,65W GaN charger,Power,2,"Rs 3,900",10,pakistan,website
ORD-100605,2026-08-23 16:14,C00451,SKU-1008,1TB portable SSD,Storage,1,"Rs 13,500",10,Saudi Arabia,retail
ORD-101728,2026-02-23 12:14,C00618,SKU-1009,Webcam 1080p,Video,1,"Rs 5,400",0,United Arab Emirates,marketplace
ORD-100390,2025-10-02 14:14,C00721,SKU-1001,Mechanical keyboard,Peripherals,1,"Rs 9,800",0,United Arab Emirates,Website
ORD-103959,2025-07-22 11:14,C00300,SKU-1006,Laptop stand,Accessories,1,"Rs 4,200",5,United Arab Emirates,marketplace
ORD-105351,2026-08-01 13:14,C00774,SKU-1003,USB-C cable 2m,Cables,1,Rs 850,0,United Arab Emirates,marketplace
ORD-100035,2025-08-08 13:14,C00595,SKU-1008,1TB portable SSD,Storage,1,"Rs 13,500",0,PK,website
ORD-103487,2026-03-19 16:14,C00121,SKU-1010,65W GaN charger,Power,1,"Rs 3,900",0,UK,retail
ORD-100806,2026-04-15 11:14,C00392,SKU-1003,USB-C cable 2m,Cables,1,Rs 850,5,UAE,marketplace
ORD-102222,2025-10-08 16:14,C00585,SKU-1002,Wireless mouse,Peripherals,1,"Rs 2,600",0,Pakistan,marketplace
ORD-103294,2025-09-16 09:14,C00242,SKU-1002,Wireless mouse,Peripherals,1,"Rs 2,600",0,United Arab Emirates,retail
ORD-104035,2025-07-24 17:14,C00040,SKU-1002,Wireless mouse,Peripherals,2,"Rs 2,600",0,United Kingdom,website
ORD-100603,2026-07-22 19:14,C00258,SKU-1010,65W GaN charger,Power,1,"Rs 3,900",0,UK,Website
ORD-101125,2025-07-28 15:14,C00009,SKU-1010,65W GaN charger,Power,1,"Rs 3,900",0,UAE,website
ORD-105322,2026-06-12 07:14,C00160,SKU-1004,HDMI cable 1.5m,Cables,3,"Rs 1,300",5,Saudi Arabia,Website
ORD-103395,2025-10-22 09:14,C00117,SKU-1009,Webcam 1080p,Video,1,"Rs 5,400",5,PK,website
ORD-102904,2025-12-12 17:14,C00409,SKU-1010,65W GaN charger,Power,1,"Rs 3,900",0,PK,retail
ORD-102611,2026-04-18 10:14,C00571,SKU-1008,1TB portable SSD,Storage,1,"Rs 13,500",0,UAE,retail
ORD-103209,2025-08-20 08:14,C00206,SKU-1009,Webcam 1080p,Video,2,"Rs 5,400",5,PK,Website
ORD-105273,2025-07-30 15:14,C00005,SKU-1004,HDMI cable 1.5m,Cables,2,"Rs 1,300",0,Saudi Arabia,website
ORD-101114,2025-04-04 11:14,C00257,SKU-1007,Noise cancelling headset,Audio,1,"Rs 6,900",0,United Arab Emirates,marketplace
ORD-100214,2026-02-04 11:14,C00054,SKU-1002,Wireless mouse,Peripherals,-3,"Rs 2,600",0,United Kingdom,marketplace
ORD-101097,2025-05-15 11:14,C00534,SKU-1001,Mechanical keyboard,Peripherals,1,"Rs 9,800",0,UK,retail
ORD-102271,11/06/2025,C00037,SKU-1004,HDMI cable 1.5m,Cables,1,"Rs 1,300",0,Pakistan,retail
ORD-102127,2026-01-15 09:14,C00254,SKU-1009,Webcam 1080p,Video,2,"Rs 5,400",20,United Kingdom,retail
ORD-103994,2025-12-30 16:14,C00667,SKU-1003,USB-C cable 2m,Cables,1,Rs 850,10,pakistan,website
ORD-100195,04/09/2025,C00009,SKU-1007,Noise cancelling headset,Audio,2,"Rs 6,900",0,UK,retail
ORD-100063,2026-08-28 19:14,C00014,SKU-1001,Mechanical keyboard,Peripherals,1,"Rs 9,800",5,UK,marketplace
ORD-101439,2025-12-18 08:14,C00605,SKU-1001,Mechanical keyboard,Peripherals,1,"Rs 9,800",0,pakistan,marketplace
ORD-101709,2025-07-26 19:14,C00228,SKU-1007,Noise cancelling headset,Audio,2,"Rs 6,900",0,United Kingdom,website
ORD-101718,2026-09-06 08:14,C00004,SKU-1009,Webcam 1080p,Video,3,"Rs 5,400",0,UAE,marketplace
ORD-103547,2026-07-26 13:14,C00445,SKU-1005,24 inch monitor,Displays,1,"Rs 32,900",0,PK,marketplace
ORD-105367,2026-03-15 10:14,C00011,SKU-1002,Wireless mouse,Peripherals,1,"Rs 2,600",0,United Arab Emirates,marketplace
ORD-105620,2025-11-23 09:14,C00387,SKU-1003,USB-C cable 2m,Cables,1,Rs 850,0,United Kingdom,website
ORD-105930,2025-07-20 14:14,C00048,SKU-1001,Mechanical keyboard,Peripherals,1,"Rs 9,800",0,United Arab Emirates,marketplace
ORD-100141,2025-09-06 10:14,C00772,SKU-1007,Noise cancelling headset,Audio,1,"Rs 6,900",0,PK,website
ORD-101378,2025-06-26 09:14,C00174,SKU-1009,Webcam 1080p,Video,1,"Rs 5,400",10,pakistan,retail
ORD-105986,2025-12-15 08:14,C00054,SKU-1009,Webcam 1080p,Video,1,"Rs 5,400",0,United Arab Emirates,Website
ORD-102915,24/04/2026,C00043,SKU-1005,24 inch monitor,Displays,1,"Rs 32,900",0,Saudi Arabia,marketplace
ORD-104830,2026-08-28 18:14,C00034,SKU-1006,Laptop stand,Accessories,3,"Rs 4,200",5,Saudi Arabia,website
ORD-104442,2025-04-23 20:14,C00214,SKU-1007,Noise cancelling headset,Audio,5,"Rs 6,900",0,Pakistan,retail
ORD-103693,2025-07-28 16:14,C00553,SKU-1008,1TB portable SSD,Storage,1,"Rs 13,500",0,UAE,retail
ORD-101623,2025-07-28 11:14,C00352,SKU-1005,24 inch monitor,Displays,3,"Rs 32,900",5,Saudi Arabia,Website
ORD-105175,2025-06-19 18:14,C00394,SKU-1008,1TB portable SSD,Storage,1,"Rs 13,500",0,pakistan,marketplace
ORD-101167,2026-07-03 12:14,,SKU-1002,Wireless mouse,Peripherals,2,"Rs 2,600",0,pakistan,Website
ORD-100175,2025-10-21 11:14,C00298,SKU-1007,Noise cancelling headset,Audio,1,"Rs 6,900",0,UAE,retail
ORD-104610,2025-10-06 17:14,C00376,SKU-1007,Noise cancelling headset,Audio,1,"Rs 6,900",0,United Kingdom,Website
ORD-102605,2026-02-14 20:14,C00340,SKU-1007,Noise cancelling headset,Audio,2,"Rs 6,900",5,United Kingdom,website
ORD-102702,2025-09-11 07:14,C00581,SKU-1004,HDMI cable 1.5m,Cables,1,"Rs 1,300",0,pakistan,Website
ORD-104496,2026-08-23 09:14,C00218,SKU-1005,24 inch monitor,Displays,1,"Rs 32,900",0,United Kingdom,marketplace
ORD-104430,2026-06-26 11:14,C00894,SKU-1001,Mechanical keyboard,Peripherals,2,"Rs 9,800",0,UAE,retail
ORD-103727,2025-04-26 10:14,C00111,SKU-1001,Mechanical keyboard,Peripherals,1,"Rs 9,800",0,United Arab Emirates,retail
ORD-103641,2026-05-21 07:14,C00415,SKU-1002,Wireless mouse,Peripherals,1,"Rs 2,600",10,Pakistan,Website
ORD-102092,2026-05-03 08:14,C00050,SKU-1001,Mechanical keyboard,Peripherals,1,"Rs 9,800",5,UK,retail
ORD-103786,2025-10-17 07:14,C00033,SKU-1005,24 inch monitor,Displays,1,"Rs 32,900",0,UK,Website
ORD-104626,2025-07-14 10:14,C00356,SKU-1008,1TB portable SSD,Storage,2,"Rs 13,500",0,PK,website
ORD-105312,2025-06-13 14:14,C00356,SKU-1001,Mechanical keyboard,Peripherals,3,"Rs 9,800",0,UAE,marketplace
ORD-102285,2026-06-13 08:14,,SKU-1005,24 inch monitor,Displays,1,"Rs 32,900",0,PK,retail
ORD-100484,2026-07-05 19:14,C00374,SKU-1001,Mechanical keyboard,Peripherals,1,"Rs 9,800",0,United Kingdom,retail
ORD-104376,2026-06-26 15:14,C00298,SKU-1006,Laptop stand,Accessories,1,"Rs 4,200",10,Pakistan,Website
ORD-105029,2025-05-18 19:14,C00047,SKU-1008,1TB portable SSD,Storage,2,"Rs 13,500",0,Pakistan,retail
ORD-101909,2025-09-06 10:14,C00548,SKU-1004,HDMI cable 1.5m,Cables,1,"Rs 1,300",0,PK,marketplace
ORD-102165,2026-01-04 13:14,C00035,SKU-1004,HDMI cable 1.5m,Cables,1,"Rs 1,300",0,UK,marketplace
ORD-102274,2025-12-02 15:14,C00031,SKU-1009,Webcam 1080p,Video,2,"Rs 5,400",0,United Arab Emirates,website
ORD-100769,2025-12-15 07:14,,SKU-1001,Mechanical keyboard,Peripherals,5,"Rs 9,800",10,pakistan,retail
ORD-102781,2025-06-10 19:14,C00024,SKU-1008,1TB portable SSD,Storage,2,"Rs 13,500",0,pakistan,Website
ORD-100701,2025-10-19 19:14,C00633,SKU-1009,Webcam 1080p,Video,1,"Rs 5,400",5,pakistan,Website
ORD-105567,2026-02-19 07:14,C00485,SKU-1004,HDMI cable 1.5m,Cables,1,"Rs 1,300",0,Pakistan,retail
ORD-102726,2025-09-09 13:14,C00055,SKU-1008,1TB portable SSD,Storage,1,"Rs 13,500",0,United Kingdom,Website
ORD-105341,2025-09-20 20:14,C00565,SKU-1003,USB-C cable 2m,Cables,1,Rs 850,5,United Arab Emirates,retail
ORD-104428,2025-06-17 14:14,C00005,SKU-1002,Wireless mouse,Peripherals,1,"Rs 2,600",0,PK,Website
ORD-100218,13/02/2026,C00883,SKU-1010,65W GaN charger,Power,1,"Rs 3,900",0,United Arab Emirates,Website
ORD-105845,2025-08-30 08:14,C00092,SKU-1008,1TB portable SSD,Storage,1,"Rs 13,500",0,pakistan,website
ORD-103568,2026-06-16 12:14,C00052,SKU-1008,1TB portable SSD,Storage,1,"Rs 13,500",5,United Arab Emirates,retail
ORD-105126,2025-09-08 15:14,C00131,SKU-1001,Mechanical keyboard,Peripherals,1,"Rs 9,800",0,PK,marketplace
ORD-100755,2026-04-18 14:14,C00003,SKU-1003,USB-C cable 2m,Cables,1,Rs 850,0,United Arab Emirates,retail
ORD-100025,2025-04-05 16:14,C00003,SKU-1007,Noise cancelling headset,Audio,1,"Rs 6,900",0,pakistan,website
ORD-102243,2025-12-18 15:14,C00584,SKU-1003,USB-C cable 2m,Cables,1,Rs 850,0,pakistan,Website
ORD-105268,2026-07-23 17:14,C00160,SKU-1010,65W GaN charger,Power,2,"Rs 3,900",0,Pakistan,marketplace
ORD-101562,01/05/2026,C00528,SKU-1007,Noise cancelling headset,Audio,1,"Rs 6,900",0,Saudi Arabia,Website
ORD-102071,2025-11-12 16:14,C00034,SKU-1007,Noise cancelling headset,Audio,1,"Rs 6,900",5,UAE,retail
ORD-101365,2025-09-02 17:14,C00051,SKU-1002,Wireless mouse,Peripherals,1,"Rs 2,600",0,UK,Website
ORD-100475,2026-03-16 19:14,C00841,SKU-1009,Webcam 1080p,Video,2,"Rs 5,400",0,United Kingdom,marketplace
ORD-100677,2025-12-01 09:14,C00618,SKU-1006,Laptop stand,Accessories,2,"Rs 4,200",0,UK,Website
ORD-104688,2025-10-13 15:14,C00094,SKU-1007,Noise cancelling headset,Audio,1,"Rs 6,900",5,UAE,marketplace
ORD-105696,2025-11-12 07:14,C00498,SKU-1008,1TB portable SSD,Storage,1,"Rs 13,500",20,UAE,marketplace
ORD-101526,2025-04-28 18:14,C00022,SKU-1001,Mechanical keyboard,Peripherals,1,"Rs 9,800",0,United Arab Emirates,Website
ORD-103580,2026-08-04 10:14,C00054,SKU-1002,Wireless mouse,Peripherals,2,"Rs 2,600",20,pakistan,website
ORD-101679,2025-07-28 07:14,C00033,SKU-1001,Mechanical keyboard,Peripherals,1,"Rs 9,800",0,UAE,Website
ORD-100151,2025-06-05 15:14,C00354,SKU-1001,Mechanical keyboard,Peripherals,1,"Rs 9,800",0,UK,website
ORD-105230,2026-02-04 19:14,C00182,SKU-1004,HDMI cable 1.5m,Cables,1,"Rs 1,300",0,PK,retail
ORD-103751,2026-06-18 16:14,C00278,SKU-1008,1TB portable SSD,Storage,2,"Rs 13,500",5,Saudi Arabia,website
ORD-103674,2025-12-08 17:14,C00043,SKU-1004,HDMI cable 1.5m,Cables,2,"Rs 1,300",0,Pakistan,retail
ORD-102579,2026-09-05 09:14,C00857,SKU-1003,USB-C cable 2m,Cables,1,Rs 850,10,PK,website
ORD-101425,2026-02-23 08:14,C00288,SKU-1006,Laptop stand,Accessories,1,"Rs 4,200",0,UAE,Website
ORD-105857,2026-06-23 14:14,C00047,SKU-1003,USB-C cable 2m,Cables,1,Rs 850,0,pakistan,marketplace
ORD-104906,2026-06-18 17:14,C00007,SKU-1005,24 inch monitor,Displays,2,"Rs 32,900",0,UK,retail
ORD-103348,2025-04-29 12:14,C00263,SKU-1007,Noise cancelling headset,Audio,1,"Rs 6,900",0,PK,marketplace
ORD-101035,2025-04-18 17:14,C00042,SKU-1009,Webcam 1080p,Video,1,"Rs 5,400",10,pakistan,website
ORD-101168,2026-07-14 10:14,,SKU-1001,Mechanical keyboard,Peripherals,1,"Rs 9,800",0,UK,Website
ORD-104678,2026-03-16 20:14,,SKU-1009,Webcam 1080p,Video,1,"Rs 5,400",0,United Arab Emirates,retail
ORD-103264,2026-09-07 19:14,C00627,SKU-1001,Mechanical keyboard,Peripherals,1,"Rs 9,800",10,pakistan,retail
ORD-102882,2026-03-16 16:14,C00303,SKU-1010,65W GaN charger,Power,1,"Rs 3,900",0,UAE,marketplace
ORD-101334,2025-07-04 15:14,C00278,SKU-1003,USB-C cable 2m,Cables,1,Rs 850,0,Saudi Arabia,marketplace
ORD-102448,2026-01-02 10:14,C00010,SKU-1006,Laptop stand,Accessories,1,"Rs 4,200",0,PK,Website
ORD-105093,2026-07-16 18:14,C00770,SKU-1007,Noise cancelling headset,Audio,1,"Rs 6,900",0,PK,website
ORD-101090,2026-02-11 15:14,C00054,SKU-1009,Webcam 1080p,Video,1,"Rs 5,400",10,pakistan,retail
ORD-105434,2025-11-30 20:14,C00423,SKU-1007,Noise cancelling headset,Audio,2,"Rs 6,900",0,UK,Website
ORD-102594,2026-06-28 13:14,C00369,SKU-1006,Laptop stand,Accessories,3,"Rs 4,200",0,Pakistan,Website
ORD-104987,2026-01-29 20:14,C00161,SKU-1005,24 inch monitor,Displays,1,"Rs 32,900",0,United Kingdom,marketplace
ORD-103252,2025-06-07 15:14,C00003,SKU-1006,Laptop stand,Accessories,3,"Rs 4,200",0,UK,retail
ORD-103366,08/05/2026,C00064,SKU-1002,Wireless mouse,Peripherals,2,"Rs 2,600",5,UK,marketplace
ORD-101049,2026-05-13 08:14,C00012,SKU-1010,65W GaN charger,Power,1,"Rs 3,900",0,UK,retail
ORD-102952,2026-04-14 13:14,C00831,SKU-1003,USB-C cable 2m,Cables,1,Rs 850,5,PK,retail
ORD-103862,2026-07-20 15:14,C00042,SKU-1003,USB-C cable 2m,Cables,1,Rs 850,0,PK,Website
ORD-100263,2026-01-24 10:14,C00010,SKU-1010,65W GaN charger,Power,2,"Rs 3,900",0,pakistan,retail
ORD-100036,2025-07-18 14:14,C00445,SKU-1002,Wireless mouse,Peripherals,1,"Rs 2,600",5,pakistan,marketplace
ORD-101346,2026-03-14 15:14,C00029,SKU-1008,1TB portable SSD,Storage,1,"Rs 13,500",5,Pakistan,marketplace
ORD-105628,2025-08-10 08:14,C00047,SKU-1002,Wireless mouse,Peripherals,1,"Rs 2,600",0,United Kingdom,Website
ORD-104925,2025-12-23 10:14,C00047,SKU-1010,65W GaN charger,Power,3,"Rs 3,900",0,UK,marketplace
ORD-101667,2026-04-08 10:14,C00011,SKU-1002,Wireless mouse,Peripherals,1,"Rs 2,600",0,Saudi Arabia,marketplace
ORD-102617,2026-03-18 14:14,C00338,SKU-1003,USB-C cable 2m,Cables,2,Rs 850,0,Saudi Arabia,Website
ORD-103565,2025-05-19 12:14,C00055,SKU-1001,Mechanical keyboard,Peripherals,5,"Rs 9,800",0,United Kingdom,Website
ORD-100966,2026-06-10 11:14,C00059,SKU-1003,USB-C cable 2m,Cables,1,Rs 850,0,UAE,marketplace
ORD-104238,2026-07-16 20:14,C00671,SKU-1002,Wireless mouse,Peripherals,2,"Rs 2,600",0,Saudi Arabia,marketplace
ORD-101551,2026-02-27 07:14,C00040,SKU-1003,USB-C cable 2m,Cables,2,Rs 850,0,United Arab Emirates,Website
ORD-101587,2026-02-07 16:14,C00053,SKU-1008,1TB portable SSD,Storage,1,"Rs 13,500",0,United Arab Emirates,marketplace
ORD-105099,2026-02-25 19:14,C00605,SKU-1008,1TB portable SSD,Storage,2,"Rs 13,500",0,UAE,Website
ORD-105197,2026-05-19 18:14,C00044,SKU-1004,HDMI cable 1.5m,Cables,-1,"Rs 1,300",10,United Arab Emirates,marketplace
ORD-100844,2025-09-05 08:14,C00015,SKU-1008,1TB portable SSD,Storage,1,"Rs 13,500",0,United Kingdom,marketplace
ORD-103625,2026-08-20 17:14,C00025,SKU-1006,Laptop stand,Accessories,1,"Rs 4,200",10,UK,website
ORD-102909,2026-06-06 20:14,C00871,SKU-1002,Wireless mouse,Peripherals,1,"Rs 2,600",0,United Arab Emirates,marketplace
ORD-101619,2026-08-28 09:14,C00390,SKU-1003,USB-C cable 2m,Cables,3,Rs 850,20,pakistan,marketplace
ORD-105868,2025-08-24 16:14,C00054,SKU-1007,Noise cancelling headset,Audio,2,"Rs 6,900",5,Pakistan,retail
ORD-103127,2026-04-01 08:14,C00513,SKU-1009,Webcam 1080p,Video,1,"Rs 5,400",0,pakistan,marketplace
ORD-103961,2025-06-14 08:14,,SKU-1010,65W GaN charger,Power,1,"Rs 3,900",0,UK,retail
ORD-100656,2026-03-26 08:14,C00015,SKU-1009,Webcam 1080p,Video,1,"Rs 5,400",5,United Kingdom,marketplace
ORD-104431,2025-05-01 08:14,C00020,SKU-1009,Webcam 1080p,Video,1,"Rs 5,400",5,PK,website
ORD-100366,2025-05-09 20:14,C00478,SKU-1002,Wireless mouse,Peripherals,2,"Rs 2,600",10,Pakistan,website
ORD-104017,30/08/2026,C00555,SKU-1007,Noise cancelling headset,Audio,2,"Rs 6,900",0,United Arab Emirates,Website
ORD-105019,2026-06-26 18:14,C00198,SKU-1005,24 inch monitor,Displays,1,"Rs 32,900",0,United Kingdom,Website
ORD-101116,2026-08-19 16:14,C00338,SKU-1008,1TB portable SSD,Storage,2,"Rs 13,500",0,UK,retail
ORD-102689,2026-05-18 07:14,C00055,SKU-1010,65W GaN charger,Power,1,"Rs 3,900",0,UAE,retail
ORD-105940,2026-04-05 17:14,C00846,SKU-1006,Laptop stand,Accessories,1,"Rs 4,200",0,United Arab Emirates,marketplace
ORD-105506,2025-07-11 09:14,C00001,SKU-1002,Wireless mouse,Peripherals,1,"Rs 2,600",5,UK,marketplace
ORD-101364,2026-08-17 18:14,C00007,SKU-1001,Mechanical keyboard,Peripherals,1,"Rs 9,800",0,UK,marketplace
ORD-102325,2025-06-10 17:14,C00393,SKU-1005,24 inch monitor,Displays,2,"Rs 32,900",0,Pakistan,website
ORD-103347,2026-07-18 14:14,C00819,SKU-1007,Noise cancelling headset,Audio,1,,0,United Arab Emirates,retail
ORD-101242,2026-05-16 11:14,C00008,SKU-1002,Wireless mouse,Peripherals,1,"Rs 2,600",0,United Kingdom,Website
ORD-102503,2026-02-01 15:14,C00027,SKU-1002,Wireless mouse,Peripherals,1,"Rs 2,600",20,Pakistan,retail
ORD-102473,2026-03-23 20:14,C00834,SKU-1006,Laptop stand,Accessories,1,"Rs 4,200",0,Pakistan,Website
ORD-102608,2025-09-09 12:14,C00022,SKU-1004,HDMI cable 1.5m,Cables,1,"Rs 1,300",0,PK,Website
ORD-101079,2025-11-18 17:14,C00752,SKU-1002,Wireless mouse,Peripherals,1,"Rs 2,600",0,United Kingdom,website
ORD-104601,2026-05-04 13:14,C00656,SKU-1009,Webcam 1080p,Video,1,"Rs 5,400",20,pakistan,retail
ORD-105666,2026-04-01 17:14,C00349,SKU-1009,Webcam 1080p,Video,1,"Rs 5,400",20,PK,Website
ORD-101392,2026-04-21 18:14,C00156,SKU-1010,65W GaN charger,Power,2,"Rs 3,900",5,Saudi Arabia,retail
ORD-105009,2025-04-15 07:14,C00524,SKU-1010,65W GaN charger,Power,1,"Rs 3,900",0,UK,marketplace
ORD-105001,2026-06-27 11:14,C00494,SKU-1008,1TB portable SSD,Storage,1,"Rs 13,500",0,United Arab Emirates,website
ORD-100748,2025-04-20 17:14,C00826,SKU-1005,24 inch monitor,Displays,1,"Rs 32,900",0,UK,website
ORD-104322,2025-08-24 16:14,C00330,SKU-1003,USB-C cable 2m,Cables,1,Rs 850,5,PK,Website
ORD-103026,2025-05-13 13:14,C00015,SKU-1006,Laptop stand,Accessories,1,"Rs 4,200",0,Saudi Arabia,marketplace
ORD-103571,2025-04-04 15:14,C00079,SKU-1002,Wireless mouse,Peripherals,1,"Rs 2,600",0,PK,retail
ORD-105006,2025-11-15 14:14,C00195,SKU-1003,USB-C cable 2m,Cables,1,Rs 850,0,UK,retail
ORD-104863,2025-11-28 13:14,C00085,SKU-1005,24 inch monitor,Displays,1,"Rs 32,900",0,UAE,website
ORD-103217,2026-08-20 12:14,C00011,SKU-1009,Webcam 1080p,Video,1,"Rs 5,400",0,United Arab Emirates,website
ORD-101769,2026-07-20 14:14,C00003,SKU-1009,Webcam 1080p,Video,1,"Rs 5,400",0,Pakistan,website
ORD-102762,2025-03-26 07:14,C00003,SKU-1001,Mechanical keyboard,Peripherals,2,"Rs 9,800",0,PK,Website
ORD-103947,2025-03-23 12:14,,SKU-1003,USB-C cable 2m,Cables,1,Rs 850,0,United Kingdom,marketplace
ORD-105173,2026-05-18 16:14,C00737,SKU-1009,Webcam 1080p,Video,1,"Rs 5,400",0,PK,marketplace
ORD-100456,2026-03-08 15:14,C00888,SKU-1002,Wireless mouse,Peripherals,1,"Rs 2,600",0,United Arab Emirates,website
ORD-104869,2025-09-09 10:14,C00029,SKU-1007,Noise cancelling headset,Audio,2,"Rs 6,900",5,PK,website
ORD-100404,2025-10-11 13:14,C00548,SKU-1009,Webcam 1080p,Video,1,"Rs 5,400",0,Pakistan,retail
ORD-104976,2025-08-13 19:14,,SKU-1010,65W GaN charger,Power,3,"Rs 3,900",20,pakistan,Website
ORD-105961,2025-08-12 14:14,C00068,SKU-1002,Wireless mouse,Peripherals,2,"Rs 2,600",0,Saudi Arabia,website
ORD-101512,2025-12-28 19:14,C00578,SKU-1006,Laptop stand,Accessories,-3,"Rs 4,200",5,United Arab Emirates,retail
ORD-100726,2026-07-09 18:14,C00559,SKU-1009,Webcam 1080p,Video,3,"Rs 5,400",0,PK,website
ORD-100518,2025-12-25 11:14,C00752,SKU-1002,Wireless mouse,Peripherals,5,"Rs 2,600",0,PK,website
ORD-103840,2026-08-20 07:14,C00017,SKU-1004,HDMI cable 1.5m,Cables,1,"Rs 1,300",0,pakistan,Website
ORD-103041,2026-04-27 13:14,C00725,SKU-1010,65W GaN charger,Power,1,"Rs 3,900",5,United Arab Emirates,Website
ORD-104507,2025-05-04 10:14,C00479,SKU-1006,Laptop stand,Accessories,1,"Rs 4,200",0,Pakistan,retail
ORD-101596,2026-08-24 16:14,C00013,SKU-1010,65W GaN charger,Power,2,"Rs 3,900",5,United Arab Emirates,marketplace
ORD-105362,2026-03-25 16:14,C00761,SKU-1008,1TB portable SSD,Storage,3,"Rs 13,500",0,Pakistan,marketplace
ORD-104114,2026-07-05 14:14,C00024,SKU-1004,HDMI cable 1.5m,Cables,1,"Rs 1,300",0,United Kingdom,website
ORD-104289,2025-04-11 08:14,C00489,SKU-1004,HDMI cable 1.5m,Cables,2,"Rs 1,300",0,Pakistan,website
ORD-103534,2026-01-06 11:14,C00046,SKU-1010,65W GaN charger,Power,1,"Rs 3,900",0,Pakistan,marketplace
ORD-104259,2025-07-22 19:14,C00372,SKU-1008,1TB portable SSD,Storage,2,"Rs 13,500",0,pakistan,marketplace
ORD-105360,2026-07-29 20:14,C00274,SKU-1003,USB-C cable 2m,Cables,1,Rs 850,0,PK,retail
ORD-102612,2025-05-09 19:14,C00779,SKU-1009,Webcam 1080p,Video,1,"Rs 5,400",10,Saudi Arabia,Website
ORD-101476,2025-12-21 20:14,C00038,SKU-1006,Laptop stand,Accessories,1,"Rs 4,200",0,United Kingdom,marketplace
ORD-100138,2026-02-14 19:14,C00737,SKU-1005,24 inch monitor,Displays,2,"Rs 32,900",0,Saudi Arabia,marketplace
ORD-103286,2025-11-21 11:14,C00144,SKU-1003,USB-C cable 2m,Cables,2,Rs 850,0,United Arab Emirates,marketplace
ORD-103678,2026-08-02 07:14,C00470,SKU-1010,65W GaN charger,Power,1,"Rs 3,900",20,UAE,retail
ORD-102122,2025-07-24 18:14,C00014,SKU-1010,65W GaN charger,Power,1,"Rs 3,900",0,pakistan,retail
ORD-100871,2026-04-08 07:14,C00240,SKU-1005,24 inch monitor,Displays,5,"Rs 32,900",5,UK,retail
ORD-103550,2025-06-13 20:14,C00676,SKU-1005,24 inch monitor,Displays,1,"Rs 32,900",5,UAE,marketplace
ORD-104557,2025-11-09 20:14,C00804,SKU-1007,Noise cancelling headset,Audio,1,"Rs 6,900",10,Saudi Arabia,website
ORD-103000,2026-07-06 19:14,C00441,SKU-1009,Webcam 1080p,Video,2,"Rs 5,400",5,United Kingdom,retail
ORD-105270,04/06/2025,C00096,SKU-1001,Mechanical keyboard,Peripherals,1,"Rs 9,800",5,Saudi Arabia,marketplace
ORD-105875,2026-02-11 12:14,C00004,SKU-1007,Noise cancelling headset,Audio,1,"Rs 6,900",0,United Arab Emirates,retail
ORD-105002,2025-10-05 17:14,C00015,SKU-1007,Noise cancelling headset,Audio,5,"Rs 6,900",10,UK,marketplace
ORD-103914,2026-04-23 10:14,C00009,SKU-1009,Webcam 1080p,Video,1,"Rs 5,400",10,Pakistan,website
ORD-101882,2026-03-08 17:14,C00044,SKU-1006,Laptop stand,Accessories,3,"Rs 4,200",0,United Kingdom,Website
ORD-100524,2025-12-12 09:14,C00695,SKU-1009,Webcam 1080p,Video,1,"Rs 5,400",0,Saudi Arabia,marketplace
ORD-101226,2026-02-23 20:14,C00020,SKU-1008,1TB portable SSD,Storage,1,"Rs 13,500",20,UK,website
ORD-101808,2026-04-18 19:14,C00059,SKU-1005,24 inch monitor,Displays,3,"Rs 32,900",0,UK,marketplace
ORD-100522,2025-07-08 20:14,C00724,SKU-1002,Wireless mouse,Peripherals,1,"Rs 2,600",0,PK,retail
ORD-104129,2026-08-20 09:14,C00760,SKU-1005,24 inch monitor,Displays,1,"Rs 32,900",0,pakistan,retail
ORD-101592,2026-08-20 16:14,C00718,SKU-1006,Laptop stand,Accessories,1,"Rs 4,200",5,Saudi Arabia,marketplace
ORD-103236,2026-04-21 14:14,C00056,SKU-1001,Mechanical keyboard,Peripherals,1,"Rs 9,800",0,United Arab Emirates,Website
ORD-104337,2025-11-04 09:14,C00093,SKU-1007,Noise cancelling headset,Audio,1,"Rs 6,900",0,United Kingdom,retail
ORD-100162,2026-02-08 13:14,C00036,SKU-1008,1TB portable SSD,Storage,1,"Rs 13,500",20,Pakistan,marketplace
ORD-104183,2026-02-27 07:14,C00133,SKU-1001,Mechanical keyboard,Peripherals,2,"Rs 9,800",0,pakistan,website
ORD-100801,2026-02-25 12:14,C00015,SKU-1005,24 inch monitor,Displays,1,"Rs 32,900",0,United Kingdom,Website
ORD-101253,2026-02-01 12:14,C00075,SKU-1010,65W GaN charger,Power,1,"Rs 3,900",10,pakistan,marketplace
ORD-102251,2025-07-22 11:14,C00524,SKU-1003,USB-C cable 2m,Cables,1,Rs 850,20,Saudi Arabia,website
ORD-100268,2025-03-27 20:14,C00477,SKU-1008,1TB portable SSD,Storage,1,"Rs 13,500",20,pakistan,marketplace
ORD-104158,2025-08-04 10:14,C00026,SKU-1009,Webcam 1080p,Video,1,"Rs 5,400",0,Pakistan,Website
ORD-101851,2026-08-19 12:14,C00013,SKU-1009,Webcam 1080p,Video,1,"Rs 5,400",0,UK,marketplace
ORD-105246,2025-08-15 07:14,C00761,SKU-1008,1TB portable SSD,Storage,1,"Rs 13,500",0,PK,Website
ORD-100017,2026-04-27 11:14,C00367,SKU-1007,Noise cancelling headset,Audio,2,"Rs 6,900",0,PK,website
ORD-105790,2025-12-30 07:14,C00039,SKU-1001,Mechanical keyboard,Peripherals,1,"Rs 9,800",10,United Arab Emirates,website
ORD-103748,2025-07-16 11:14,C00551,SKU-1010,65W GaN charger,Power,1,"Rs 3,900",0,Pakistan,website
ORD-105328,2025-08-07 07:14,C00874,SKU-1009,Webcam 1080p,Video,2,"Rs 5,400",0,PK,website
ORD-103546,24/01/2026,C00577,SKU-1010,65W GaN charger,Power,1,"Rs 3,900",0,Pakistan,Website
ORD-101962,2025-11-13 15:14,C00018,SKU-1002,Wireless mouse,Peripherals,1,"Rs 2,600",0,UK,Website
ORD-102813,2025-06-07 17:14,C00639,SKU-1009,Webcam 1080p,Video,1,"Rs 5,400",0,United Arab Emirates,marketplace
ORD-105448,2026-06-26 07:14,C00133,SKU-1007,Noise cancelling headset,Audio,1,"Rs 6,900",0,Pakistan,retail
ORD-102094,2026-05-12 18:14,C00085,SKU-1002,Wireless mouse,Peripherals,1,"Rs 2,600",0,Saudi Arabia,retail
ORD-103193,2026-04-17 12:14,C00816,SKU-1002,Wireless mouse,Peripherals,1,"Rs 2,600",5,UK,Website
ORD-100098,2026-08-09 14:14,C00012,SKU-1009,Webcam 1080p,Video,2,"Rs 5,400",0,Pakistan,Website
ORD-102472,2026-08-17 13:14,,SKU-1010,65W GaN charger,Power,2,"Rs 3,900",0,pakistan,website
ORD-103544,2026-06-20 09:14,C00024,SKU-1005,24 inch monitor,Displays,5,"Rs 32,900",0,United Kingdom,website
ORD-101938,2026-02-25 08:14,C00644,SKU-1008,1TB portable SSD,Storage,2,"Rs 13,500",0,PK,website
ORD-104857,2026-05-08 18:14,C00164,SKU-1006,Laptop stand,Accessories,1,"Rs 4,200",0,pakistan,retail
ORD-105130,2026-02-10 07:14,C00055,SKU-1004,HDMI cable 1.5m,Cables,1,"Rs 1,300",0,United Arab Emirates,marketplace
ORD-101757,2026-04-23 07:14,C00028,SKU-1008,1TB portable SSD,Storage,1,"Rs 13,500",0,PK,marketplace
ORD-102496,14/12/2025,C00087,SKU-1009,Webcam 1080p,Video,3,"Rs 5,400",0,Pakistan,marketplace
ORD-104275,2026-08-06 19:14,C00401,SKU-1004,HDMI cable 1.5m,Cables,1,"Rs 1,300",10,Pakistan,retail
ORD-105819,2026-07-19 19:14,C00484,SKU-1003,USB-C cable 2m,Cables,3,Rs 850,10,United Kingdom,marketplace
ORD-105542,2025-08-10 07:14,C00319,SKU-1002,Wireless mouse,Peripherals,1,"Rs 2,600",0,UK,website
ORD-105824,2026-08-05 12:14,C00661,SKU-1003,USB-C cable 2m,Cables,-1,Rs 850,5,UK,website
ORD-104550,2026-04-24 15:14,,SKU-1004,HDMI cable 1.5m,Cables,1,"Rs 1,300",0,United Arab Emirates,Website
ORD-105898,2026-06-30 20:14,C00649,SKU-1001,Mechanical keyboard,Peripherals,2,"Rs 9,800",5,Saudi Arabia,website
ORD-105866,2026-05-28 08:14,C00039,SKU-1007,Noise cancelling headset,Audio,1,"Rs 6,900",0,Saudi Arabia,website
ORD-104781,2026-02-27 14:14,C00028,SKU-1004,HDMI cable 1.5m,Cables,1,"Rs 1,300",5,pakistan,retail
ORD-102599,2025-11-19 10:14,C00041,SKU-1004,HDMI cable 1.5m,Cables,1,"Rs 1,300",10,Saudi Arabia,marketplace
ORD-105998,2025-11-18 11:14,C00354,SKU-1002,Wireless mouse,Peripherals,1,"Rs 2,600",0,United Kingdom,Website
ORD-101496,2026-02-20 08:14,,SKU-1003,USB-C cable 2m,Cables,1,Rs 850,0,pakistan,retail
ORD-101669,2025-11-11 14:14,C00094,SKU-1006,Laptop stand,Accessories,1,"Rs 4,200",0,UAE,retail
ORD-102279,2025-12-02 20:14,C00041,SKU-1009,Webcam 1080p,Video,1,"Rs 5,400",0,Saudi Arabia,Website
ORD-104527,2026-09-01 15:14,C00201,SKU-1001,Mechanical keyboard,Peripherals,1,"Rs 9,800",0,United Arab Emirates,marketplace
ORD-105348,2026-08-15 20:14,C00145,SKU-1008,1TB portable SSD,Storage,2,"Rs 13,500",5,UK,marketplace
ORD-102652,2025-06-22 08:14,C00690,SKU-1003,USB-C cable 2m,Cables,1,Rs 850,5,Saudi Arabia,website
ORD-103058,2025-05-30 18:14,C00358,SKU-1004,HDMI cable 1.5m,Cables,1,"Rs 1,300",0,Saudi Arabia,marketplace
ORD-104807,2026-02-24 13:14,C00060,SKU-1001,Mechanical keyboard,Peripherals,1,"Rs 9,800",0,United Kingdom,marketplace
ORD-102458,2026-05-10 14:14,C00366,SKU-1003,USB-C cable 2m,Cables,1,Rs 850,0,United Kingdom,website
ORD-102621,2025-11-05 16:14,C00252,SKU-1010,65W GaN charger,Power,2,,0,United Arab Emirates,Website
ORD-103342,2025-04-07 07:14,C00515,SKU-1001,Mechanical keyboard,Peripherals,1,"Rs 9,800",5,UAE,website
ORD-105977,2025-08-19 18:14,C00011,SKU-1006,Laptop stand,Accessories,1,"Rs 4,200",10,Saudi Arabia,marketplace
ORD-100357,2025-04-14 11:14,C00009,SKU-1006,Laptop stand,Accessories,1,"Rs 4,200",0,PK,retail
ORD-101646,22/05/2025,,SKU-1009,Webcam 1080p,Video,1,"Rs 5,400",0,United Arab Emirates,website
ORD-104627,2026-02-13 15:14,C00548,SKU-1008,1TB portable SSD,Storage,1,"Rs 13,500",0,United Kingdom,website
ORD-100374,2026-09-07 10:14,C00683,SKU-1006,Laptop stand,Accessories,-2,"Rs 4,200",0,United Kingdom,Website
ORD-100509,2025-07-27 10:14,C00626,SKU-1010,65W GaN charger,Power,1,"Rs 3,900",0,UK,marketplace
ORD-105268,2026-07-23 17:14,C00160,SKU-1010,65W GaN charger,Power,2,"Rs 3,900",0,Pakistan,marketplace
ORD-105643,2025-10-06 14:14,C00616,SKU-1010,65W GaN charger,Power,2,"Rs 3,900",0,PK,marketplace
ORD-101254,2025-04-29 11:14,C00618,SKU-1008,1TB portable SSD,Storage,1,"Rs 13,500",0,UAE,Website
ORD-105546,2025-04-22 17:14,C00008,SKU-1002,Wireless mouse,Peripherals,1,"Rs 2,600",0,Saudi Arabia,marketplace
ORD-102969,2026-02-28 15:14,C00170,SKU-1004,HDMI cable 1.5m,Cables,1,"Rs 1,300",10,Saudi Arabia,website
ORD-105085,2025-09-20 16:14,C00056,SKU-1004,HDMI cable 1.5m,Cables,1,"Rs 1,300",0,United Kingdom,marketplace
ORD-105408,2026-04-22 07:14,C00080,SKU-1006,Laptop stand,Accessories,2,"Rs 4,200",20,PK,website
ORD-105850,2025-06-27 07:14,C00008,SKU-1006,Laptop stand,Accessories,-1,"Rs 4,200",0,Saudi Arabia,retail
ORD-100290,2025-08-15 17:14,C00157,SKU-1009,Webcam 1080p,Video,1,"Rs 5,400",0,pakistan,retail
ORD-105180,2026-09-09 09:14,C00056,SKU-1001,Mechanical keyboard,Peripherals,5,"Rs 9,800",0,Saudi Arabia,website
ORD-105547,2026-08-20 12:14,C00010,SKU-1004,HDMI cable 1.5m,Cables,1,"Rs 1,300",0,UK,website
ORD-100617,2025-12-25 14:14,C00050,SKU-1006,Laptop stand,Accessories,2,"Rs 4,200",0,United Arab Emirates,marketplace
ORD-101710,2025-05-22 08:14,C00098,SKU-1007,Noise cancelling headset,Audio,1,"Rs 6,900",0,United Kingdom,website
ORD-100691,2026-03-08 17:14,C00402,SKU-1004,HDMI cable 1.5m,Cables,1,"Rs 1,300",0,United Kingdom,marketplace
ORD-104343,2025-07-16 16:14,C00434,SKU-1004,HDMI cable 1.5m,Cables,1,"Rs 1,300",0,United Kingdom,Website
ORD-101117,2025-05-13 18:14,C00194,SKU-1010,65W GaN charger,Power,1,"Rs 3,900",0,United Arab Emirates,retail
ORD-105861,2025-11-23 12:14,C00416,SKU-1003,USB-C cable 2m,Cables,5,Rs 850,5,Saudi Arabia,website
ORD-105817,2026-06-17 08:14,C00216,SKU-1010,65W GaN charger,Power,1,"Rs 3,900",0,Saudi Arabia,Website
ORD-105221,2025-12-27 19:14,C00018,SKU-1010,65W GaN charger,Power,1,"Rs 3,900",10,Saudi Arabia,website
ORD-102374,2026-04-16 13:14,C00403,SKU-1010,65W GaN charger,Power,-2,"Rs 3,900",5,pakistan,website
ORD-101193,2025-07-24 17:14,C00014,SKU-1002,Wireless mouse,Peripherals,1,"Rs 2,600",0,Saudi Arabia,retail
ORD-100570,2026-08-24 07:14,C00273,SKU-1010,65W GaN charger,Power,1,"Rs 3,900",0,pakistan,marketplace
ORD-105665,2026-01-10 08:14,C00183,SKU-1009,Webcam 1080p,Video,1,"Rs 5,400",0,United Arab Emirates,retail
ORD-102820,2025-06-07 12:14,C00390,SKU-1007,Noise cancelling headset,Audio,1,"Rs 6,900",0,pakistan,Website
ORD-103814,2026-03-08 09:14,C00046,SKU-1002,Wireless mouse,Peripherals,1,"Rs 2,600",0,UAE,marketplace
ORD-100128,2025-06-23 20:14,C00745,SKU-1006,Laptop stand,Accessories,1,"Rs 4,200",0,PK,marketplace
ORD-104652,2026-03-06 11:14,C00333,SKU-1010,65W GaN charger,Power,1,"Rs 3,900",0,Pakistan,Website
ORD-101103,2025-06-04 11:14,C00129,SKU-1007,Noise cancelling headset,Audio,-1,"Rs 6,900",0,UK,website
ORD-100451,2025-08-26 07:14,C00060,SKU-1009,Webcam 1080p,Video,1,"Rs 5,400",0,pakistan,Website
ORD-103915,2026-05-08 09:14,C00024,SKU-1010,65W GaN charger,Power,1,"Rs 3,900",0,UK,marketplace
ORD-105353,2025-12-11 18:14,C00018,SKU-1004,HDMI cable 1.5m,Cables,1,"Rs 1,300",0,Saudi Arabia,Website
ORD-103447,2026-01-16 17:14,C00045,SKU-1005,24 inch monitor,Displays,1,"Rs 32,900",0,UAE,retail
ORD-104700,2025-05-27 20:14,C00447,SKU-1001,Mechanical keyboard,Peripherals,1,"Rs 9,800",20,United Arab Emirates,marketplace
ORD-105939,2025-12-12 20:14,C00402,SKU-1003,USB-C cable 2m,Cables,1,Rs 850,5,Saudi Arabia,marketplace
ORD-105234,2025-08-16 18:14,,SKU-1002,Wireless mouse,Peripherals,1,"Rs 2,600",0,pakistan,website
ORD-105063,2026-07-28 13:14,C00447,SKU-1008,1TB portable SSD,Storage,1,"Rs 13,500",0,pakistan,retail
ORD-100995,2026-03-26 08:14,C00579,SKU-1008,1TB portable SSD,Storage,1,"Rs 13,500",0,Pakistan,retail
ORD-105577,2025-06-13 20:14,C00173,SKU-1009,Webcam 1080p,Video,1,"Rs 5,400",0,Pakistan,Website
ORD-100556,2025-04-02 18:14,C00742,SKU-1010,65W GaN charger,Power,1,"Rs 3,900",0,United Arab Emirates,Website
ORD-100737,2026-09-08 10:14,C00159,SKU-1003,USB-C cable 2m,Cables,1,Rs 850,0,pakistan,retail
ORD-102668,13/05/2026,C00887,SKU-1006,Laptop stand,Accessories,2,"Rs 4,200",10,United Arab Emirates,Website
ORD-104316,2025-12-08 16:14,C00123,SKU-1010,65W GaN charger,Power,1,"Rs 3,900",0,pakistan,website
ORD-100144,2025-04-22 14:14,C00238,SKU-1006,Laptop stand,Accessories,1,"Rs 4,200",10,Saudi Arabia,marketplace
ORD-100481,2025-03-25 13:14,C00023,SKU-1004,HDMI cable 1.5m,Cables,2,"Rs 1,300",20,PK,website
ORD-102676,2026-01-11 13:14,C00430,SKU-1003,USB-C cable 2m,Cables,1,Rs 850,5,UK,marketplace
ORD-100304,2025-10-19 13:14,C00826,SKU-1005,24 inch monitor,Displays,1,"Rs 32,900",0,Pakistan,website
ORD-104870,2026-03-17 13:14,C00205,SKU-1001,Mechanical keyboard,Peripherals,3,"Rs 9,800",10,United Arab Emirates,retail
ORD-103519,03/04/2025,C00009,SKU-1006,Laptop stand,Accessories,1,"Rs 4,200",0,Saudi Arabia,website
ORD-100125,2026-01-16 20:14,C00027,SKU-1002,Wireless mouse,Peripherals,1,"Rs 2,600",5,UAE,marketplace
ORD-101417,2025-05-05 17:14,C00047,SKU-1006,Laptop stand,Accessories,1,"Rs 4,200",5,Saudi Arabia,Website
ORD-105320,2025-11-11 13:14,C00483,SKU-1009,Webcam 1080p,Video,1,"Rs 5,400",0,UK,marketplace
ORD-100027,2026-09-04 19:14,C00374,SKU-1009,Webcam 1080p,Video,1,"Rs 5,400",0,United Arab Emirates,website
ORD-102326,2025-04-20 09:14,C00039,SKU-1001,Mechanical keyboard,Peripherals,2,"Rs 9,800",0,Pakistan,website
ORD-102657,2025-11-11 18:14,C00120,SKU-1006,Laptop stand,Accessories,1,"Rs 4,200",0,PK,Website
ORD-100597,2025-06-06 14:14,C00299,SKU-1005,24 inch monitor,Displays,5,"Rs 32,900",5,PK,Website
ORD-103139,2025-09-10 11:14,C00115,SKU-1004,HDMI cable 1.5m,Cables,1,"Rs 1,300",0,Saudi Arabia,retail
ORD-103595,2026-05-18 16:14,C00348,SKU-1004,HDMI cable 1.5m,Cables,1,"Rs 1,300",0,United Kingdom,marketplace
ORD-101164,2025-04-30 14:14,,SKU-1005,24 inch monitor,Displays,3,"Rs 32,900",0,UK,website
ORD-103922,2025-07-21 13:14,C00014,SKU-1001,Mechanical keyboard,Peripherals,1,"Rs 9,800",0,United Arab Emirates,marketplace
ORD-104257,2025-09-01 11:14,C00041,SKU-1007,Noise cancelling headset,Audio,2,,0,United Arab Emirates,marketplace
ORD-103118,2025-05-05 09:14,,SKU-1007,Noise cancelling headset,Audio,1,"Rs 6,900",5,UAE,website
ORD-105979,2026-05-23 13:14,C00775,SKU-1008,1TB portable SSD,Storage,1,"Rs 13,500",0,Saudi Arabia,Website
ORD-102291,2025-04-16 18:14,C00042,SKU-1007,Noise cancelling headset,Audio,1,"Rs 6,900",10,pakistan,Website
ORD-101848,2026-09-12 13:14,C00890,SKU-1004,HDMI cable 1.5m,Cables,1,,0,UAE,marketplace
ORD-100207,2026-05-14 14:14,C00645,SKU-1001,Mechanical keyboard,Peripherals,1,"Rs 9,800",0,Pakistan,marketplace
ORD-105462,2025-12-15 16:14,C00624,SKU-1001,Mechanical keyboard,Peripherals,1,"Rs 9,800",0,Saudi Arabia,Website
ORD-101577,2026-04-05 10:14,C00112,SKU-1002,Wireless mouse,Peripherals,1,"Rs 2,600",10,Pakistan,website
ORD-101742,2025-04-08 18:14,C00039,SKU-1009,Webcam 1080p,Video,3,"Rs 5,400",0,Saudi Arabia,website
ORD-104738,2026-03-02 11:14,,SKU-1008,1TB portable SSD,Storage,1,"Rs 13,500",5,UAE,Website
ORD-101998,2026-04-24 19:14,C00307,SKU-1003,USB-C cable 2m,Cables,1,Rs 850,0,pakistan,website
ORD-104926,2025-11-04 19:14,C00002,SKU-1010,65W GaN charger,Power,1,"Rs 3,900",0,Pakistan,retail
ORD-102678,2025-04-11 14:14,C00010,SKU-1005,24 inch monitor,Displays,1,"Rs 32,900",0,Pakistan,website
ORD-100320,2026-08-30 17:14,C00455,SKU-1007,Noise cancelling headset,Audio,1,"Rs 6,900",0,Saudi Arabia,Website
ORD-101843,2025-07-01 12:14,C00873,SKU-1010,65W GaN charger,Power,5,"Rs 3,900",10,United Arab Emirates,website
ORD-100823,2025-05-07 13:14,C00480,SKU-1001,Mechanical keyboard,Peripherals,1,,0,pakistan,website
ORD-104109,2025-12-19 07:14,C00602,SKU-1009,Webcam 1080p,Video,1,"Rs 5,400",5,Saudi Arabia,website
ORD-100904,2025-04-21 07:14,C00079,SKU-1002,Wireless mouse,Peripherals,1,"Rs 2,600",0,UK,retail
ORD-101849,2025-06-23 14:14,C00539,SKU-1002,Wireless mouse,Peripherals,1,"Rs 2,600",20,United Arab Emirates,Website
ORD-100336,2025-06-01 12:14,C00049,SKU-1001,Mechanical keyboard,Peripherals,3,"Rs 9,800",10,UK,marketplace
ORD-105662,2025-06-10 10:14,C00220,SKU-1007,Noise cancelling headset,Audio,2,"Rs 6,900",0,PK,retail
ORD-101995,2025-06-14 18:14,C00040,SKU-1009,Webcam 1080p,Video,2,"Rs 5,400",5,UK,retail
ORD-105508,2025-09-29 14:14,C00021,SKU-1004,HDMI cable 1.5m,Cables,2,"Rs 1,300",5,UK,marketplace
ORD-101175,2026-03-02 09:14,C00182,SKU-1003,USB-C cable 2m,Cables,1,Rs 850,0,Pakistan,marketplace
ORD-103309,2026-05-15 19:14,C00054,SKU-1003,USB-C cable 2m,Cables,2,Rs 850,0,UAE,marketplace
ORD-105991,2025-05-21 09:14,C00276,SKU-1008,1TB portable SSD,Storage,3,"Rs 13,500",0,pakistan,retail
ORD-102490,2025-04-01 14:14,C00037,SKU-1007,Noise cancelling headset,Audio,2,"Rs 6,900",10,pakistan,Website
ORD-101834,2025-06-01 14:14,C00497,SKU-1007,Noise cancelling headset,Audio,1,"Rs 6,900",0,PK,Website
ORD-105841,2026-02-28 14:14,C00135,SKU-1006,Laptop stand,Accessories,1,"Rs 4,200",5,PK,retail
ORD-105471,2025-07-19 08:14,C00749,SKU-1009,Webcam 1080p,Video,1,"Rs 5,400",0,Pakistan,retail
ORD-103027,2026-01-15 08:14,C00005,SKU-1002,Wireless mouse,Peripherals,1,"Rs 2,600",0,United Arab Emirates,website
ORD-104728,2026-03-21 15:14,C00031,SKU-1006,Laptop stand,Accessories,3,"Rs 4,200",0,United Arab Emirates,Website
ORD-100511,2025-06-21 15:14,C00009,SKU-1006,Laptop stand,Accessories,1,"Rs 4,200",0,Saudi Arabia,Website
ORD-104608,2025-11-08 09:14,C00102,SKU-1005,24 inch monitor,Displays,1,"Rs 32,900",0,UAE,website
ORD-104154,2026-07-14 14:14,C00495,SKU-1009,Webcam 1080p,Video,2,"Rs 5,400",10,UAE,marketplace
ORD-102073,2025-09-18 12:14,C00198,SKU-1005,24 inch monitor,Displays,1,"Rs 32,900",10,Saudi Arabia,Website
ORD-104239,2025-08-02 09:14,C00674,SKU-1004,HDMI cable 1.5m,Cables,3,"Rs 1,300",0,UAE,website
ORD-103499,2026-01-04 19:14,C00047,SKU-1008,1TB portable SSD,Storage,1,"Rs 13,500",5,Saudi Arabia,marketplace
ORD-104392,2026-04-19 16:14,C00554,SKU-1001,Mechanical keyboard,Peripherals,1,"Rs 9,800",0,United Arab Emirates,marketplace
ORD-105309,2026-01-17 16:14,C00868,SKU-1004,HDMI cable 1.5m,Cables,2,"Rs 1,300",5,United Kingdom,website
ORD-100989,2026-02-05 11:14,C00053,SKU-1006,Laptop stand,Accessories,2,"Rs 4,200",0,United Arab Emirates,Website
ORD-105398,2025-11-30 20:14,C00830,SKU-1002,Wireless mouse,Peripherals,1,"Rs 2,600",0,United Arab Emirates,Website
ORD-100855,2025-12-15 09:14,C00542,SKU-1008,1TB portable SSD,Storage,3,"Rs 13,500",0,Saudi Arabia,retail
ORD-103167,2026-07-16 13:14,C00855,SKU-1004,HDMI cable 1.5m,Cables,1,"Rs 1,300",0,Pakistan,Website
ORD-101806,2025-04-18 18:14,C00854,SKU-1008,1TB portable SSD,Storage,2,"Rs 13,500",0,UAE,Website
ORD-104526,2025-04-16 15:14,C00051,SKU-1008,1TB portable SSD,Storage,3,"Rs 13,500",0,UAE,website
ORD-105987,2025-08-26 18:14,C00522,SKU-1010,65W GaN charger,Power,2,"Rs 3,900",10,UK,marketplace
ORD-100259,2026-03-24 17:14,C00020,SKU-1007,Noise cancelling headset,Audio,1,"Rs 6,900",0,Pakistan,marketplace
ORD-105924,2026-08-20 09:14,C00054,SKU-1004,HDMI cable 1.5m,Cables,1,"Rs 1,300",0,UK,retail
ORD-104573,2025-03-26 13:14,C00030,SKU-1007,Noise cancelling headset,Audio,1,"Rs 6,900",10,UAE,website
ORD-103719,2026-07-15 13:14,C00897,SKU-1006,Laptop stand,Accessories,1,"Rs 4,200",5,United Kingdom,marketplace
ORD-104554,2025-08-24 17:14,C00867,SKU-1008,1TB portable SSD,Storage,2,"Rs 13,500",5,pakistan,website
ORD-101323,03/07/2026,C00265,SKU-1004,HDMI cable 1.5m,Cables,1,"Rs 1,300",0,Saudi Arabia,Website
ORD-101195,2025-05-31 18:14,C00001,SKU-1008,1TB portable SSD,Storage,2,"Rs 13,500",0,United Kingdom,website
ORD-104068,2025-12-08 07:14,C00620,SKU-1005,24 inch monitor,Displays,1,"Rs 32,900",0,United Arab Emirates,Website
ORD-102854,2025-07-03 20:14,C00873,SKU-1006,Laptop stand,Accessories,1,"Rs 4,200",10,UAE,retail
ORD-102545,2025-03-30 09:14,C00053,SKU-1004,HDMI cable 1.5m,Cables,1,"Rs 1,300",20,PK,website
ORD-103449,2025-05-07 14:14,C00607,SKU-1006,Laptop stand,Accessories,1,"Rs 4,200",5,United Arab Emirates,Website
ORD-100097,2025-11-02 14:14,C00186,SKU-1009,Webcam 1080p,Video,1,"Rs 5,400",0,United Kingdom,marketplace
ORD-101872,2026-03-02 17:14,C00039,SKU-1003,USB-C cable 2m,Cables,3,Rs 850,0,pakistan,Website
ORD-101831,2025-05-22 07:14,C00875,SKU-1010,65W GaN charger,Power,1,"Rs 3,900",0,UK,website
ORD-103293,2026-07-23 14:14,C00026,SKU-1005,24 inch monitor,Displays,1,"Rs 32,900",0,United Kingdom,retail
ORD-105844,2026-09-12 09:14,C00418,SKU-1001,Mechanical keyboard,Peripherals,1,"Rs 9,800",0,United Arab Emirates,website
ORD-105261,2025-09-17 20:14,C00035,SKU-1008,1TB portable SSD,Storage,1,"Rs 13,500",5,United Kingdom,retail
ORD-105062,2025-07-29 10:14,C00038,SKU-1005,24 inch monitor,Displays,1,"Rs 32,900",0,pakistan,retail
ORD-100117,2025-04-01 20:14,C00026,SKU-1004,HDMI cable 1.5m,Cables,3,"Rs 1,300",0,UAE,retail
ORD-105674,2025-07-15 19:14,C00054,SKU-1008,1TB portable SSD,Storage,1,"Rs 13,500",0,United Arab Emirates,marketplace
ORD-103887,2025-05-06 20:14,C00309,SKU-1003,USB-C cable 2m,Cables,1,Rs 850,0,United Arab Emirates,marketplace
ORD-103991,2026-03-24 11:14,C00829,SKU-1005,24 inch monitor,Displays,2,"Rs 32,900",0,United Arab Emirates,retail
ORD-103384,2026-06-24 15:14,C00446,SKU-1006,Laptop stand,Accessories,1,"Rs 4,200",10,Saudi Arabia,marketplace
ORD-102887,2025-09-05 14:14,C00357,SKU-1009,Webcam 1080p,Video,1,"Rs 5,400",5,pakistan,Website
ORD-101502,2025-07-26 18:14,C00014,SKU-1009,Webcam 1080p,Video,1,"Rs 5,400",20,Pakistan,marketplace
ORD-105074,2026-05-23 10:14,C00484,SKU-1005,24 inch monitor,Displays,1,"Rs 32,900",5,pakistan,marketplace
ORD-102381,2025-08-07 19:14,C00008,SKU-1002,Wireless mouse,Peripherals,1,"Rs 2,600",0,Pakistan,marketplace
ORD-104594,2025-07-21 13:14,C00180,SKU-1001,Mechanical keyboard,Peripherals,1,"Rs 9,800",0,Saudi Arabia,marketplace
ORD-102664,2026-01-25 11:14,C00895,SKU-1003,USB-C cable 2m,Cables,1,Rs 850,0,United Kingdom,Website
ORD-104818,2025-06-27 16:14,C00392,SKU-1002,Wireless mouse,Peripherals,1,"Rs 2,600",0,Saudi Arabia,marketplace
ORD-103142,2026-04-12 10:14,C00122,SKU-1009,Webcam 1080p,Video,1,"Rs 5,400",0,United Arab Emirates,retail
ORD-105402,2026-02-06 11:14,C00820,SKU-1007,Noise cancelling headset,Audio,1,"Rs 6,900",0,PK,Website
ORD-104623,2025-06-18 11:14,C00013,SKU-1004,HDMI cable 1.5m,Cables,2,"Rs 1,300",0,pakistan,Website
ORD-101471,2026-01-28 15:14,C00676,SKU-1001,Mechanical keyboard,Peripherals,1,"Rs 9,800",0,pakistan,Website
ORD-100065,2025-08-05 12:14,C00593,SKU-1009,Webcam 1080p,Video,1,"Rs 5,400",5,UK,marketplace
ORD-100632,2025-08-20 12:14,C00823,SKU-1003,USB-C cable 2m,Cables,1,Rs 850,0,Saudi Arabia,website
ORD-104696,2025-07-27 08:14,C00034,SKU-1004,HDMI cable 1.5m,Cables,2,,5,Pakistan,website
ORD-100746,2026-05-18 09:14,C00353,SKU-1004,HDMI cable 1.5m,Cables,1,"Rs 1,300",20,Pakistan,marketplace
ORD-100697,2025-08-19 19:14,C00062,SKU-1005,24 inch monitor,Displays,1,"Rs 32,900",20,Pakistan,website
ORD-102784,2025-08-05 19:14,C00291,SKU-1008,1TB portable SSD,Storage,1,"Rs 13,500",5,PK,marketplace
ORD-105593,2025-03-31 12:14,C00417,SKU-1005,24 inch monitor,Displays,3,"Rs 32,900",0,United Arab Emirates,Website
ORD-104401,2026-07-19 07:14,C00305,SKU-1004,HDMI cable 1.5m,Cables,1,"Rs 1,300",0,Pakistan,website
ORD-100969,2026-03-01 20:14,C00638,SKU-1009,Webcam 1080p,Video,2,"Rs 5,400",5,pakistan,website
ORD-104336,2026-08-05 17:14,C00470,SKU-1007,Noise cancelling headset,Audio,1,"Rs 6,900",0,Pakistan,marketplace
ORD-101642,2026-03-23 16:14,C00192,SKU-1008,1TB portable SSD,Storage,1,"Rs 13,500",0,UK,retail
ORD-104383,2025-09-20 13:14,C00585,SKU-1002,Wireless mouse,Peripherals,1,"Rs 2,600",0,United Arab Emirates,retail
ORD-104569,2026-01-08 07:14,C00280,SKU-1004,HDMI cable 1.5m,Cables,1,"Rs 1,300",0,PK,marketplace
ORD-102556,2025-06-03 07:14,C00007,SKU-1010,65W GaN charger,Power,1,"Rs 3,900",0,PK,website
ORD-101106,2025-12-03 20:14,C00057,SKU-1009,Webcam 1080p,Video,1,,0,Saudi Arabia,marketplace
ORD-103122,2025-05-09 17:14,C00039,SKU-1002,Wireless mouse,Peripherals,2,"Rs 2,600",0,PK,website
ORD-104842,2026-01-08 13:14,C00197,SKU-1006,Laptop stand,Accessories,3,"Rs 4,200",0,pakistan,website
ORD-102734,2026-07-11 13:14,C00501,SKU-1008,1TB portable SSD,Storage,2,"Rs 13,500",10,United Kingdom,marketplace
ORD-104010,2025-06-07 11:14,C00126,SKU-1009,Webcam 1080p,Video,1,"Rs 5,400",0,United Kingdom,Website
ORD-104297,28/06/2026,C00378,SKU-1010,65W GaN charger,Power,1,"Rs 3,900",0,UAE,marketplace
ORD-101768,2026-02-27 09:14,C00274,SKU-1003,USB-C cable 2m,Cables,1,Rs 850,0,PK,retail
ORD-103219,2026-08-31 11:14,C00042,SKU-1004,HDMI cable 1.5m,Cables,2,"Rs 1,300",0,Pakistan,Website
ORD-100342,2026-08-14 16:14,C00437,SKU-1004,HDMI cable 1.5m,Cables,1,"Rs 1,300",0,UK,website
ORD-104216,2026-03-08 17:14,C00687,SKU-1003,USB-C cable 2m,Cables,3,Rs 850,5,Pakistan,Website
ORD-100252,2025-09-12 15:14,C00703,SKU-1002,Wireless mouse,Peripherals,1,"Rs 2,600",0,PK,marketplace
ORD-100760,2026-08-06 16:14,C00056,SKU-1008,1TB portable SSD,Storage,2,"Rs 13,500",10,UAE,website
ORD-102033,05/09/2026,C00624,SKU-1007,Noise cancelling headset,Audio,1,"Rs 6,900",5,pakistan,website
ORD-102178,2026-06-07 11:14,C00337,SKU-1004,HDMI cable 1.5m,Cables,2,"Rs 1,300",0,United Kingdom,marketplace
ORD-105892,2025-12-30 12:14,C00001,SKU-1005,24 inch monitor,Displays,1,"Rs 32,900",0,Pakistan,Website
ORD-104226,2025-09-08 17:14,C00711,SKU-1010,65W GaN charger,Power,3,"Rs 3,900",0,UAE,marketplace
ORD-103490,2025-11-30 10:14,C00041,SKU-1008,1TB portable SSD,Storage,1,"Rs 13,500",5,Pakistan,Website
ORD-105922,2026-09-11 17:14,C00457,SKU-1010,65W GaN charger,Power,3,"Rs 3,900",0,Saudi Arabia,retail
ORD-104175,2026-05-27 09:14,C00377,SKU-1002,Wireless mouse,Peripherals,1,"Rs 2,600",0,Pakistan,marketplace
ORD-103744,2025-06-03 11:14,C00036,SKU-1001,Mechanical keyboard,Peripherals,1,"Rs 9,800",0,pakistan,Website
ORD-103651,2025-06-03 12:14,C00113,SKU-1005,24 inch monitor,Displays,2,"Rs 32,900",0,United Kingdom,retail
ORD-104149,2025-12-03 20:14,C00392,SKU-1001,Mechanical keyboard,Peripherals,1,"Rs 9,800",0,pakistan,Website
ORD-101856,2026-06-17 07:14,C00755,SKU-1007,Noise cancelling headset,Audio,1,"Rs 6,900",0,UK,website
ORD-104489,2026-04-08 15:14,C00654,SKU-1010,65W GaN charger,Power,3,"Rs 3,900",0,UK,website
ORD-102152,2025-10-29 07:14,,SKU-1009,Webcam 1080p,Video,1,"Rs 5,400",0,UK,marketplace
ORD-103004,2025-11-07 12:14,C00038,SKU-1010,65W GaN charger,Power,1,"Rs 3,900",10,UK,website
ORD-100176,27/06/2026,C00034,SKU-1007,Noise cancelling headset,Audio,1,"Rs 6,900",0,Saudi Arabia,Website
ORD-101902,2026-05-27 13:14,C00402,SKU-1004,HDMI cable 1.5m,Cables,1,"Rs 1,300",0,PK,Website
ORD-103484,08/02/2026,C00028,SKU-1008,1TB portable SSD,Storage,1,"Rs 13,500",0,UK,marketplace
ORD-102704,2026-09-12 10:14,C00591,SKU-1009,Webcam 1080p,Video,1,"Rs 5,400",0,UAE,marketplace
ORD-103194,2025-06-28 20:14,C00008,SKU-1004,HDMI cable 1.5m,Cables,-1,"Rs 1,300",10,Pakistan,website
ORD-103434,2025-04-07 11:14,C00013,SKU-1006,Laptop stand,Accessories,2,"Rs 4,200",0,United Arab Emirates,Website
ORD-102622,2025-07-02 07:14,C00355,SKU-1001,Mechanical keyboard,Peripherals,1,"Rs 9,800",0,PK,website
ORD-102941,2025-09-03 08:14,C00808,SKU-1010,65W GaN charger,Power,1,"Rs 3,900",0,UAE,marketplace
ORD-102833,2026-01-27 07:14,C00059,SKU-1009,Webcam 1080p,Video,1,"Rs 5,400",0,United Kingdom,marketplace
ORD-104027,2025-11-15 20:14,C00017,SKU-1001,Mechanical keyboard,Peripherals,1,"Rs 9,800",0,Pakistan,website
ORD-100650,2026-06-10 11:14,C00897,SKU-1008,1TB portable SSD,Storage,2,"Rs 13,500",0,United Arab Emirates,website
ORD-104451,2026-04-08 18:14,C00576,SKU-1007,Noise cancelling headset,Audio,1,"Rs 6,900",20,Pakistan,website
ORD-105685,2025-05-05 08:14,C00635,SKU-1007,Noise cancelling headset,Audio,1,"Rs 6,900",0,UAE,retail
ORD-105759,2025-05-23 10:14,C00532,SKU-1007,Noise cancelling headset,Audio,1,"Rs 6,900",0,PK,marketplace
ORD-104251,2025-06-16 13:14,C00340,SKU-1006,Laptop stand,Accessories,2,"Rs 4,200",0,PK,Website
ORD-101807,2026-07-17 09:14,C00878,SKU-1010,65W GaN charger,Power,2,"Rs 3,900",0,PK,Website
ORD-101094,2025-09-13 10:14,C00050,SKU-1007,Noise cancelling headset,Audio,2,"Rs 6,900",5,UK,Website
ORD-103589,2025-04-18 10:14,C00885,SKU-1008,1TB portable SSD,Storage,1,"Rs 13,500",0,Pakistan,retail
ORD-105243,10/05/2025,C00056,SKU-1009,Webcam 1080p,Video,3,"Rs 5,400",0,Pakistan,Website
ORD-104644,2025-10-16 19:14,C00025,SKU-1003,USB-C cable 2m,Cables,1,Rs 850,5,United Kingdom,website
ORD-100695,2025-05-25 10:14,C00445,SKU-1010,65W GaN charger,Power,1,"Rs 3,900",0,Pakistan,website
ORD-105131,2025-03-28 17:14,C00060,SKU-1004,HDMI cable 1.5m,Cables,1,"Rs 1,300",0,UAE,retail
ORD-104950,2025-07-21 13:14,C00268,SKU-1008,1TB portable SSD,Storage,1,"Rs 13,500",5,PK,retail
ORD-104999,2026-02-14 20:14,C00231,SKU-1009,Webcam 1080p,Video,1,"Rs 5,400",0,United Kingdom,retail
ORD-104872,2025-10-27 10:14,C00843,SKU-1006,Laptop stand,Accessories,1,"Rs 4,200",0,PK,Website
ORD-105164,2026-07-25 17:14,C00143,SKU-1006,Laptop stand,Accessories,1,"Rs 4,200",0,UAE,marketplace
ORD-104065,2026-07-05 17:14,C00040,SKU-1005,24 inch monitor,Displays,5,"Rs 32,900",0,United Kingdom,Website
ORD-104827,2026-03-05 13:14,C00275,SKU-1005,24 inch monitor,Displays,1,"Rs 32,900",0,UAE,marketplace
ORD-101943,2026-07-31 08:14,C00051,SKU-1001,Mechanical keyboard,Peripherals,2,"Rs 9,800",0,UK,website
ORD-105218,2025-09-12 14:14,C00704,SKU-1004,HDMI cable 1.5m,Cables,1,"Rs 1,300",0,Pakistan,Website
ORD-102129,2026-02-04 12:14,C00038,SKU-1009,Webcam 1080p,Video,1,"Rs 5,400",0,pakistan,Website
ORD-103955,2026-07-11 16:14,C00719,SKU-1009,Webcam 1080p,Video,2,"Rs 5,400",0,UAE,Website
ORD-103174,2025-06-23 15:14,C00634,SKU-1004,HDMI cable 1.5m,Cables,3,"Rs 1,300",0,Saudi Arabia,retail
ORD-102105,2025-06-28 11:14,C00014,SKU-1003,USB-C cable 2m,Cables,2,Rs 850,0,UAE,website
ORD-101781,2026-01-20 18:14,C00057,SKU-1006,Laptop stand,Accessories,1,"Rs 4,200",0,UAE,website
ORD-102290,2026-08-27 18:14,C00345,SKU-1001,Mechanical keyboard,Peripherals,2,"Rs 9,800",0,PK,website
ORD-104139,2025-05-17 08:14,C00591,SKU-1008,1TB portable SSD,Storage,1,"Rs 13,500",0,UK,Website
ORD-101343,2025-12-05 11:14,C00851,SKU-1008,1TB portable SSD,Storage,1,"Rs 13,500",0,Pakistan,marketplace
ORD-103896,2025-11-28 07:14,C00248,SKU-1010,65W GaN charger,Power,2,"Rs 3,900",0,PK,website
ORD-101490,2026-01-08 12:14,C00262,SKU-1007,Noise cancelling headset,Audio,2,"Rs 6,900",0,United Arab Emirates,website
ORD-104016,2026-04-07 19:14,C00015,SKU-1008,1TB portable SSD,Storage,2,"Rs 13,500",20,Pakistan,retail
ORD-101015,2026-04-20 16:14,C00168,SKU-1010,65W GaN charger,Power,1,"Rs 3,900",0,United Kingdom,retail
ORD-101430,2025-06-24 17:14,C00638,SKU-1006,Laptop stand,Accessories,1,"Rs 4,200",0,United Arab Emirates,Website
ORD-101691,2026-02-26 20:14,C00027,SKU-1003,USB-C cable 2m,Cables,2,Rs 850,0,UK,retail
ORD-105677,2026-06-29 07:14,C00263,SKU-1009,Webcam 1080p,Video,2,"Rs 5,400",5,UAE,retail
ORD-100802,2026-02-27 08:14,C00835,SKU-1003,USB-C cable 2m,Cables,1,Rs 850,0,United Arab Emirates,Website
ORD-100981,2025-10-13 09:14,C00024,SKU-1001,Mechanical keyboard,Peripherals,2,"Rs 9,800",5,pakistan,marketplace
ORD-105054,2025-06-09 11:14,C00039,SKU-1010,65W GaN charger,Power,1,"Rs 3,900",5,UK,retail
ORD-105543,2025-12-02 07:14,C00007,SKU-1002,Wireless mouse,Peripherals,2,"Rs 2,600",0,UK,retail
ORD-102839,2026-04-04 11:14,C00060,SKU-1008,1TB portable SSD,Storage,2,"Rs 13,500",20,UAE,retail
ORD-100789,2025-09-19 09:14,C00004,SKU-1003,USB-C cable 2m,Cables,2,,0,UK,marketplace
ORD-102587,2026-03-20 11:14,C00033,SKU-1003,USB-C cable 2m,Cables,2,Rs 850,0,Pakistan,marketplace
ORD-104894,2025-04-02 17:14,C00264,SKU-1001,Mechanical keyboard,Peripherals,1,"Rs 9,800",0,UAE,Website
ORD-101738,2025-12-12 20:14,C00028,SKU-1009,Webcam 1080p,Video,1,"Rs 5,400",0,UAE,Website
ORD-105157,2026-06-05 18:14,C00261,SKU-1008,1TB portable SSD,Storage,1,"Rs 13,500",10,United Kingdom,marketplace
ORD-102313,2025-12-25 09:14,C00001,SKU-1010,65W GaN charger,Power,2,"Rs 3,900",0,United Kingdom,Website
ORD-101634,31/03/2025,C00780,SKU-1010,65W GaN charger,Power,2,"Rs 3,900",20,PK,Website
ORD-103696,2025-08-15 14:14,C00455,SKU-1004,HDMI cable 1.5m,Cables,1,"Rs 1,300",10,United Arab Emirates,Website
ORD-103537,2026-01-17 07:14,C00412,SKU-1006,Laptop stand,Accessories,1,"Rs 4,200",0,Saudi Arabia,website
ORD-104243,2026-02-28 10:14,C00427,SKU-1004,HDMI cable 1.5m,Cables,5,"Rs 1,300",0,Pakistan,website
ORD-104919,2026-07-25 11:14,C00174,SKU-1001,Mechanical keyboard,Peripherals,5,"Rs 9,800",0,United Arab Emirates,marketplace
ORD-102836,2026-04-24 12:14,C00551,SKU-1002,Wireless mouse,Peripherals,1,"Rs 2,600",20,UK,marketplace
ORD-102442,2025-10-28 11:14,C00284,SKU-1005,24 inch monitor,Displays,2,"Rs 32,900",0,UK,retail
ORD-105635,2026-08-23 16:14,C00300,SKU-1009,Webcam 1080p,Video,2,"Rs 5,400",0,UAE,retail
ORD-100330,2026-08-07 10:14,C00007,SKU-1007,Noise cancelling headset,Audio,2,"Rs 6,900",10,Saudi Arabia,marketplace
ORD-101518,17/05/2025,C00872,SKU-1006,Laptop stand,Accessories,1,"Rs 4,200",0,Saudi Arabia,website
ORD-101650,2025-04-17 08:14,C00028,SKU-1001,Mechanical keyboard,Peripherals,2,"Rs 9,800",0,United Kingdom,marketplace
ORD-103723,2025-06-02 15:14,C00019,SKU-1006,Laptop stand,Accessories,1,"Rs 4,200",0,UK,retail
ORD-103843,2026-05-08 18:14,C00142,SKU-1009,Webcam 1080p,Video,1,"Rs 5,400",0,UK,marketplace
ORD-101559,2025-05-20 18:14,C00096,SKU-1003,USB-C cable 2m,Cables,1,Rs 850,10,Pakistan,retail
ORD-100754,2026-04-25 15:14,C00324,SKU-1001,Mechanical keyboard,Peripherals,3,"Rs 9,800",0,Saudi Arabia,marketplace
ORD-105106,2025-04-19 11:14,C00142,SKU-1010,65W GaN charger,Power,2,"Rs 3,900",0,pakistan,website
ORD-103290,2026-02-21 08:14,C00028,SKU-1006,Laptop stand,Accessories,1,"Rs 4,200",0,Saudi Arabia,marketplace
ORD-101206,2026-02-09 16:14,C00448,SKU-1006,Laptop stand,Accessories,1,"Rs 4,200",0,pakistan,marketplace
ORD-105554,2026-09-08 11:14,C00137,SKU-1008,1TB portable SSD,Storage,1,"Rs 13,500",20,pakistan,Website
ORD-104313,2025-08-09 18:14,C00577,SKU-1005,24 inch monitor,Displays,1,"Rs 32,900",0,Saudi Arabia,Website
ORD-105627,2026-01-22 13:14,C00604,SKU-1002,Wireless mouse,Peripherals,5,"Rs 2,600",0,Pakistan,Website
ORD-100666,2025-04-20 10:14,C00684,SKU-1006,Laptop stand,Accessories,1,"Rs 4,200",0,United Arab Emirates,Website
ORD-100354,2025-12-04 11:14,C00026,SKU-1009,Webcam 1080p,Video,1,"Rs 5,400",0,United Kingdom,website
ORD-105003,2026-02-01 07:14,C00052,SKU-1003,USB-C cable 2m,Cables,2,Rs 850,5,UAE,marketplace
ORD-105608,2026-06-14 10:14,C00778,SKU-1007,Noise cancelling headset,Audio,1,"Rs 6,900",0,PK,marketplace
ORD-101996,2025-06-11 11:14,C00057,SKU-1001,Mechanical keyboard,Peripherals,1,"Rs 9,800",0,Saudi Arabia,Website
ORD-104636,2026-05-25 17:14,C00408,SKU-1006,Laptop stand,Accessories,1,"Rs 4,200",0,United Kingdom,marketplace
ORD-103086,2026-01-03 13:14,C00201,SKU-1003,USB-C cable 2m,Cables,5,Rs 850,0,UK,marketplace
ORD-103739,2025-04-23 08:14,C00327,SKU-1004,HDMI cable 1.5m,Cables,1,"Rs 1,300",10,pakistan,website
ORD-103726,2026-08-25 14:14,C00025,SKU-1009,Webcam 1080p,Video,1,"Rs 5,400",0,Pakistan,website
ORD-100776,2025-07-17 12:14,C00010,SKU-1009,Webcam 1080p,Video,1,"Rs 5,400",20,PK,retail
ORD-101204,2025-04-25 08:14,C00329,SKU-1007,Noise cancelling headset,Audio,2,"Rs 6,900",0,Saudi Arabia,Website
ORD-104398,2025-04-22 11:14,C00691,SKU-1010,65W GaN charger,Power,3,"Rs 3,900",0,UAE,website
ORD-103823,2025-12-18 14:14,C00262,SKU-1001,Mechanical keyboard,Peripherals,2,"Rs 9,800",5,UAE,website
ORD-102088,2025-09-09 12:14,C00552,SKU-1010,65W GaN charger,Power,-1,"Rs 3,900",0,Pakistan,website
ORD-100192,2025-09-02 09:14,C00228,SKU-1006,Laptop stand,Accessories,1,"Rs 4,200",0,United Kingdom,Website
ORD-104353,2025-08-12 12:14,C00055,SKU-1008,1TB portable SSD,Storage,1,"Rs 13,500",10,UAE,marketplace
ORD-100057,2025-10-13 16:14,C00858,SKU-1006,Laptop stand,Accessories,3,"Rs 4,200",0,United Kingdom,marketplace
ORD-102646,2026-07-24 11:14,C00523,SKU-1008,1TB portable SSD,Storage,1,"Rs 13,500",5,pakistan,website
ORD-100588,2025-09-18 13:14,C00511,SKU-1004,HDMI cable 1.5m,Cables,2,"Rs 1,300",5,UK,Website
ORD-104786,2026-06-05 18:14,C00040,SKU-1010,65W GaN charger,Power,1,"Rs 3,900",20,United Arab Emirates,website
ORD-103346,2025-12-15 11:14,C00040,SKU-1002,Wireless mouse,Peripherals,1,"Rs 2,600",5,UK,marketplace
ORD-105739,2025-09-08 17:14,C00426,SKU-1009,Webcam 1080p,Video,1,"Rs 5,400",0,UK,Website
ORD-100210,2026-08-30 14:14,C00011,SKU-1001,Mechanical keyboard,Peripherals,2,"Rs 9,800",0,UAE,marketplace
ORD-105893,2026-04-06 17:14,C00832,SKU-1010,65W GaN charger,Power,1,"Rs 3,900",0,UK,retail
ORD-103796,2026-02-13 13:14,C00005,SKU-1002,Wireless mouse,Peripherals,1,"Rs 2,600",0,United Kingdom,retail
ORD-103453,2025-11-11 11:14,C00453,SKU-1004,HDMI cable 1.5m,Cables,1,"Rs 1,300",0,UK,Website
ORD-102001,2025-07-12 19:14,C00008,SKU-1008,1TB portable SSD,Storage,2,"Rs 13,500",0,UK,Website
ORD-101072,2026-06-05 16:14,C00538,SKU-1005,24 inch monitor,Displays,1,"Rs 32,900",0,United Arab Emirates,Website
ORD-104961,2025-07-07 19:14,C00030,SKU-1002,Wireless mouse,Peripherals,1,"Rs 2,600",0,pakistan,website
ORD-100293,2026-06-02 19:14,C00630,SKU-1001,Mechanical keyboard,Peripherals,1,"Rs 9,800",20,United Kingdom,marketplace
ORD-102656,2025-05-01 13:14,C00248,SKU-1002,Wireless mouse,Peripherals,1,"Rs 2,600",0,United Kingdom,Website
ORD-105954,2025-12-05 17:14,C00266,SKU-1007,Noise cancelling headset,Audio,1,"Rs 6,900",0,PK,website
ORD-102484,2025-05-04 10:14,C00059,SKU-1008,1TB portable SSD,Storage,1,"Rs 13,500",10,Pakistan,website
ORD-101934,2025-09-19 11:14,C00050,SKU-1007,Noise cancelling headset,Audio,1,"Rs 6,900",0,United Arab Emirates,Website
ORD-100216,2025-07-08 09:14,C00031,SKU-1003,USB-C cable 2m,Cables,1,Rs 850,0,UK,website
ORD-102630,2025-05-05 13:14,C00016,SKU-1010,65W GaN charger,Power,1,"Rs 3,900",10,pakistan,retail
ORD-104662,2026-01-13 17:14,C00119,SKU-1001,Mechanical keyboard,Peripherals,1,"Rs 9,800",0,pakistan,marketplace
ORD-102961,2026-02-01 08:14,C00044,SKU-1003,USB-C cable 2m,Cables,1,Rs 850,10,Saudi Arabia,marketplace
ORD-101814,2025-05-22 15:14,C00073,SKU-1002,Wireless mouse,Peripherals,1,"Rs 2,600",0,UK,website
ORD-105334,2025-04-30 20:14,C00273,SKU-1003,USB-C cable 2m,Cables,1,Rs 850,0,Saudi Arabia,Website
ORD-102113,2026-06-06 14:14,C00033,SKU-1005,24 inch monitor,Displays,2,"Rs 32,900",0,United Arab Emirates,Website
ORD-101446,2026-08-04 18:14,C00148,SKU-1001,Mechanical keyboard,Peripherals,1,"Rs 9,800",5,pakistan,Website
ORD-100775,2026-02-09 20:14,C00302,SKU-1008,1TB portable SSD,Storage,1,"Rs 13,500",0,pakistan,marketplace
ORD-105452,2025-05-04 11:14,C00445,SKU-1006,Laptop stand,Accessories,1,"Rs 4,200",0,PK,retail
ORD-104611,2025-07-07 11:14,C00234,SKU-1003,USB-C cable 2m,Cables,1,Rs 850,0,United Kingdom,website
ORD-102757,2025-04-23 09:14,C00443,SKU-1002,Wireless mouse,Peripherals,2,"Rs 2,600",5,Pakistan,website
ORD-104519,2026-07-29 10:14,C00139,SKU-1006,Laptop stand,Accessories,1,"Rs 4,200",0,Saudi Arabia,Website
ORD-100994,2025-08-19 12:14,C00401,SKU-1009,Webcam 1080p,Video,5,"Rs 5,400",0,United Kingdom,retail
ORD-100369,2026-02-15 07:14,C00037,SKU-1008,1TB portable SSD,Storage,2,"Rs 13,500",0,United Arab Emirates,retail
ORD-103163,2025-09-01 20:14,C00243,SKU-1001,Mechanical keyboard,Peripherals,1,"Rs 9,800",10,UAE,website
ORD-100659,2026-02-13 18:14,C00011,SKU-1002,Wireless mouse,Peripherals,2,"Rs 2,600",0,United Kingdom,marketplace
ORD-103154,2025-04-16 16:14,C00001,SKU-1002,Wireless mouse,Peripherals,1,"Rs 2,600",0,Pakistan,retail
ORD-100084,2025-11-17 17:14,C00035,SKU-1008,1TB portable SSD,Storage,1,"Rs 13,500",0,PK,website
ORD-104972,2025-07-14 12:14,C00638,SKU-1003,USB-C cable 2m,Cables,1,Rs 850,0,UK,Website
ORD-101714,2026-02-21 14:14,,SKU-1004,HDMI cable 1.5m,Cables,2,"Rs 1,300",5,United Arab Emirates,marketplace
ORD-100762,2025-07-23 12:14,C00036,SKU-1008,1TB portable SSD,Storage,2,"Rs 13,500",0,United Kingdom,Website
ORD-101529,2026-05-06 16:14,C00121,SKU-1010,65W GaN charger,Power,1,"Rs 3,900",10,United Kingdom,retail
ORD-104604,2026-04-05 12:14,C00716,SKU-1006,Laptop stand,Accessories,1,"Rs 4,200",0,PK,marketplace
ORD-101877,2026-08-23 09:14,C00078,SKU-1007,Noise cancelling headset,Audio,1,"Rs 6,900",0,United Kingdom,Website
ORD-103311,2026-02-19 15:14,C00382,SKU-1007,Noise cancelling headset,Audio,-2,"Rs 6,900",0,United Arab Emirates,website
ORD-101779,2025-05-20 10:14,C00040,SKU-1003,USB-C cable 2m,Cables,2,Rs 850,0,UK,website
ORD-102634,2025-07-19 15:14,C00554,SKU-1007,Noise cancelling headset,Audio,3,"Rs 6,900",0,Saudi Arabia,retail
ORD-103076,2025-05-18 10:14,C00331,SKU-1009,Webcam 1080p,Video,-2,"Rs 5,400",0,pakistan,marketplace
ORD-102736,2025-05-13 20:14,C00305,SKU-1007,Noise cancelling headset,Audio,3,"Rs 6,900",0,United Kingdom,marketplace
ORD-104161,2026-08-26 14:14,C00036,SKU-1007,Noise cancelling headset,Audio,2,"Rs 6,900",0,pakistan,retail
ORD-102323,2025-11-15 14:14,C00323,SKU-1006,Laptop stand,Accessories,2,"Rs 4,200",10,PK,Website
ORD-100462,2025-03-29 11:14,C00040,SKU-1005,24 inch monitor,Displays,1,"Rs 32,900",5,Pakistan,website
ORD-101147,2025-06-17 13:14,C00870,SKU-1005,24 inch monitor,Displays,1,,0,United Kingdom,retail
ORD-102570,19/08/2026,C00495,SKU-1008,1TB portable SSD,Storage,1,"Rs 13,500",0,Pakistan,marketplace
ORD-102926,2026-09-09 20:14,C00519,SKU-1004,HDMI cable 1.5m,Cables,1,"Rs 1,300",0,pakistan,marketplace
ORD-105498,2025-10-15 09:14,C00841,SKU-1008,1TB portable SSD,Storage,2,"Rs 13,500",0,Pakistan,marketplace
ORD-103736,2025-05-12 20:14,C00839,SKU-1003,USB-C cable 2m,Cables,1,Rs 850,0,PK,retail
ORD-103220,2025-06-22 16:14,C00563,SKU-1009,Webcam 1080p,Video,1,"Rs 5,400",0,Saudi Arabia,retail
ORD-104642,2026-03-25 19:14,C00478,SKU-1001,Mechanical keyboard,Peripherals,1,"Rs 9,800",0,UAE,website
ORD-100400,2026-03-06 19:14,C00873,SKU-1005,24 inch monitor,Displays,1,"Rs 32,900",5,United Kingdom,retail
ORD-100127,2025-10-10 19:14,C00211,SKU-1002,Wireless mouse,Peripherals,1,"Rs 2,600",0,United Kingdom,retail
ORD-102725,2025-11-02 18:14,C00726,SKU-1010,65W GaN charger,Power,2,"Rs 3,900",0,UAE,retail
ORD-101817,2026-08-16 14:14,C00050,SKU-1010,65W GaN charger,Power,1,"Rs 3,900",0,Pakistan,marketplace
ORD-104177,2025-08-11 20:14,C00241,SKU-1005,24 inch monitor,Displays,1,"Rs 32,900",0,UK,website
ORD-104898,2025-12-05 19:14,,SKU-1001,Mechanical keyboard,Peripherals,1,"Rs 9,800",0,UK,Website
ORD-100955,2026-03-17 09:14,C00414,SKU-1004,HDMI cable 1.5m,Cables,1,"Rs 1,300",10,pakistan,marketplace
ORD-102727,2026-03-13 08:14,C00616,SKU-1008,1TB portable SSD,Storage,1,"Rs 13,500",0,UAE,retail
ORD-105762,2025-12-07 18:14,C00291,SKU-1006,Laptop stand,Accessories,1,"Rs 4,200",0,United Arab Emirates,marketplace
ORD-105609,02/10/2025,C00331,SKU-1005,24 inch monitor,Displays,1,"Rs 32,900",10,pakistan,retail
ORD-103238,2025-09-08 12:14,C00010,SKU-1003,USB-C cable 2m,Cables,1,Rs 850,0,PK,Website
ORD-104277,2025-12-07 07:14,C00006,SKU-1007,Noise cancelling headset,Audio,1,"Rs 6,900",0,PK,marketplace
ORD-100026,2025-12-10 13:14,C00496,SKU-1007,Noise cancelling headset,Audio,3,"Rs 6,900",0,Saudi Arabia,website
ORD-104268,2026-03-13 13:14,C00171,SKU-1001,Mechanical keyboard,Peripherals,2,"Rs 9,800",5,PK,website
ORD-103977,2026-09-05 12:14,C00110,SKU-1001,Mechanical keyboard,Peripherals,1,"Rs 9,800",0,PK,website
ORD-105631,2026-01-21 08:14,C00002,SKU-1010,65W GaN charger,Power,3,"Rs 3,900",0,United Kingdom,website
ORD-100466,2026-07-21 09:14,C00347,SKU-1007,Noise cancelling headset,Audio,1,"Rs 6,900",10,UAE,marketplace
ORD-105671,2026-01-21 07:14,C00019,SKU-1004,HDMI cable 1.5m,Cables,2,"Rs 1,300",0,pakistan,Website
ORD-101785,2025-09-19 13:14,C00644,SKU-1005,24 inch monitor,Displays,1,"Rs 32,900",0,Saudi Arabia,marketplace
ORD-105902,2025-11-29 17:14,C00594,SKU-1007,Noise cancelling headset,Audio,3,"Rs 6,900",0,Pakistan,Website
ORD-100628,2025-06-18 14:14,C00789,SKU-1003,USB-C cable 2m,Cables,3,Rs 850,0,pakistan,retail
ORD-103227,2025-08-01 07:14,C00466,SKU-1002,Wireless mouse,Peripherals,1,"Rs 2,600",0,UAE,website
ORD-105337,2025-10-11 12:14,C00656,SKU-1006,Laptop stand,Accessories,1,"Rs 4,200",0,UK,retail
ORD-103137,2026-06-30 16:14,C00787,SKU-1009,Webcam 1080p,Video,2,"Rs 5,400",0,Pakistan,marketplace
ORD-102747,2026-07-30 20:14,C00189,SKU-1005,24 inch monitor,Displays,1,"Rs 32,900",0,UAE,marketplace
ORD-105216,2025-07-25 19:14,C00508,SKU-1001,Mechanical keyboard,Peripherals,2,"Rs 9,800",10,Saudi Arabia,website
ORD-100276,2025-11-16 17:14,C00043,SKU-1007,Noise cancelling headset,Audio,-1,"Rs 6,900",0,UAE,Website
ORD-103012,2026-03-27 09:14,C00531,SKU-1003,USB-C cable 2m,Cables,1,Rs 850,5,Pakistan,retail
ORD-102044,2025-11-27 14:14,C00133,SKU-1002,Wireless mouse,Peripherals,1,"Rs 2,600",5,PK,retail
ORD-101241,2026-01-30 15:14,C00678,SKU-1002,Wireless mouse,Peripherals,2,"Rs 2,600",0,UK,website
ORD-100311,2026-02-23 17:14,C00218,SKU-1010,65W GaN charger,Power,1,"Rs 3,900",10,Saudi Arabia,retail
ORD-102425,2026-03-15 07:14,C00734,SKU-1008,1TB portable SSD,Storage,5,"Rs 13,500",20,United Arab Emirates,marketplace
ORD-105082,2025-09-24 18:14,C00044,SKU-1010,65W GaN charger,Power,2,"Rs 3,900",5,PK,retail
ORD-101144,2025-05-24 11:14,C00236,SKU-1003,USB-C cable 2m,Cables,2,Rs 850,0,United Arab Emirates,website
ORD-101212,2026-08-15 12:14,C00422,SKU-1009,Webcam 1080p,Video,1,"Rs 5,400",5,Saudi Arabia,marketplace
ORD-102767,2026-03-28 18:14,C00049,SKU-1009,Webcam 1080p,Video,1,"Rs 5,400",10,United Kingdom,website
ORD-102571,2025-06-04 17:14,C00538,SKU-1001,Mechanical keyboard,Peripherals,1,"Rs 9,800",0,UAE,Website
ORD-100200,2025-05-04 10:14,C00291,SKU-1005,24 inch monitor,Displays,1,"Rs 32,900",5,UK,retail
ORD-105745,2026-05-15 08:14,C00638,SKU-1002,Wireless mouse,Peripherals,1,"Rs 2,600",0,UAE,Website
ORD-103813,2026-01-22 20:14,C00643,SKU-1009,Webcam 1080p,Video,2,"Rs 5,400",20,PK,website
ORD-101438,2025-06-07 20:14,,SKU-1001,Mechanical keyboard,Peripherals,1,"Rs 9,800",0,PK,website
ORD-104993,2025-10-23 20:14,C00257,SKU-1007,Noise cancelling headset,Audio,1,"Rs 6,900",0,Pakistan,marketplace
ORD-105704,2026-08-31 14:14,C00554,SKU-1001,Mechanical keyboard,Peripherals,1,"Rs 9,800",0,pakistan,Website
ORD-103782,2025-04-04 10:14,C00377,SKU-1006,Laptop stand,Accessories,1,"Rs 4,200",0,PK,website
ORD-104325,2026-05-15 16:14,C00031,SKU-1008,1TB portable SSD,Storage,1,"Rs 13,500",10,PK,retail
ORD-104053,2025-07-04 13:14,C00018,SKU-1004,HDMI cable 1.5m,Cables,1,"Rs 1,300",0,United Kingdom,retail
ORD-101643,2026-03-29 12:14,C00768,SKU-1005,24 inch monitor,Displays,1,"Rs 32,900",0,pakistan,retail
ORD-101205,2026-07-15 09:14,C00244,SKU-1007,Noise cancelling headset,Audio,-1,"Rs 6,900",0,pakistan,Website
ORD-104794,2026-04-06 08:14,C00432,SKU-1004,HDMI cable 1.5m,Cables,2,"Rs 1,300",0,Saudi Arabia,marketplace
ORD-104711,2026-02-25 18:14,C00055,SKU-1007,Noise cancelling headset,Audio,1,"Rs 6,900",0,Saudi Arabia,Website
ORD-103812,2026-07-13 13:14,C00012,SKU-1005,24 inch monitor,Displays,1,"Rs 32,900",0,UK,marketplace
ORD-101581,2025-08-06 13:14,C00677,SKU-1003,USB-C cable 2m,Cables,1,Rs 850,0,PK,website
ORD-103899,2026-08-16 14:14,C00562,SKU-1009,Webcam 1080p,Video,1,"Rs 5,400",0,United Arab Emirates,website
ORD-102461,2026-04-05 09:14,C00050,SKU-1003,USB-C cable 2m,Cables,1,Rs 850,0,United Arab Emirates,marketplace
ORD-105782,2025-12-25 11:14,C00032,SKU-1008,1TB portable SSD,Storage,2,"Rs 13,500",5,United Arab Emirates,retail
ORD-103664,2025-10-18 20:14,C00005,SKU-1010,65W GaN charger,Power,-1,"Rs 3,900",0,United Kingdom,retail
ORD-100899,2025-12-09 17:14,C00162,SKU-1008,1TB portable SSD,Storage,1,"Rs 13,500",0,pakistan,website
ORD-103940,2025-09-30 19:14,C00182,SKU-1008,1TB portable SSD,Storage,1,"Rs 13,500",0,PK,retail
ORD-105300,2026-04-08 13:14,C00565,SKU-1007,Noise cancelling headset,Audio,1,"Rs 6,900",0,United Kingdom,Website
ORD-103098,04/05/2026,C00719,SKU-1001,Mechanical keyboard,Peripherals,3,"Rs 9,800",20,Pakistan,retail
ORD-100594,2026-05-25 11:14,C00475,SKU-1002,Wireless mouse,Peripherals,1,"Rs 2,600",5,PK,website
ORD-100589,2026-05-19 09:14,C00005,SKU-1010,65W GaN charger,Power,1,"Rs 3,900",0,UK,retail
ORD-101258,2025-10-09 15:14,C00597,SKU-1002,Wireless mouse,Peripherals,1,"Rs 2,600",10,UAE,website
ORD-105379,2025-12-24 15:14,C00816,SKU-1010,65W GaN charger,Power,1,"Rs 3,900",0,pakistan,retail
ORD-105770,2025-12-24 15:14,C00606,SKU-1008,1TB portable SSD,Storage,2,"Rs 13,500",0,United Arab Emirates,retail
ORD-103014,2025-06-27 14:14,C00357,SKU-1008,1TB portable SSD,Storage,1,"Rs 13,500",20,pakistan,retail
ORD-101173,2026-07-27 16:14,C00048,SKU-1002,Wireless mouse,Peripherals,1,"Rs 2,600",20,pakistan,retail
ORD-105873,2026-06-28 11:14,C00667,SKU-1008,1TB portable SSD,Storage,1,"Rs 13,500",0,United Arab Emirates,Website
ORD-103187,2025-11-13 12:14,C00022,SKU-1008,1TB portable SSD,Storage,2,"Rs 13,500",0,pakistan,marketplace
ORD-102680,2026-06-20 07:14,C00564,SKU-1002,Wireless mouse,Peripherals,1,"Rs 2,600",5,United Kingdom,website
ORD-104938,2025-07-21 13:14,C00036,SKU-1010,65W GaN charger,Power,1,"Rs 3,900",0,Pakistan,retail
ORD-101297,2025-04-23 07:14,C00819,SKU-1010,65W GaN charger,Power,1,"Rs 3,900",5,Pakistan,Website
ORD-105266,2025-10-06 11:14,C00345,SKU-1001,Mechanical keyboard,Peripherals,1,"Rs 9,800",0,Saudi Arabia,retail
ORD-101625,28/06/2025,C00600,SKU-1002,Wireless mouse,Peripherals,3,"Rs 2,600",10,Pakistan,marketplace
ORD-103097,2025-08-16 09:14,C00896,SKU-1007,Noise cancelling headset,Audio,1,"Rs 6,900",0,Pakistan,retail
ORD-100768,2026-07-26 16:14,C00116,SKU-1009,Webcam 1080p,Video,1,"Rs 5,400",20,UK,website
ORD-101383,2026-08-20 10:14,C00045,SKU-1005,24 inch monitor,Displays,1,"Rs 32,900",0,UAE,website
ORD-102512,2025-10-26 19:14,C00861,SKU-1003,USB-C cable 2m,Cables,1,Rs 850,0,Saudi Arabia,Website
ORD-100028,2026-08-13 19:14,C00222,SKU-1010,65W GaN charger,Power,1,"Rs 3,900",10,United Kingdom,retail
ORD-105329,2025-10-08 16:14,C00675,SKU-1002,Wireless mouse,Peripherals,2,"Rs 2,600",5,United Kingdom,retail
ORD-103717,2026-01-05 07:14,C00024,SKU-1006,Laptop stand,Accessories,1,"Rs 4,200",0,UK,marketplace
ORD-105606,2025-10-17 13:14,C00745,SKU-1010,65W GaN charger,Power,1,"Rs 3,900",20,United Arab Emirates,retail
ORD-105832,2025-11-27 10:14,C00020,SKU-1002,Wireless mouse,Peripherals,1,"Rs 2,600",0,United Kingdom,marketplace
ORD-103853,2025-12-25 08:14,C00050,SKU-1010,65W GaN charger,Power,1,"Rs 3,900",10,UK,marketplace
ORD-105981,2026-08-19 20:14,C00027,SKU-1007,Noise cancelling headset,Audio,2,"Rs 6,900",0,UAE,website
ORD-101855,2025-05-28 14:14,C00786,SKU-1007,Noise cancelling headset,Audio,1,"Rs 6,900",20,Pakistan,website
ORD-103148,2026-02-04 19:14,C00054,SKU-1002,Wireless mouse,Peripherals,1,"Rs 2,600",10,Saudi Arabia,marketplace
ORD-105744,2026-07-15 18:14,C00034,SKU-1004,HDMI cable 1.5m,Cables,1,"Rs 1,300",10,PK,website
ORD-104879,2025-06-15 14:14,C00301,SKU-1010,65W GaN charger,Power,1,"Rs 3,900",0,Saudi Arabia,marketplace
ORD-101207,2025-06-04 18:14,C00453,SKU-1010,65W GaN charger,Power,1,"Rs 3,900",0,pakistan,website
ORD-102716,2026-03-29 08:14,,SKU-1005,24 inch monitor,Displays,3,"Rs 32,900",0,United Arab Emirates,website
ORD-105247,2025-11-25 15:14,,SKU-1002,Wireless mouse,Peripherals,5,"Rs 2,600",0,United Arab Emirates,website
ORD-101747,2026-03-01 18:14,C00873,SKU-1008,1TB portable SSD,Storage,1,"Rs 13,500",5,PK,retail
ORD-100073,2026-01-07 15:14,C00063,SKU-1007,Noise cancelling headset,Audio,1,"Rs 6,900",0,UAE,retail
ORD-104649,2025-09-11 16:14,C00261,SKU-1002,Wireless mouse,Peripherals,1,"Rs 2,600",5,United Kingdom,retail
ORD-100716,2025-04-13 14:14,C00399,SKU-1007,Noise cancelling headset,Audio,1,"Rs 6,900",0,United Arab Emirates,marketplace
ORD-100833,2025-12-24 10:14,C00130,SKU-1009,Webcam 1080p,Video,1,"Rs 5,400",0,Pakistan,website
ORD-101119,2025-08-03 11:14,C00705,SKU-1004,HDMI cable 1.5m,Cables,1,"Rs 1,300",5,UK,Website
ORD-105626,2026-08-14 15:14,C00310,SKU-1003,USB-C cable 2m,Cables,-2,Rs 850,0,United Arab Emirates,website
ORD-101264,2025-11-14 09:14,C00292,SKU-1004,HDMI cable 1.5m,Cables,1,"Rs 1,300",0,PK,website
ORD-101080,2026-03-20 20:14,C00590,SKU-1004,HDMI cable 1.5m,Cables,1,"Rs 1,300",0,UK,Website
ORD-105975,2025-10-30 15:14,C00370,SKU-1001,Mechanical keyboard,Peripherals,2,"Rs 9,800",5,United Kingdom,retail
ORD-102440,2025-11-10 13:14,C00638,SKU-1002,Wireless mouse,Peripherals,1,"Rs 2,600",10,UK,Website
ORD-100370,2025-03-25 10:14,C00003,SKU-1005,24 inch monitor,Displays,1,"Rs 32,900",0,UK,marketplace
ORD-103808,2026-01-28 13:14,C00254,SKU-1001,Mechanical keyboard,Peripherals,1,"Rs 9,800",0,United Kingdom,Website
ORD-105920,2026-07-11 15:14,C00154,SKU-1009,Webcam 1080p,Video,1,"Rs 5,400",0,Saudi Arabia,Website
ORD-105574,2025-04-23 13:14,C00028,SKU-1009,Webcam 1080p,Video,1,"Rs 5,400",0,UAE,marketplace
ORD-100667,2025-10-29 16:14,C00170,SKU-1005,24 inch monitor,Displays,2,"Rs 32,900",0,Saudi Arabia,marketplace
ORD-103023,2025-05-23 11:14,C00307,SKU-1003,USB-C cable 2m,Cables,2,Rs 850,0,UK,Website
ORD-102237,2026-06-22 08:14,C00682,SKU-1006,Laptop stand,Accessories,1,"Rs 4,200",0,Pakistan,Website
ORD-103913,2026-04-30 20:14,C00020,SKU-1008,1TB portable SSD,Storage,2,"Rs 13,500",0,United Kingdom,website
ORD-101932,2026-05-22 11:14,C00854,SKU-1010,65W GaN charger,Power,1,"Rs 3,900",0,United Arab Emirates,website
ORD-104967,2026-03-19 18:14,C00044,SKU-1008,1TB portable SSD,Storage,1,"Rs 13,500",10,UAE,retail
ORD-102614,2026-07-18 18:14,C00030,SKU-1008,1TB portable SSD,Storage,1,"Rs 13,500",5,Saudi Arabia,retail
ORD-105823,2025-06-15 16:14,C00233,SKU-1008,1TB portable SSD,Storage,1,"Rs 13,500",5,UAE,retail
ORD-102407,2025-09-08 11:14,C00600,SKU-1005,24 inch monitor,Displays,2,"Rs 32,900",0,United Kingdom,website
ORD-100924,2025-04-20 19:14,C00659,SKU-1002,Wireless mouse,Peripherals,1,"Rs 2,600",0,UK,retail
ORD-102002,2025-04-24 16:14,C00771,SKU-1006,Laptop stand,Accessories,2,"Rs 4,200",0,United Arab Emirates,retail
ORD-101631,2026-06-04 13:14,C00022,SKU-1007,Noise cancelling headset,Audio,1,"Rs 6,900",10,Pakistan,marketplace
ORD-103895,2025-09-05 19:14,C00745,SKU-1003,USB-C cable 2m,Cables,1,Rs 850,0,Saudi Arabia,Website
ORD-100548,2026-02-28 12:14,C00882,SKU-1005,24 inch monitor,Displays,1,"Rs 32,900",0,UAE,retail
ORD-100669,2025-12-16 17:14,C00751,SKU-1003,USB-C cable 2m,Cables,1,Rs 850,0,United Arab Emirates,website
ORD-105929,2025-04-15 19:14,C00030,SKU-1009,Webcam 1080p,Video,-1,"Rs 5,400",5,Pakistan,retail
ORD-102321,2025-11-21 13:14,C00012,SKU-1005,24 inch monitor,Displays,1,"Rs 32,900",10,Pakistan,retail
ORD-102394,2025-08-24 18:14,C00012,SKU-1001,Mechanical keyboard,Peripherals,3,"Rs 9,800",10,UAE,retail
ORD-103535,2025-09-10 10:14,C00397,SKU-1002,Wireless mouse,Peripherals,1,"Rs 2,600",5,United Kingdom,retail
ORD-101958,2025-12-25 11:14,C00799,SKU-1006,Laptop stand,Accessories,1,"Rs 4,200",0,United Arab Emirates,Website
ORD-104012,2025-04-29 07:14,C00456,SKU-1005,24 inch monitor,Displays,1,"Rs 32,900",10,United Arab Emirates,Website
ORD-104478,2025-05-02 18:14,C00249,SKU-1005,24 inch monitor,Displays,2,"Rs 32,900",5,pakistan,marketplace
ORD-104676,2026-04-06 15:14,C00167,SKU-1003,USB-C cable 2m,Cables,2,Rs 850,0,United Arab Emirates,Website
ORD-104808,2025-12-08 08:14,C00175,SKU-1002,Wireless mouse,Peripherals,1,"Rs 2,600",0,Pakistan,marketplace
ORD-102126,2026-08-12 20:14,C00885,SKU-1005,24 inch monitor,Displays,1,"Rs 32,900",10,Pakistan,retail
ORD-103039,2025-11-24 14:14,C00181,SKU-1001,Mechanical keyboard,Peripherals,-1,"Rs 9,800",0,United Kingdom,website
ORD-100064,2026-08-20 16:14,C00043,SKU-1006,Laptop stand,Accessories,2,"Rs 4,200",10,PK,Website
ORD-103976,2025-09-29 07:14,C00480,SKU-1003,USB-C cable 2m,Cables,2,Rs 850,0,UAE,retail
ORD-102117,2026-05-18 20:14,C00019,SKU-1009,Webcam 1080p,Video,1,"Rs 5,400",0,Saudi Arabia,retail
ORD-104465,2026-04-03 09:14,C00776,SKU-1009,Webcam 1080p,Video,1,"Rs 5,400",20,United Kingdom,marketplace
ORD-102774,2025-03-26 18:14,C00057,SKU-1002,Wireless mouse,Peripherals,1,"Rs 2,600",0,UAE,website
ORD-102327,2026-02-03 16:14,C00758,SKU-1008,1TB portable SSD,Storage,2,"Rs 13,500",0,Saudi Arabia,retail
ORD-100039,2025-11-06 08:14,C00179,SKU-1007,Noise cancelling headset,Audio,1,"Rs 6,900",0,Pakistan,Website
ORD-102393,2025-12-09 14:14,C00006,SKU-1001,Mechanical keyboard,Peripherals,1,"Rs 9,800",10,Saudi Arabia,Website
ORD-100159,2025-12-16 20:14,C00030,SKU-1002,Wireless mouse,Peripherals,1,"Rs 2,600",0,United Arab Emirates,marketplace
ORD-102455,2025-12-28 12:14,C00791,SKU-1006,Laptop stand,Accessories,2,"Rs 4,200",0,PK,website
ORD-101686,2026-02-25 07:14,C00252,SKU-1004,HDMI cable 1.5m,Cables,1,"Rs 1,300",0,Pakistan,marketplace
ORD-103284,2026-07-01 20:14,C00343,SKU-1006,Laptop stand,Accessories,1,"Rs 4,200",10,pakistan,website
ORD-101261,2025-04-24 15:14,C00776,SKU-1009,Webcam 1080p,Video,1,"Rs 5,400",0,United Arab Emirates,Website
ORD-100587,2026-03-27 10:14,C00452,SKU-1003,USB-C cable 2m,Cables,1,Rs 850,0,United Kingdom,retail
ORD-100988,2025-06-27 18:14,C00513,SKU-1007,Noise cancelling headset,Audio,1,"Rs 6,900",0,UK,marketplace
ORD-105561,2026-07-24 18:14,C00522,SKU-1010,65W GaN charger,Power,1,"Rs 3,900",0,Pakistan,Website
ORD-101970,2026-06-26 17:14,C00048,SKU-1009,Webcam 1080p,Video,1,"Rs 5,400",20,Pakistan,website
ORD-103721,2025-10-16 10:14,C00531,SKU-1004,HDMI cable 1.5m,Cables,1,"Rs 1,300",0,UAE,website
ORD-103222,2025-07-04 12:14,C00307,SKU-1010,65W GaN charger,Power,1,"Rs 3,900",10,PK,website
ORD-103106,2026-05-11 18:14,C00009,SKU-1007,Noise cancelling headset,Audio,1,"Rs 6,900",20,United Arab Emirates,website
ORD-101553,2026-07-17 16:14,C00035,SKU-1006,Laptop stand,Accessories,1,"Rs 4,200",0,United Kingdom,marketplace
ORD-105432,2026-02-13 13:14,C00892,SKU-1008,1TB portable SSD,Storage,1,"Rs 13,500",5,pakistan,marketplace
ORD-103112,2026-01-06 07:14,C00418,SKU-1005,24 inch monitor,Displays,1,"Rs 32,900",0,Saudi Arabia,website
ORD-104888,2026-03-16 09:14,C00150,SKU-1010,65W GaN charger,Power,3,"Rs 3,900",0,PK,Website
ORD-103441,2026-01-12 15:14,,SKU-1002,Wireless mouse,Peripherals,1,"Rs 2,600",0,pakistan,retail
ORD-101341,2026-01-05 15:14,C00045,SKU-1001,Mechanical keyboard,Peripherals,3,"Rs 9,800",5,pakistan,marketplace
ORD-101139,2026-05-28 15:14,C00289,SKU-1002,Wireless mouse,Peripherals,1,"Rs 2,600",10,UAE,marketplace
ORD-101278,2026-05-18 10:14,C00031,SKU-1005,24 inch monitor,Displays,1,"Rs 32,900",0,UAE,marketplace
ORD-102528,2026-09-10 11:14,C00743,SKU-1001,Mechanical keyboard,Peripherals,1,"Rs 9,800",0,PK,retail
ORD-102884,2026-08-21 14:14,C00704,SKU-1003,USB-C cable 2m,Cables,5,Rs 850,0,Pakistan,Website
ORD-103364,2025-09-03 16:14,C00314,SKU-1009,Webcam 1080p,Video,2,"Rs 5,400",0,Saudi Arabia,marketplace
ORD-104292,2026-05-14 19:14,C00070,SKU-1010,65W GaN charger,Power,1,"Rs 3,900",0,UK,Website
ORD-102298,2026-01-04 13:14,C00380,SKU-1006,Laptop stand,Accessories,1,"Rs 4,200",0,UAE,website
ORD-103603,2026-06-29 09:14,C00427,SKU-1002,Wireless mouse,Peripherals,1,"Rs 2,600",0,UK,Website
ORD-101716,2025-09-20 11:14,C00037,SKU-1005,24 inch monitor,Displays,1,"Rs 32,900",0,PK,website
ORD-103162,2025-07-15 07:14,C00023,SKU-1006,Laptop stand,Accessories,5,"Rs 4,200",10,Pakistan,Website
ORD-105263,2026-09-10 19:14,,SKU-1007,Noise cancelling headset,Audio,1,"Rs 6,900",5,PK,retail
ORD-102200,2026-02-19 08:14,C00359,SKU-1004,HDMI cable 1.5m,Cables,1,"Rs 1,300",0,UK,marketplace
ORD-104609,2026-08-19 13:14,C00621,SKU-1003,USB-C cable 2m,Cables,1,Rs 850,0,Pakistan,Website
ORD-100236,2026-02-02 19:14,C00012,SKU-1007,Noise cancelling headset,Audio,1,"Rs 6,900",0,United Kingdom,Website
ORD-105274,2025-10-25 08:14,C00017,SKU-1003,USB-C cable 2m,Cables,1,Rs 850,0,UAE,marketplace
ORD-102267,2025-08-29 15:14,C00314,SKU-1009,Webcam 1080p,Video,2,"Rs 5,400",0,Pakistan,retail
ORD-100394,2025-11-12 11:14,C00034,SKU-1008,1TB portable SSD,Storage,1,"Rs 13,500",0,PK,website
ORD-102517,2026-06-16 08:14,C00246,SKU-1003,USB-C cable 2m,Cables,1,Rs 850,0,United Kingdom,Website
ORD-101600,2026-06-02 16:14,,SKU-1005,24 inch monitor,Displays,1,"Rs 32,900",0,UAE,marketplace
ORD-100790,2026-08-17 08:14,C00308,SKU-1002,Wireless mouse,Peripherals,1,"Rs 2,600",0,UAE,website
ORD-104729,2026-06-11 15:14,C00030,SKU-1002,Wireless mouse,Peripherals,1,"Rs 2,600",0,United Kingdom,marketplace
ORD-103700,2025-04-20 13:14,C00011,SKU-1004,HDMI cable 1.5m,Cables,2,"Rs 1,300",10,PK,Website
ORD-104690,2025-08-29 18:14,C00278,SKU-1004,HDMI cable 1.5m,Cables,1,"Rs 1,300",0,United Arab Emirates,retail
ORD-101460,2026-05-23 11:14,C00093,SKU-1007,Noise cancelling headset,Audio,1,"Rs 6,900",0,United Kingdom,website
ORD-104962,2026-02-01 07:14,C00010,SKU-1004,HDMI cable 1.5m,Cables,1,"Rs 1,300",0,PK,website
ORD-105670,2026-04-14 10:14,C00040,SKU-1009,Webcam 1080p,Video,1,"Rs 5,400",5,UK,retail
ORD-101687,2025-09-16 20:14,C00333,SKU-1007,Noise cancelling headset,Audio,1,"Rs 6,900",0,pakistan,Website
ORD-105347,2026-05-11 14:14,C00004,SKU-1003,USB-C cable 2m,Cables,1,Rs 850,20,United Arab Emirates,marketplace
ORD-103892,2025-12-09 16:14,C00017,SKU-1006,Laptop stand,Accessories,1,"Rs 4,200",0,UK,website
ORD-104210,2026-03-23 18:14,C00455,SKU-1005,24 inch monitor,Displays,1,"Rs 32,900",0,United Arab Emirates,Website
ORD-102160,2025-09-07 18:14,C00217,SKU-1004,HDMI cable 1.5m,Cables,2,"Rs 1,300",0,UK,marketplace
ORD-105301,2026-02-28 15:14,C00153,SKU-1008,1TB portable SSD,Storage,2,"Rs 13,500",10,PK,retail
ORD-103760,2025-09-28 19:14,C00408,SKU-1004,HDMI cable 1.5m,Cables,1,"Rs 1,300",0,Pakistan,Website
ORD-103326,2025-09-11 12:14,C00593,SKU-1008,1TB portable SSD,Storage,2,,0,pakistan,retail
ORD-104196,2026-07-07 18:14,C00694,SKU-1005,24 inch monitor,Displays,1,"Rs 32,900",10,PK,Website
ORD-103018,2026-03-04 18:14,C00024,SKU-1001,Mechanical keyboard,Peripherals,1,"Rs 9,800",0,United Arab Emirates,Website
ORD-100905,2025-10-17 18:14,C00013,SKU-1004,HDMI cable 1.5m,Cables,1,"Rs 1,300",5,Pakistan,website
ORD-100081,2025-12-25 16:14,C00032,SKU-1010,65W GaN charger,Power,1,"Rs 3,900",0,United Arab Emirates,marketplace
ORD-103432,2026-05-04 17:14,C00402,SKU-1009,Webcam 1080p,Video,1,"Rs 5,400",0,UAE,retail
ORD-100777,2025-09-09 14:14,C00037,SKU-1009,Webcam 1080p,Video,1,"Rs 5,400",0,UK,Website
ORD-103315,2026-05-03 12:14,C00049,SKU-1006,Laptop stand,Accessories,5,"Rs 4,200",0,UK,retail
ORD-104661,2026-03-28 09:14,C00721,SKU-1006,Laptop stand,Accessories,2,"Rs 4,200",0,Pakistan,retail
ORD-101796,2026-03-26 15:14,C00058,SKU-1007,Noise cancelling headset,Audio,1,"Rs 6,900",0,Saudi Arabia,retail
ORD-105005,2026-02-16 20:14,C00025,SKU-1008,1TB portable SSD,Storage,2,"Rs 13,500",0,Saudi Arabia,retail
ORD-100107,2025-05-11 10:14,C00088,SKU-1003,USB-C cable 2m,Cables,2,Rs 850,0,UAE,website
ORD-102029,2026-01-08 17:14,C00240,SKU-1003,USB-C cable 2m,Cables,1,Rs 850,0,United Arab Emirates,marketplace
ORD-105188,2025-07-26 10:14,C00259,SKU-1001,Mechanical keyboard,Peripherals,1,"Rs 9,800",0,Pakistan,retail
ORD-102360,2025-12-06 08:14,C00820,SKU-1009,Webcam 1080p,Video,2,"Rs 5,400",0,PK,Website
ORD-102150,2026-03-28 13:14,C00060,SKU-1004,HDMI cable 1.5m,Cables,-1,"Rs 1,300",0,Saudi Arabia,Website
ORD-101441,2025-07-29 19:14,C00008,SKU-1001,Mechanical keyboard,Peripherals,1,,0,United Kingdom,website
ORD-101198,2025-08-19 13:14,C00187,SKU-1009,Webcam 1080p,Video,1,"Rs 5,400",0,UK,Website
ORD-101235,2026-03-21 15:14,C00483,SKU-1002,Wireless mouse,Peripherals,1,"Rs 2,600",0,United Kingdom,website
ORD-105206,2025-06-28 07:14,C00005,SKU-1004,HDMI cable 1.5m,Cables,1,"Rs 1,300",0,UK,marketplace
ORD-103706,2025-08-08 13:14,,SKU-1001,Mechanical keyboard,Peripherals,1,"Rs 9,800",5,UAE,website
ORD-101919,2025-04-15 08:14,C00498,SKU-1001,Mechanical keyboard,Peripherals,2,"Rs 9,800",0,UK,retail
ORD-105605,2026-04-15 17:14,C00536,SKU-1005,24 inch monitor,Displays,1,"Rs 32,900",0,PK,website
ORD-100208,2025-12-05 11:14,C00892,SKU-1005,24 inch monitor,Displays,2,"Rs 32,900",0,Pakistan,marketplace
ORD-104359,2025-06-14 17:14,C00509,SKU-1001,Mechanical keyboard,Peripherals,1,"Rs 9,800",0,Saudi Arabia,Website
ORD-105912,2025-09-16 10:14,C00114,SKU-1004,HDMI cable 1.5m,Cables,1,"Rs 1,300",5,PK,retail
ORD-105403,2026-05-30 11:14,C00789,SKU-1003,USB-C cable 2m,Cables,1,Rs 850,0,United Arab Emirates,retail
ORD-105679,2026-07-04 07:14,C00529,SKU-1009,Webcam 1080p,Video,1,"Rs 5,400",0,United Kingdom,Website
ORD-103637,2026-03-12 07:14,C00038,SKU-1009,Webcam 1080p,Video,1,"Rs 5,400",0,United Kingdom,Website
ORD-102418,2026-03-28 16:14,C00015,SKU-1008,1TB portable SSD,Storage,5,"Rs 13,500",0,UK,Website
ORD-101354,2026-04-23 11:14,C00057,SKU-1004,HDMI cable 1.5m,Cables,1,"Rs 1,300",10,Saudi Arabia,website
ORD-102283,2026-01-18 09:14,C00053,SKU-1007,Noise cancelling headset,Audio,1,"Rs 6,900",0,United Kingdom,marketplace
ORD-101690,2025-11-21 12:14,C00402,SKU-1004,HDMI cable 1.5m,Cables,1,"Rs 1,300",0,UAE,retail
ORD-101237,2026-04-07 18:14,C00643,SKU-1010,65W GaN charger,Power,1,"Rs 3,900",0,UAE,retail
ORD-101762,2026-07-11 20:14,C00510,SKU-1006,Laptop stand,Accessories,1,"Rs 4,200",0,Saudi Arabia,website
ORD-103951,2026-07-26 16:14,C00068,SKU-1008,1TB portable SSD,Storage,3,"Rs 13,500",0,United Kingdom,website
ORD-100078,2025-10-16 20:14,C00026,SKU-1001,Mechanical keyboard,Peripherals,1,"Rs 9,800",0,PK,Website
ORD-100662,2026-06-13 10:14,C00845,SKU-1002,Wireless mouse,Peripherals,5,"Rs 2,600",0,United Kingdom,website
ORD-103630,2026-01-17 13:14,C00531,SKU-1006,Laptop stand,Accessories,1,"Rs 4,200",5,United Arab Emirates,website
ORD-104173,2026-06-16 15:14,C00688,SKU-1003,USB-C cable 2m,Cables,1,Rs 850,0,UK,retail
ORD-103799,2026-08-12 17:14,C00215,SKU-1002,Wireless mouse,Peripherals,1,"Rs 2,600",0,Pakistan,retail
ORD-103455,2025-10-09 20:14,C00055,SKU-1010,65W GaN charger,Power,-1,"Rs 3,900",0,pakistan,retail
ORD-104716,2026-04-12 11:14,C00006,SKU-1006,Laptop stand,Accessories,1,"Rs 4,200",5,PK,Website
ORD-104041,22/03/2025,,SKU-1006,Laptop stand,Accessories,2,"Rs 4,200",5,UK,marketplace
ORD-100174,2026-01-25 13:14,C00007,SKU-1010,65W GaN charger,Power,1,"Rs 3,900",0,PK,website
ORD-105660,2026-03-06 14:14,C00707,SKU-1010,65W GaN charger,Power,2,"Rs 3,900",5,UAE,marketplace
ORD-102249,2026-02-02 14:14,C00015,SKU-1005,24 inch monitor,Displays,1,"Rs 32,900",0,Saudi Arabia,website
ORD-103671,05/02/2026,C00424,SKU-1002,Wireless mouse,Peripherals,2,"Rs 2,600",0,UAE,website
ORD-102842,2025-04-12 18:14,C00658,SKU-1002,Wireless mouse,Peripherals,1,"Rs 2,600",10,United Arab Emirates,Website
ORD-105103,2025-12-15 12:14,C00033,SKU-1001,Mechanical keyboard,Peripherals,1,"Rs 9,800",20,UAE,website
ORD-105774,2025-04-11 16:14,C00012,SKU-1001,Mechanical keyboard,Peripherals,1,"Rs 9,800",5,PK,marketplace
ORD-100972,2026-03-13 19:14,C00037,SKU-1003,USB-C cable 2m,Cables,1,Rs 850,20,Saudi Arabia,Website
ORD-104517,2026-02-10 11:14,C00033,SKU-1001,Mechanical keyboard,Peripherals,3,"Rs 9,800",0,United Arab Emirates,website
ORD-105826,2025-04-17 18:14,C00309,SKU-1008,1TB portable SSD,Storage,1,"Rs 13,500",0,United Kingdom,Website
ORD-102173,2025-08-13 18:14,,SKU-1003,USB-C cable 2m,Cables,1,Rs 850,0,UAE,marketplace
ORD-102785,2025-08-26 10:14,C00242,SKU-1007,Noise cancelling headset,Audio,1,"Rs 6,900",0,Pakistan,retail
ORD-105313,2026-07-04 11:14,C00834,SKU-1007,Noise cancelling headset,Audio,1,"Rs 6,900",5,Pakistan,retail
ORD-100843,2025-11-21 10:14,C00043,SKU-1003,USB-C cable 2m,Cables,1,Rs 850,0,United Arab Emirates,marketplace
ORD-100223,2026-06-27 14:14,C00365,SKU-1005,24 inch monitor,Displays,1,"Rs 32,900",10,PK,Website
ORD-100932,2026-05-12 11:14,C00041,SKU-1002,Wireless mouse,Peripherals,2,"Rs 2,600",0,pakistan,Website
ORD-105580,2025-04-23 08:14,C00015,SKU-1002,Wireless mouse,Peripherals,1,"Rs 2,600",10,United Kingdom,website
ORD-104283,2025-08-30 18:14,C00167,SKU-1010,65W GaN charger,Power,1,"Rs 3,900",0,UAE,website
ORD-105879,2025-11-19 13:14,C00101,SKU-1007,Noise cancelling headset,Audio,1,"Rs 6,900",10,UK,retail
ORD-101494,2025-09-19 14:14,C00241,SKU-1010,65W GaN charger,Power,2,"Rs 3,900",5,United Kingdom,retail
ORD-104746,2025-10-15 16:14,C00015,SKU-1009,Webcam 1080p,Video,1,"Rs 5,400",0,Saudi Arabia,retail
ORD-100730,2025-06-06 13:14,C00005,SKU-1009,Webcam 1080p,Video,2,"Rs 5,400",0,UK,retail
ORD-104494,2025-06-30 16:14,C00014,SKU-1003,USB-C cable 2m,Cables,1,Rs 850,0,UAE,marketplace
ORD-102134,2025-11-07 10:14,,SKU-1004,HDMI cable 1.5m,Cables,1,"Rs 1,300",5,Pakistan,Website
ORD-105404,2025-04-05 08:14,C00040,SKU-1005,24 inch monitor,Displays,1,"Rs 32,900",0,UK,marketplace
ORD-105399,2025-09-13 15:14,C00435,SKU-1007,Noise cancelling headset,Audio,1,"Rs 6,900",0,UAE,marketplace
ORD-104800,2026-05-12 15:14,C00059,SKU-1001,Mechanical keyboard,Peripherals,-1,"Rs 9,800",0,Saudi Arabia,retail
ORD-104365,2026-04-15 17:14,C00050,SKU-1002,Wireless mouse,Peripherals,3,"Rs 2,600",0,pakistan,retail
ORD-101027,2025-08-03 09:14,C00651,SKU-1010,65W GaN charger,Power,1,"Rs 3,900",0,Pakistan,marketplace
ORD-105121,2025-03-27 18:14,C00038,SKU-1009,Webcam 1080p,Video,3,"Rs 5,400",0,UK,website
ORD-105459,2026-05-29 12:14,C00620,SKU-1006,Laptop stand,Accessories,1,"Rs 4,200",0,Saudi Arabia,marketplace
ORD-103121,2025-11-12 12:14,C00030,SKU-1006,Laptop stand,Accessories,1,"Rs 4,200",0,UAE,retail
ORD-103337,2025-07-28 15:14,C00034,SKU-1005,24 inch monitor,Displays,1,"Rs 32,900",0,pakistan,retail
ORD-102894,2025-10-21 11:14,C00529,SKU-1004,HDMI cable 1.5m,Cables,1,"Rs 1,300",0,Saudi Arabia,retail
ORD-102163,2025-11-08 13:14,C00032,SKU-1002,Wireless mouse,Peripherals,1,"Rs 2,600",0,UK,marketplace
ORD-101507,2025-08-18 19:14,C00318,SKU-1010,65W GaN charger,Power,1,"Rs 3,900",0,United Kingdom,website
ORD-104296,2025-09-05 16:14,C00837,SKU-1003,USB-C cable 2m,Cables,1,Rs 850,0,United Arab Emirates,Website
ORD-100419,2026-02-03 12:14,C00036,SKU-1007,Noise cancelling headset,Audio,2,"Rs 6,900",0,PK,Website
ORD-101398,2026-03-31 15:14,C00429,SKU-1007,Noise cancelling headset,Audio,1,"Rs 6,900",0,UK,website
ORD-103191,2025-06-15 10:14,C00631,SKU-1005,24 inch monitor,Displays,1,"Rs 32,900",0,UAE,website
ORD-102125,2025-11-27 08:14,C00474,SKU-1001,Mechanical keyboard,Peripherals,1,"Rs 9,800",10,pakistan,marketplace
ORD-100901,2025-12-25 08:14,C00498,SKU-1004,HDMI cable 1.5m,Cables,1,"Rs 1,300",0,Pakistan,retail
ORD-101658,2026-07-10 15:14,C00203,SKU-1003,USB-C cable 2m,Cables,5,Rs 850,0,United Kingdom,marketplace
ORD-105659,2026-06-20 20:14,C00003,SKU-1009,Webcam 1080p,Video,2,"Rs 5,400",0,United Kingdom,retail
ORD-101693,2025-08-24 17:14,C00016,SKU-1008,1TB portable SSD,Storage,2,"Rs 13,500",0,pakistan,marketplace
ORD-102819,2025-09-20 16:14,C00758,SKU-1006,Laptop stand,Accessories,2,"Rs 4,200",0,United Arab Emirates,marketplace
ORD-101912,2026-07-19 14:14,C00070,SKU-1003,USB-C cable 2m,Cables,1,Rs 850,10,United Kingdom,website
ORD-101213,2026-01-01 08:14,C00696,SKU-1004,HDMI cable 1.5m,Cables,1,"Rs 1,300",0,United Arab Emirates,retail
ORD-100472,2025-10-10 14:14,C00058,SKU-1008,1TB portable SSD,Storage,1,"Rs 13,500",20,UAE,website
ORD-102673,2025-04-23 15:14,C00027,SKU-1007,Noise cancelling headset,Audio,1,"Rs 6,900",0,pakistan,Website
ORD-101409,2026-06-25 18:14,C00056,SKU-1001,Mechanical keyboard,Peripherals,1,"Rs 9,800",0,Saudi Arabia,retail
ORD-103645,2025-12-17 07:14,C00086,SKU-1004,HDMI cable 1.5m,Cables,2,"Rs 1,300",0,PK,retail
ORD-101478,2026-02-04 19:14,C00382,SKU-1005,24 inch monitor,Displays,1,"Rs 32,900",0,Saudi Arabia,Website
ORD-104361,2025-12-05 15:14,C00060,SKU-1009,Webcam 1080p,Video,1,"Rs 5,400",0,pakistan,Website
ORD-103009,2025-08-31 11:14,C00478,SKU-1009,Webcam 1080p,Video,2,"Rs 5,400",0,United Arab Emirates,retail
ORD-100015,2026-02-03 10:14,C00032,SKU-1010,65W GaN charger,Power,1,"Rs 3,900",5,United Arab Emirates,Website
ORD-101464,2025-08-23 09:14,C00777,SKU-1004,HDMI cable 1.5m,Cables,3,"Rs 1,300",0,pakistan,website
ORD-102039,2025-04-02 19:14,C00036,SKU-1010,65W GaN charger,Power,2,"Rs 3,900",0,Pakistan,Website
ORD-103539,2026-05-13 08:14,C00087,SKU-1005,24 inch monitor,Displays,1,"Rs 32,900",5,UAE,Website
ORD-105281,2026-04-17 10:14,C00699,SKU-1003,USB-C cable 2m,Cables,1,Rs 850,5,UAE,retail
ORD-100389,2025-10-16 15:14,C00591,SKU-1001,Mechanical keyboard,Peripherals,1,"Rs 9,800",0,United Arab Emirates,Website
ORD-104140,2026-05-23 09:14,C00024,SKU-1007,Noise cancelling headset,Audio,2,"Rs 6,900",0,UK,Website
ORD-101069,2026-03-23 12:14,C00214,SKU-1004,HDMI cable 1.5m,Cables,1,"Rs 1,300",0,UAE,retail
ORD-100386,2026-01-12 20:14,C00464,SKU-1002,Wireless mouse,Peripherals,5,"Rs 2,600",0,UK,retail
ORD-105828,2026-07-04 17:14,,SKU-1004,HDMI cable 1.5m,Cables,3,"Rs 1,300",0,Saudi Arabia,marketplace
ORD-105785,2025-08-10 20:14,C00054,SKU-1009,Webcam 1080p,Video,1,"Rs 5,400",0,United Kingdom,Website
ORD-101302,2026-07-11 19:14,C00045,SKU-1001,Mechanical keyboard,Peripherals,1,,0,UAE,website
ORD-104486,2026-02-27 18:14,C00710,SKU-1002,Wireless mouse,Peripherals,2,"Rs 2,600",0,pakistan,website
ORD-104721,2025-11-28 16:14,C00087,SKU-1006,Laptop stand,Accessories,1,"Rs 4,200",20,UAE,retail
ORD-101338,2025-08-15 14:14,C00063,SKU-1007,Noise cancelling headset,Audio,5,"Rs 6,900",10,Saudi Arabia,website
ORD-101648,2026-01-07 09:14,C00242,SKU-1007,Noise cancelling headset,Audio,1,"Rs 6,900",0,UAE,retail
ORD-104419,2026-06-26 17:14,C00370,SKU-1003,USB-C cable 2m,Cables,1,Rs 850,0,United Arab Emirates,website
ORD-103024,2025-05-01 11:14,C00712,SKU-1002,Wireless mouse,Peripherals,1,"Rs 2,600",5,UK,website
ORD-105487,2025-05-11 07:14,C00299,SKU-1003,USB-C cable 2m,Cables,1,Rs 850,0,UAE,website
ORD-104820,2026-07-14 11:14,C00349,SKU-1006,Laptop stand,Accessories,2,"Rs 4,200",0,UAE,website
ORD-105199,2025-05-27 14:14,C00293,SKU-1006,Laptop stand,Accessories,1,"Rs 4,200",0,Saudi Arabia,Website
ORD-102703,2025-03-24 16:14,C00026,SKU-1008,1TB portable SSD,Storage,1,"Rs 13,500",0,UK,marketplace
ORD-105013,2026-04-28 19:14,C00294,SKU-1009,Webcam 1080p,Video,3,"Rs 5,400",0,United Kingdom,marketplace
ORD-105401,2026-05-21 17:14,C00347,SKU-1006,Laptop stand,Accessories,1,"Rs 4,200",10,pakistan,website
ORD-100821,2025-05-22 08:14,C00698,SKU-1007,Noise cancelling headset,Audio,2,"Rs 6,900",0,United Arab Emirates,website
ORD-103897,2026-01-26 18:14,C00883,SKU-1006,Laptop stand,Accessories,1,"Rs 4,200",0,UK,Website
ORD-104504,2026-02-17 16:14,C00532,SKU-1004,HDMI cable 1.5m,Cables,1,"Rs 1,300",5,UK,marketplace
ORD-103659,2026-01-04 19:14,C00357,SKU-1004,HDMI cable 1.5m,Cables,1,"Rs 1,300",0,United Arab Emirates,Website
ORD-103113,2025-10-05 17:14,C00726,SKU-1002,Wireless mouse,Peripherals,1,"Rs 2,600",0,United Kingdom,marketplace
ORD-104388,2025-09-01 16:14,C00490,SKU-1003,USB-C cable 2m,Cables,1,Rs 850,0,UK,Website
ORD-103341,2025-06-26 18:14,C00148,SKU-1009,Webcam 1080p,Video,1,"Rs 5,400",20,United Arab Emirates,marketplace
ORD-102480,2025-08-17 19:14,C00259,SKU-1006,Laptop stand,Accessories,2,"Rs 4,200",0,UK,retail
ORD-104397,2025-05-25 10:14,C00030,SKU-1004,HDMI cable 1.5m,Cables,1,"Rs 1,300",5,pakistan,Website
ORD-101444,2026-04-30 07:14,C00519,SKU-1006,Laptop stand,Accessories,1,"Rs 4,200",0,United Kingdom,website
ORD-104134,2026-05-19 11:14,C00464,SKU-1005,24 inch monitor,Displays,1,"Rs 32,900",0,pakistan,marketplace
ORD-103124,2025-05-12 16:14,C00042,SKU-1002,Wireless mouse,Peripherals,1,"Rs 2,600",0,Saudi Arabia,website
ORD-105983,2025-09-15 18:14,C00040,SKU-1010,65W GaN charger,Power,1,"Rs 3,900",20,Saudi Arabia,website
ORD-102278,2026-04-22 11:14,C00709,SKU-1001,Mechanical keyboard,Peripherals,1,"Rs 9,800",0,Saudi Arabia,marketplace
ORD-101110,2026-04-25 14:14,C00465,SKU-1008,1TB portable SSD,Storage,2,"Rs 13,500",5,Pakistan,retail
ORD-105702,2025-03-26 15:14,C00054,SKU-1007,Noise cancelling headset,Audio,1,"Rs 6,900",5,UAE,marketplace
ORD-101340,2025-11-14 10:14,C00049,SKU-1003,USB-C cable 2m,Cables,3,Rs 850,0,Saudi Arabia,Website
ORD-100792,2026-04-15 20:14,C00055,SKU-1004,HDMI cable 1.5m,Cables,1,"Rs 1,300",0,United Arab Emirates,website
ORD-102108,2026-07-19 12:14,C00630,SKU-1002,Wireless mouse,Peripherals,1,"Rs 2,600",0,United Arab Emirates,retail
ORD-102958,2025-06-02 12:14,C00014,SKU-1003,USB-C cable 2m,Cables,2,Rs 850,0,PK,marketplace
ORD-105780,2025-12-12 14:14,C00197,SKU-1003,USB-C cable 2m,Cables,1,Rs 850,0,pakistan,marketplace
ORD-100883,2026-09-03 13:14,C00463,SKU-1007,Noise cancelling headset,Audio,1,"Rs 6,900",0,UAE,marketplace
ORD-101722,2025-05-29 12:14,C00389,SKU-1010,65W GaN charger,Power,1,"Rs 3,900",0,Saudi Arabia,marketplace
ORD-104334,2025-04-25 10:14,C00197,SKU-1007,Noise cancelling headset,Audio,1,"Rs 6,900",0,Saudi Arabia,marketplace
ORD-103479,2026-04-04 09:14,C00768,SKU-1003,USB-C cable 2m,Cables,1,Rs 850,5,PK,website
ORD-103274,2025-07-02 11:14,C00002,SKU-1010,65W GaN charger,Power,1,"Rs 3,900",0,PK,Website
ORD-104426,2025-10-11 14:14,C00586,SKU-1002,Wireless mouse,Peripherals,3,"Rs 2,600",0,PK,Website
ORD-105427,2026-04-30 07:14,C00261,SKU-1003,USB-C cable 2m,Cables,1,Rs 850,5,UK,Website
ORD-104789,2025-07-18 13:14,C00016,SKU-1009,Webcam 1080p,Video,1,"Rs 5,400",0,Pakistan,retail
ORD-100258,2026-01-22 11:14,C00066,SKU-1010,65W GaN charger,Power,1,"Rs 3,900",0,Saudi Arabia,Website
ORD-102109,2025-11-07 09:14,C00538,SKU-1008,1TB portable SSD,Storage,2,"Rs 13,500",0,pakistan,retail
ORD-103356,2026-01-13 17:14,C00046,SKU-1009,Webcam 1080p,Video,1,"Rs 5,400",5,UK,Website
ORD-101961,2026-04-27 18:14,C00428,SKU-1005,24 inch monitor,Displays,1,"Rs 32,900",0,United Kingdom,website
ORD-103631,2026-04-05 17:14,C00412,SKU-1010,65W GaN charger,Power,1,"Rs 3,900",0,United Kingdom,retail
ORD-102510,2026-07-10 12:14,C00697,SKU-1007,Noise cancelling headset,Audio,1,"Rs 6,900",5,UAE,marketplace
ORD-103670,2025-09-20 18:14,C00188,SKU-1005,24 inch monitor,Displays,5,"Rs 32,900",5,pakistan,marketplace
ORD-105090,2026-04-14 13:14,C00525,SKU-1005,24 inch monitor,Displays,1,"Rs 32,900",0,Saudi Arabia,marketplace
ORD-102282,2026-07-08 13:14,C00013,SKU-1003,USB-C cable 2m,Cables,1,Rs 850,0,United Kingdom,retail
ORD-104905,2025-07-13 15:14,C00006,SKU-1001,Mechanical keyboard,Peripherals,1,"Rs 9,800",0,PK,website
ORD-105306,2025-04-13 07:14,C00425,SKU-1009,Webcam 1080p,Video,1,"Rs 5,400",0,Saudi Arabia,marketplace
ORD-102401,2026-02-25 08:14,C00019,SKU-1003,USB-C cable 2m,Cables,1,Rs 850,0,Saudi Arabia,website
ORD-103330,2026-06-05 10:14,C00034,SKU-1010,65W GaN charger,Power,1,"Rs 3,900",0,pakistan,retail
ORD-105152,2026-01-12 16:14,C00464,SKU-1008,1TB portable SSD,Storage,2,"Rs 13,500",10,United Arab Emirates,website
ORD-102581,2025-12-05 07:14,C00598,SKU-1001,Mechanical keyboard,Peripherals,1,"Rs 9,800",5,PK,website
ORD-104933,2025-05-16 18:14,C00049,SKU-1007,Noise cancelling headset,Audio,5,"Rs 6,900",0,PK,marketplace
ORD-105481,2025-04-29 15:14,C00019,SKU-1001,Mechanical keyboard,Peripherals,1,"Rs 9,800",0,United Kingdom,website
ORD-105215,2025-06-23 13:14,C00285,SKU-1010,65W GaN charger,Power,1,"Rs 3,900",0,United Kingdom,retail
ORD-102094,2026-05-12 18:14,C00085,SKU-1002,Wireless mouse,Peripherals,1,"Rs 2,600",0,Saudi Arabia,retail
ORD-102744,2026-01-25 08:14,C00013,SKU-1006,Laptop stand,Accessories,2,"Rs 4,200",0,United Arab Emirates,website
ORD-104734,2026-02-17 18:14,C00651,SKU-1009,Webcam 1080p,Video,1,"Rs 5,400",0,PK,marketplace
ORD-103522,2026-08-27 09:14,C00752,SKU-1004,HDMI cable 1.5m,Cables,1,"Rs 1,300",0,PK,retail
ORD-102004,2025-12-26 13:14,C00770,SKU-1003,USB-C cable 2m,Cables,2,Rs 850,0,Saudi Arabia,Website
ORD-105852,2026-09-12 11:14,C00281,SKU-1005,24 inch monitor,Displays,1,"Rs 32,900",0,pakistan,Website
ORD-102808,2026-08-24 08:14,C00054,SKU-1007,Noise cancelling headset,Audio,3,"Rs 6,900",20,PK,marketplace
ORD-100885,2025-06-04 08:14,C00048,SKU-1008,1TB portable SSD,Storage,1,"Rs 13,500",0,UK,Website
ORD-101586,2026-06-12 11:14,C00058,SKU-1010,65W GaN charger,Power,1,"Rs 3,900",0,Pakistan,retail
ORD-103372,2025-08-27 20:14,C00018,SKU-1005,24 inch monitor,Displays,3,"Rs 32,900",0,PK,retail
ORD-103457,2025-06-19 19:14,C00045,SKU-1002,Wireless mouse,Peripherals,1,"Rs 2,600",0,Pakistan,website
ORD-101540,2025-08-21 14:14,C00008,SKU-1003,USB-C cable 2m,Cables,1,Rs 850,5,Saudi Arabia,retail
ORD-102012,2025-07-23 15:14,C00625,SKU-1008,1TB portable SSD,Storage,1,"Rs 13,500",0,United Arab Emirates,website
ORD-102519,2026-03-02 20:14,C00010,SKU-1009,Webcam 1080p,Video,1,"Rs 5,400",5,UK,marketplace
ORD-105071,2026-07-28 14:14,C00027,SKU-1002,Wireless mouse,Peripherals,1,"Rs 2,600",0,United Arab Emirates,retail
ORD-101182,2025-04-27 07:14,C00273,SKU-1001,Mechanical keyboard,Peripherals,1,"Rs 9,800",0,pakistan,marketplace
ORD-100750,2025-07-30 18:14,C00060,SKU-1009,Webcam 1080p,Video,2,"Rs 5,400",0,Pakistan,marketplace
ORD-102083,2025-07-07 17:14,C00049,SKU-1008,1TB portable SSD,Storage,2,"Rs 13,500",0,UAE,retail
ORD-105169,2025-06-01 09:14,C00552,SKU-1005,24 inch monitor,Displays,1,"Rs 32,900",0,Pakistan,retail
ORD-105377,2025-06-06 14:14,C00033,SKU-1003,USB-C cable 2m,Cables,1,Rs 850,20,UK,retail
ORD-101232,2025-09-26 15:14,C00056,SKU-1003,USB-C cable 2m,Cables,3,Rs 850,0,United Kingdom,marketplace
ORD-101697,2026-05-17 15:14,C00144,SKU-1009,Webcam 1080p,Video,1,"Rs 5,400",0,Pakistan,website
ORD-100501,2026-07-18 09:14,C00056,SKU-1001,Mechanical keyboard,Peripherals,2,"Rs 9,800",0,UAE,retail
ORD-100647,2026-01-23 10:14,C00342,SKU-1004,HDMI cable 1.5m,Cables,1,"Rs 1,300",0,United Kingdom,Website
ORD-105539,2026-04-25 20:14,C00246,SKU-1001,Mechanical keyboard,Peripherals,1,"Rs 9,800",0,United Arab Emirates,retail
ORD-105279,2025-06-28 15:14,C00011,SKU-1002,Wireless mouse,Peripherals,3,"Rs 2,600",20,pakistan,retail
ORD-104937,2026-03-21 20:14,C00763,SKU-1010,65W GaN charger,Power,1,"Rs 3,900",10,pakistan,Website
ORD-105729,2026-04-22 20:14,C00605,SKU-1010,65W GaN charger,Power,1,"Rs 3,900",0,UAE,retail
ORD-105335,2025-07-09 08:14,C00424,SKU-1010,65W GaN charger,Power,5,,0,Saudi Arabia,marketplace
ORD-104480,2026-05-15 19:14,C00026,SKU-1005,24 inch monitor,Displays,1,"Rs 32,900",10,pakistan,retail
ORD-103673,2025-11-21 19:14,C00480,SKU-1004,HDMI cable 1.5m,Cables,3,"Rs 1,300",0,Pakistan,marketplace
ORD-100251,2026-01-17 12:14,C00126,SKU-1004,HDMI cable 1.5m,Cables,1,"Rs 1,300",0,United Arab Emirates,Website
ORD-104069,2025-09-12 10:14,C00736,SKU-1008,1TB portable SSD,Storage,2,"Rs 13,500",20,UK,website
ORD-102718,2025-06-28 07:14,C00395,SKU-1006,Laptop stand,Accessories,1,"Rs 4,200",0,Saudi Arabia,Website
ORD-100836,2026-06-03 10:14,C00284,SKU-1001,Mechanical keyboard,Peripherals,1,"Rs 9,800",0,UAE,website
ORD-105642,2025-04-24 12:14,C00567,SKU-1006,Laptop stand,Accessories,1,"Rs 4,200",5,Pakistan,website
ORD-104955,2025-08-06 20:14,C00277,SKU-1010,65W GaN charger,Power,1,"Rs 3,900",0,United Kingdom,retail
ORD-101524,2026-08-05 17:14,C00686,SKU-1009,Webcam 1080p,Video,1,"Rs 5,400",0,Saudi Arabia,Website
ORD-100011,2025-12-23 20:14,C00748,SKU-1010,65W GaN charger,Power,1,"Rs 3,900",0,UK,website
ORD-101156,2025-06-02 12:14,C00040,SKU-1010,65W GaN charger,Power,1,"Rs 3,900",0,Pakistan,website
ORD-105725,2026-05-24 07:14,C00035,SKU-1005,24 inch monitor,Displays,1,"Rs 32,900",0,UAE,website
ORD-103183,2025-04-22 19:14,C00454,SKU-1010,65W GaN charger,Power,5,"Rs 3,900",10,United Arab Emirates,Website
ORD-103019,2026-07-01 13:14,C00666,SKU-1001,Mechanical keyboard,Peripherals,1,"Rs 9,800",10,United Kingdom,retail
ORD-100987,2026-05-16 08:14,C00343,SKU-1009,Webcam 1080p,Video,1,"Rs 5,400",20,UAE,Website
ORD-100101,2025-09-09 12:14,C00278,SKU-1004,HDMI cable 1.5m,Cables,1,"Rs 1,300",0,Pakistan,Website
ORD-104718,2026-03-21 07:14,C00585,SKU-1004,HDMI cable 1.5m,Cables,1,"Rs 1,300",0,UAE,website
ORD-103473,2025-05-28 20:14,C00016,SKU-1007,Noise cancelling headset,Audio,1,"Rs 6,900",0,United Kingdom,retail
ORD-101991,2025-06-13 11:14,C00231,SKU-1008,1TB portable SSD,Storage,2,"Rs 13,500",10,PK,marketplace
ORD-103789,2025-08-08 17:14,C00006,SKU-1001,Mechanical keyboard,Peripherals,5,"Rs 9,800",0,Saudi Arabia,website
ORD-101570,2026-01-25 07:14,C00697,SKU-1001,Mechanical keyboard,Peripherals,2,"Rs 9,800",0,UAE,marketplace
ORD-105241,2025-09-09 14:14,C00283,SKU-1007,Noise cancelling headset,Audio,1,"Rs 6,900",0,Pakistan,retail
ORD-100757,2026-08-07 18:14,C00206,SKU-1010,65W GaN charger,Power,1,"Rs 3,900",0,Pakistan,retail
ORD-100452,2025-11-06 20:14,C00067,SKU-1002,Wireless mouse,Peripherals,1,"Rs 2,600",0,PK,website
ORD-104490,2025-11-26 14:14,C00046,SKU-1005,24 inch monitor,Displays,1,"Rs 32,900",20,Saudi Arabia,marketplace
ORD-102801,2026-05-18 15:14,C00015,SKU-1003,USB-C cable 2m,Cables,1,Rs 850,0,PK,website
ORD-100941,2026-01-03 07:14,C00574,SKU-1009,Webcam 1080p,Video,1,"Rs 5,400",0,Pakistan,website
ORD-100356,2026-01-12 19:14,C00017,SKU-1007,Noise cancelling headset,Audio,1,"Rs 6,900",0,Saudi Arabia,Website
ORD-104034,2025-06-16 11:14,C00044,SKU-1002,Wireless mouse,Peripherals,1,"Rs 2,600",0,United Arab Emirates,website
ORD-105117,2026-04-30 16:14,C00528,SKU-1009,Webcam 1080p,Video,1,"Rs 5,400",0,UK,Website
ORD-104896,2026-07-30 09:14,C00362,SKU-1010,65W GaN charger,Power,2,"Rs 3,900",0,Pakistan,website
ORD-102388,2026-08-06 11:14,C00753,SKU-1004,HDMI cable 1.5m,Cables,2,"Rs 1,300",5,Saudi Arabia,Website
ORD-103509,2026-07-30 14:14,C00056,SKU-1001,Mechanical keyboard,Peripherals,1,"Rs 9,800",5,United Arab Emirates,Website
ORD-101109,2025-07-29 19:14,C00189,SKU-1008,1TB portable SSD,Storage,1,"Rs 13,500",0,PK,Website
ORD-104882,2025-06-12 11:14,C00046,SKU-1009,Webcam 1080p,Video,2,"Rs 5,400",10,pakistan,retail
ORD-105566,2026-05-12 10:14,C00818,SKU-1004,HDMI cable 1.5m,Cables,1,"Rs 1,300",0,pakistan,website
ORD-105500,2026-02-02 07:14,C00074,SKU-1007,Noise cancelling headset,Audio,1,"Rs 6,900",10,United Kingdom,retail
ORD-101643,2026-03-29 12:14,C00768,SKU-1005,24 inch monitor,Displays,1,"Rs 32,900",0,pakistan,retail
ORD-100368,2025-07-04 13:14,C00391,SKU-1001,Mechanical keyboard,Peripherals,3,"Rs 9,800",0,Pakistan,marketplace
ORD-103144,2026-02-19 08:14,C00657,SKU-1001,Mechanical keyboard,Peripherals,1,"Rs 9,800",10,PK,website
ORD-100070,2025-12-29 12:14,C00267,SKU-1009,Webcam 1080p,Video,1,"Rs 5,400",5,pakistan,Website
ORD-101535,2025-08-26 18:14,C00077,SKU-1009,Webcam 1080p,Video,1,"Rs 5,400",0,pakistan,retail
ORD-102980,2025-12-19 07:14,C00735,SKU-1008,1TB portable SSD,Storage,2,"Rs 13,500",0,pakistan,website
ORD-102739,2026-08-19 18:14,C00115,SKU-1009,Webcam 1080p,Video,1,"Rs 5,400",0,PK,retail
ORD-103261,2026-01-21 13:14,,SKU-1004,HDMI cable 1.5m,Cables,1,"Rs 1,300",0,PK,website
ORD-105858,2025-04-11 14:14,C00004,SKU-1001,Mechanical keyboard,Peripherals,1,"Rs 9,800",0,pakistan,website
ORD-101715,2026-03-07 07:14,C00114,SKU-1003,USB-C cable 2m,Cables,2,Rs 850,0,PK,Website
ORD-100222,2026-07-13 13:14,C00076,SKU-1007,Noise cancelling headset,Audio,1,"Rs 6,900",0,Pakistan,website
ORD-104202,2025-12-14 09:14,C00438,SKU-1006,Laptop stand,Accessories,1,"Rs 4,200",0,UK,Website
ORD-101111,2026-03-25 20:14,C00339,SKU-1010,65W GaN charger,Power,1,"Rs 3,900",0,United Arab Emirates,marketplace
ORD-102885,2026-06-26 15:14,C00029,SKU-1009,Webcam 1080p,Video,1,"Rs 5,400",0,UK,Website
ORD-102026,2025-12-28 12:14,C00425,SKU-1009,Webcam 1080p,Video,1,"Rs 5,400",0,Saudi Arabia,Website
ORD-104484,2025-08-29 11:14,C00015,SKU-1004,HDMI cable 1.5m,Cables,3,"Rs 1,300",0,United Kingdom,Website
ORD-105511,2026-04-08 13:14,C00706,SKU-1006,Laptop stand,Accessories,2,"Rs 4,200",10,United Kingdom,retail
ORD-100584,2025-07-21 13:14,C00180,SKU-1001,Mechanical keyboard,Peripherals,1,"Rs 9,800",5,PK,retail
ORD-101276,2026-06-25 20:14,C00241,SKU-1003,USB-C cable 2m,Cables,1,Rs 850,0,PK,Website
ORD-101884,2025-08-22 17:14,C00028,SKU-1002,Wireless mouse,Peripherals,-1,"Rs 2,600",0,Pakistan,retail
ORD-105161,2025-03-25 09:14,C00109,SKU-1010,65W GaN charger,Power,-1,"Rs 3,900",0,pakistan,retail
ORD-102691,30/04/2026,C00324,SKU-1003,USB-C cable 2m,Cables,1,Rs 850,0,Saudi Arabia,website
ORD-101379,2026-07-23 11:14,C00089,SKU-1006,Laptop stand,Accessories,-2,"Rs 4,200",0,United Kingdom,website
ORD-104116,2025-11-03 20:14,C00577,SKU-1006,Laptop stand,Accessories,2,"Rs 4,200",0,United Kingdom,website
ORD-101508,2025-05-22 18:14,C00691,SKU-1006,Laptop stand,Accessories,1,"Rs 4,200",5,pakistan,Website
ORD-105818,2025-05-12 08:14,C00208,SKU-1008,1TB portable SSD,Storage,2,"Rs 13,500",10,United Kingdom,retail
ORD-105294,2026-01-14 12:14,C00003,SKU-1007,Noise cancelling headset,Audio,1,"Rs 6,900",5,UK,website
ORD-100882,2026-01-28 17:14,C00037,SKU-1001,Mechanical keyboard,Peripherals,1,"Rs 9,800",0,United Kingdom,marketplace
ORD-102149,2026-02-26 20:14,C00282,SKU-1006,Laptop stand,Accessories,2,"Rs 4,200",5,Pakistan,website
ORD-104837,2026-05-13 16:14,C00050,SKU-1009,Webcam 1080p,Video,1,"Rs 5,400",0,Saudi Arabia,retail
ORD-101267,2025-06-17 19:14,C00025,SKU-1006,Laptop stand,Accessories,1,"Rs 4,200",0,Saudi Arabia,website
ORD-102802,2025-09-15 11:14,C00186,SKU-1007,Noise cancelling headset,Audio,1,"Rs 6,900",0,United Kingdom,marketplace
ORD-102303,2025-11-27 09:14,C00657,SKU-1008,1TB portable SSD,Storage,1,,20,Pakistan,Website
ORD-103835,2025-06-22 18:14,C00037,SKU-1005,24 inch monitor,Displays,2,"Rs 32,900",0,Saudi Arabia,website
ORD-100714,2025-05-24 12:14,C00126,SKU-1007,Noise cancelling headset,Audio,1,"Rs 6,900",0,Saudi Arabia,Website
ORD-100163,2026-08-05 19:14,C00024,SKU-1010,65W GaN charger,Power,5,,0,Pakistan,website
ORD-105253,2026-05-18 17:14,C00115,SKU-1010,65W GaN charger,Power,1,"Rs 3,900",0,Saudi Arabia,marketplace
ORD-102145,2025-06-25 14:14,C00733,SKU-1009,Webcam 1080p,Video,-5,"Rs 5,400",0,United Arab Emirates,marketplace
ORD-101988,2026-07-05 17:14,C00062,SKU-1001,Mechanical keyboard,Peripherals,5,"Rs 9,800",0,pakistan,website
ORD-101355,2025-11-04 16:14,C00025,SKU-1008,1TB portable SSD,Storage,1,"Rs 13,500",0,United Kingdom,retail
ORD-105015,2026-08-11 20:14,C00007,SKU-1006,Laptop stand,Accessories,-1,"Rs 4,200",0,Pakistan,retail
ORD-105549,2026-07-16 16:14,C00280,SKU-1004,HDMI cable 1.5m,Cables,2,"Rs 1,300",0,United Arab Emirates,marketplace
ORD-105069,2025-12-04 19:14,C00284,SKU-1006,Laptop stand,Accessories,5,"Rs 4,200",0,Pakistan,Website
ORD-102697,2026-08-19 16:14,C00004,SKU-1005,24 inch monitor,Displays,1,"Rs 32,900",0,UAE,Website
ORD-103003,2025-10-01 07:14,C00304,SKU-1010,65W GaN charger,Power,1,"Rs 3,900",0,Saudi Arabia,website
ORD-100282,2025-07-11 19:14,C00676,SKU-1005,24 inch monitor,Displays,1,"Rs 32,900",20,pakistan,marketplace
ORD-101971,26/06/2025,C00530,SKU-1009,Webcam 1080p,Video,1,"Rs 5,400",0,UAE,retail
ORD-101060,2026-01-26 10:14,C00460,SKU-1006,Laptop stand,Accessories,2,"Rs 4,200",0,Saudi Arabia,retail
ORD-104935,2026-04-15 13:14,C00025,SKU-1010,65W GaN charger,Power,1,"Rs 3,900",0,Saudi Arabia,website
ORD-100167,2025-09-19 14:14,C00036,SKU-1007,Noise cancelling headset,Audio,3,"Rs 6,900",0,Pakistan,marketplace
ORD-101734,2026-06-06 20:14,C00037,SKU-1006,Laptop stand,Accessories,1,"Rs 4,200",0,Pakistan,Website
ORD-102895,2025-05-07 10:14,C00079,SKU-1006,Laptop stand,Accessories,2,"Rs 4,200",0,United Arab Emirates,Website
ORD-105132,2026-02-09 20:14,C00500,SKU-1004,HDMI cable 1.5m,Cables,1,"Rs 1,300",0,UAE,website
ORD-104635,2025-07-31 12:14,C00705,SKU-1010,65W GaN charger,Power,1,"Rs 3,900",0,Pakistan,marketplace
ORD-105096,2025-05-23 18:14,C00541,SKU-1005,24 inch monitor,Displays,2,"Rs 32,900",5,Pakistan,website
ORD-100967,2025-12-25 14:14,C00127,SKU-1006,Laptop stand,Accessories,2,"Rs 4,200",0,Pakistan,Website
ORD-100803,2026-06-25 17:14,C00009,SKU-1006,Laptop stand,Accessories,1,"Rs 4,200",5,United Arab Emirates,marketplace
ORD-103797,2025-04-11 07:14,C00294,SKU-1008,1TB portable SSD,Storage,1,"Rs 13,500",0,Saudi Arabia,retail
ORD-100254,2025-04-01 10:14,C00019,SKU-1003,USB-C cable 2m,Cables,2,Rs 850,5,UK,marketplace
ORD-100796,2025-10-26 15:14,C00052,SKU-1010,65W GaN charger,Power,1,"Rs 3,900",0,Saudi Arabia,website
ORD-105591,2026-04-19 12:14,C00013,SKU-1003,USB-C cable 2m,Cables,1,Rs 850,0,Pakistan,retail
ORD-102415,2025-10-14 19:14,,SKU-1007,Noise cancelling headset,Audio,2,"Rs 6,900",0,Saudi Arabia,website
ORD-103234,2026-04-11 13:14,C00091,SKU-1002,Wireless mouse,Peripherals,1,"Rs 2,600",0,PK,retail
ORD-103478,2026-05-19 18:14,C00896,SKU-1005,24 inch monitor,Displays,1,"Rs 32,900",0,United Arab Emirates,website
ORD-100731,06/09/2025,C00052,SKU-1008,1TB portable SSD,Storage,1,"Rs 13,500",0,United Kingdom,Website
ORD-101564,2025-08-14 17:14,C00323,SKU-1001,Mechanical keyboard,Peripherals,1,"Rs 9,800",0,pakistan,Website
ORD-102993,2025-03-27 10:14,C00097,SKU-1006,Laptop stand,Accessories,1,"Rs 4,200",0,United Kingdom,website
ORD-103403,2026-08-09 09:14,C00219,SKU-1004,HDMI cable 1.5m,Cables,1,"Rs 1,300",0,pakistan,Website
ORD-104826,2026-01-19 15:14,C00047,SKU-1007,Noise cancelling headset,Audio,1,"Rs 6,900",0,pakistan,retail
ORD-104445,2026-05-25 15:14,C00245,SKU-1010,65W GaN charger,Power,1,"Rs 3,900",0,pakistan,marketplace
ORD-100331,2025-11-13 17:14,C00261,SKU-1002,Wireless mouse,Peripherals,1,"Rs 2,600",0,UAE,marketplace
ORD-103554,2025-10-26 07:14,C00847,SKU-1001,Mechanical keyboard,Peripherals,1,"Rs 9,800",10,UAE,Website
ORD-104485,2026-02-25 08:14,C00206,SKU-1004,HDMI cable 1.5m,Cables,1,"Rs 1,300",5,UAE,marketplace
ORD-102973,2025-09-22 08:14,C00156,SKU-1010,65W GaN charger,Power,1,"Rs 3,900",0,United Arab Emirates,marketplace
ORD-101104,2025-10-27 19:14,C00653,SKU-1006,Laptop stand,Accessories,1,"Rs 4,200",0,UAE,website
ORD-101869,2026-04-01 19:14,C00127,SKU-1002,Wireless mouse,Peripherals,1,"Rs 2,600",5,United Kingdom,website
ORD-104286,2025-11-20 10:14,C00019,SKU-1004,HDMI cable 1.5m,Cables,3,"Rs 1,300",0,pakistan,retail
ORD-103468,2026-08-28 20:14,C00039,SKU-1001,Mechanical keyboard,Peripherals,1,"Rs 9,800",0,UAE,retail
ORD-104848,2025-10-27 07:14,C00037,SKU-1001,Mechanical keyboard,Peripherals,1,"Rs 9,800",5,pakistan,Website
ORD-102642,2026-08-06 11:14,C00049,SKU-1009,Webcam 1080p,Video,-1,"Rs 5,400",0,Saudi Arabia,marketplace
ORD-105045,2025-10-27 10:14,C00030,SKU-1001,Mechanical keyboard,Peripherals,1,"Rs 9,800",0,pakistan,marketplace
ORD-104583,2026-01-19 14:14,C00076,SKU-1006,Laptop stand,Accessories,-1,"Rs 4,200",0,UAE,marketplace
ORD-100602,2025-10-21 20:14,C00039,SKU-1008,1TB portable SSD,Storage,1,"Rs 13,500",5,United Arab Emirates,marketplace
ORD-105641,2025-10-29 16:14,C00411,SKU-1003,USB-C cable 2m,Cables,2,Rs 850,0,PK,retail
ORD-105559,2025-09-28 20:14,C00053,SKU-1006,Laptop stand,Accessories,1,"Rs 4,200",0,United Kingdom,marketplace
ORD-105061,2025-11-15 12:14,C00810,SKU-1007,Noise cancelling headset,Audio,1,"Rs 6,900",0,United Kingdom,retail
ORD-102564,2026-01-30 17:14,C00053,SKU-1001,Mechanical keyboard,Peripherals,1,"Rs 9,800",0,Saudi Arabia,website
ORD-105741,2026-04-03 15:14,C00014,SKU-1007,Noise cancelling headset,Audio,2,"Rs 6,900",0,UK,marketplace
ORD-102516,2026-01-12 11:14,C00299,SKU-1007,Noise cancelling headset,Audio,1,"Rs 6,900",0,Pakistan,retail
ORD-103517,2026-09-09 07:14,C00590,SKU-1006,Laptop stand,Accessories,1,"Rs 4,200",0,UK,retail
ORD-105871,2025-08-12 19:14,C00031,SKU-1003,USB-C cable 2m,Cables,1,Rs 850,0,United Arab Emirates,marketplace
ORD-104147,2025-08-16 09:14,C00282,SKU-1001,Mechanical keyboard,Peripherals,3,"Rs 9,800",0,UK,Website
ORD-100088,2026-07-09 11:14,C00036,SKU-1001,Mechanical keyboard,Peripherals,1,"Rs 9,800",0,pakistan,retail
ORD-105636,2025-06-24 14:14,C00025,SKU-1005,24 inch monitor,Displays,1,"Rs 32,900",10,Saudi Arabia,marketplace
ORD-105596,2026-06-17 15:14,C00372,SKU-1002,Wireless mouse,Peripherals,2,"Rs 2,600",0,PK,Website
ORD-105999,2026-04-27 13:14,C00875,SKU-1007,Noise cancelling headset,Audio,1,"Rs 6,900",0,UK,website
ORD-104513,2026-02-23 16:14,C00091,SKU-1002,Wireless mouse,Peripherals,1,"Rs 2,600",0,UAE,Website
ORD-100355,2025-12-28 19:14,C00054,SKU-1009,Webcam 1080p,Video,3,"Rs 5,400",10,Saudi Arabia,Website
ORD-103282,2025-05-18 10:14,C00014,SKU-1009,Webcam 1080p,Video,1,"Rs 5,400",0,Pakistan,retail
ORD-103192,2025-09-21 19:14,C00030,SKU-1008,1TB portable SSD,Storage,5,"Rs 13,500",0,UAE,retail
ORD-101044,2025-08-05 18:14,C00316,SKU-1008,1TB portable SSD,Storage,3,"Rs 13,500",0,pakistan,Website
ORD-100611,2025-04-26 19:14,C00572,SKU-1010,65W GaN charger,Power,1,"Rs 3,900",20,pakistan,website
ORD-100804,2025-09-07 15:14,C00492,SKU-1001,Mechanical keyboard,Peripherals,1,"Rs 9,800",0,pakistan,Website
ORD-104304,2026-02-05 12:14,C00116,SKU-1007,Noise cancelling headset,Audio,1,"Rs 6,900",5,Pakistan,Website
ORD-104258,07/03/2026,C00642,SKU-1003,USB-C cable 2m,Cables,1,Rs 850,0,Pakistan,retail
ORD-101145,2025-06-30 09:14,C00019,SKU-1002,Wireless mouse,Peripherals,3,"Rs 2,600",0,Pakistan,marketplace
ORD-105157,2026-06-05 18:14,C00261,SKU-1008,1TB portable SSD,Storage,1,"Rs 13,500",10,United Kingdom,marketplace
ORD-104299,2026-07-03 20:14,,SKU-1009,Webcam 1080p,Video,-1,"Rs 5,400",5,PK,marketplace
ORD-101012,2026-05-23 18:14,C00809,SKU-1006,Laptop stand,Accessories,-2,"Rs 4,200",5,Saudi Arabia,retail
ORD-105769,2025-04-11 17:14,C00390,SKU-1006,Laptop stand,Accessories,2,"Rs 4,200",20,Saudi Arabia,retail
ORD-104774,2025-12-02 13:14,C00253,SKU-1001,Mechanical keyboard,Peripherals,-1,"Rs 9,800",0,pakistan,website
ORD-101001,2026-03-11 14:14,C00060,SKU-1003,USB-C cable 2m,Cables,2,Rs 850,0,United Kingdom,Website
ORD-100604,2026-05-01 19:14,C00199,SKU-1008,1TB portable SSD,Storage,1,"Rs 13,500",0,PK,website
ORD-103232,2026-04-30 07:14,C00007,SKU-1008,1TB portable SSD,Storage,1,"Rs 13,500",0,UK,Website
ORD-104270,2026-06-21 14:14,C00058,SKU-1004,HDMI cable 1.5m,Cables,-2,"Rs 1,300",0,pakistan,marketplace
ORD-100555,2025-05-20 08:14,C00031,SKU-1010,65W GaN charger,Power,1,"Rs 3,900",0,pakistan,marketplace
ORD-102316,2026-02-15 11:14,C00363,SKU-1004,HDMI cable 1.5m,Cables,1,"Rs 1,300",0,pakistan,Website
ORD-105779,2025-09-29 07:14,C00027,SKU-1002,Wireless mouse,Peripherals,2,"Rs 2,600",0,Saudi Arabia,website
ORD-103514,2026-07-05 09:14,C00038,SKU-1006,Laptop stand,Accessories,1,"Rs 4,200",0,United Arab Emirates,retail
ORD-102179,2026-02-28 20:14,C00858,SKU-1001,Mechanical keyboard,Peripherals,1,"Rs 9,800",0,UK,website
ORD-104473,2025-08-12 18:14,C00691,SKU-1007,Noise cancelling headset,Audio,1,"Rs 6,900",20,pakistan,Website
ORD-102791,2025-12-17 13:14,C00060,SKU-1004,HDMI cable 1.5m,Cables,1,"Rs 1,300",0,United Arab Emirates,retail
ORD-101976,2025-06-16 14:14,C00052,SKU-1003,USB-C cable 2m,Cables,3,Rs 850,20,United Arab Emirates,Website
ORD-100413,2026-02-19 11:14,C00415,SKU-1008,1TB portable SSD,Storage,2,"Rs 13,500",0,Pakistan,Website
ORD-104331,2026-04-21 09:14,C00397,SKU-1009,Webcam 1080p,Video,1,,0,United Kingdom,website
ORD-102358,2025-03-27 11:14,C00442,SKU-1003,USB-C cable 2m,Cables,2,Rs 850,0,United Kingdom,marketplace
ORD-104638,2026-03-31 15:14,C00433,SKU-1010,65W GaN charger,Power,2,"Rs 3,900",5,UK,retail
ORD-103073,2025-09-02 11:14,C00034,SKU-1001,Mechanical keyboard,Peripherals,2,"Rs 9,800",0,pakistan,retail
ORD-102619,2026-07-04 10:14,C00633,SKU-1003,USB-C cable 2m,Cables,2,Rs 850,0,PK,retail
ORD-105616,2025-11-11 13:14,C00028,SKU-1010,65W GaN charger,Power,1,"Rs 3,900",0,PK,marketplace
ORD-100042,2026-08-20 08:14,C00306,SKU-1001,Mechanical keyboard,Peripherals,1,"Rs 9,800",5,Saudi Arabia,website
ORD-101719,2026-01-02 09:14,C00130,SKU-1001,Mechanical keyboard,Peripherals,1,,5,pakistan,website
ORD-101045,2026-08-03 08:14,C00139,SKU-1001,Mechanical keyboard,Peripherals,1,"Rs 9,800",0,Saudi Arabia,retail
ORD-100164,2025-11-23 13:14,C00314,SKU-1003,USB-C cable 2m,Cables,1,Rs 850,0,pakistan,website
ORD-104344,2025-10-03 18:14,C00767,SKU-1001,Mechanical keyboard,Peripherals,1,"Rs 9,800",0,pakistan,marketplace
ORD-100121,2025-11-09 07:14,C00598,SKU-1002,Wireless mouse,Peripherals,1,"Rs 2,600",0,UK,marketplace
ORD-101414,2025-08-15 10:14,C00027,SKU-1010,65W GaN charger,Power,1,"Rs 3,900",0,Saudi Arabia,website
ORD-102047,2025-03-22 16:14,C00045,SKU-1005,24 inch monitor,Displays,1,"Rs 32,900",0,United Kingdom,marketplace
ORD-103694,2025-12-22 13:14,C00108,SKU-1008,1TB portable SSD,Storage,1,"Rs 13,500",0,UK,retail
ORD-103798,2025-05-16 07:14,C00055,SKU-1002,Wireless mouse,Peripherals,1,"Rs 2,600",0,UAE,marketplace
ORD-102456,2025-08-17 20:14,C00767,SKU-1003,USB-C cable 2m,Cables,3,Rs 850,0,Pakistan,retail
ORD-101053,2025-10-17 09:14,C00354,SKU-1007,Noise cancelling headset,Audio,1,"Rs 6,900",0,UAE,website
ORD-105208,2026-03-02 18:14,C00012,SKU-1006,Laptop stand,Accessories,1,"Rs 4,200",0,UK,Website
ORD-100945,2025-10-24 20:14,C00732,SKU-1005,24 inch monitor,Displays,1,"Rs 32,900",10,PK,website
ORD-103525,2026-05-27 19:14,C00776,SKU-1010,65W GaN charger,Power,2,"Rs 3,900",0,United Kingdom,marketplace
ORD-103229,2025-06-25 13:14,C00251,SKU-1005,24 inch monitor,Displays,1,"Rs 32,900",0,UAE,retail
ORD-103382,2026-09-02 11:14,C00802,SKU-1001,Mechanical keyboard,Peripherals,1,"Rs 9,800",0,Saudi Arabia,website
ORD-103149,2025-06-14 15:14,C00200,SKU-1005,24 inch monitor,Displays,1,"Rs 32,900",0,UAE,marketplace
ORD-105820,2026-01-08 17:14,C00620,SKU-1004,HDMI cable 1.5m,Cables,1,"Rs 1,300",0,UAE,website
ORD-105475,2025-12-19 11:14,C00028,SKU-1007,Noise cancelling headset,Audio,1,"Rs 6,900",0,UAE,retail
ORD-102466,2026-07-27 16:14,C00586,SKU-1006,Laptop stand,Accessories,1,"Rs 4,200",0,pakistan,retail
ORD-100069,2025-12-09 14:14,C00435,SKU-1001,Mechanical keyboard,Peripherals,2,"Rs 9,800",0,UAE,retail
ORD-100947,2025-12-26 07:14,C00032,SKU-1007,Noise cancelling headset,Audio,2,"Rs 6,900",10,UK,website
ORD-101071,2026-06-07 14:14,C00090,SKU-1009,Webcam 1080p,Video,3,"Rs 5,400",0,PK,website
ORD-103283,2025-10-26 18:14,C00012,SKU-1005,24 inch monitor,Displays,1,"Rs 32,900",0,PK,marketplace
ORD-102560,2025-08-31 10:14,C00030,SKU-1008,1TB portable SSD,Storage,2,"Rs 13,500",0,Saudi Arabia,marketplace
ORD-103038,2025-06-02 19:14,C00028,SKU-1006,Laptop stand,Accessories,1,"Rs 4,200",20,United Kingdom,Website
ORD-100512,2025-11-18 09:14,C00035,SKU-1008,1TB portable SSD,Storage,-3,"Rs 13,500",0,PK,Website
ORD-101418,2025-11-24 18:14,C00322,SKU-1010,65W GaN charger,Power,1,"Rs 3,900",10,United Arab Emirates,marketplace
ORD-101986,2025-12-12 08:14,C00006,SKU-1001,Mechanical keyboard,Peripherals,2,"Rs 9,800",0,PK,website
ORD-104889,2025-10-13 14:14,C00050,SKU-1003,USB-C cable 2m,Cables,2,Rs 850,0,PK,Website
ORD-102016,2025-12-30 14:14,C00233,SKU-1005,24 inch monitor,Displays,1,"Rs 32,900",5,United Kingdom,Website
ORD-102515,2026-07-05 19:14,C00359,SKU-1006,Laptop stand,Accessories,2,"Rs 4,200",0,UAE,marketplace
ORD-103620,2025-07-14 18:14,C00819,SKU-1010,65W GaN charger,Power,1,"Rs 3,900",0,PK,Website
ORD-104422,2026-05-07 18:14,C00059,SKU-1009,Webcam 1080p,Video,2,"Rs 5,400",5,Saudi Arabia,Website
ORD-102848,2026-06-17 19:14,,SKU-1002,Wireless mouse,Peripherals,1,"Rs 2,600",10,United Arab Emirates,Website
ORD-101376,2025-11-17 15:14,C00027,SKU-1010,65W GaN charger,Power,1,"Rs 3,900",5,UAE,Website
ORD-105594,2025-05-15 17:14,C00732,SKU-1005,24 inch monitor,Displays,1,"Rs 32,900",0,Saudi Arabia,website
ORD-105690,2025-04-12 17:14,C00306,SKU-1002,Wireless mouse,Peripherals,1,"Rs 2,600",0,pakistan,marketplace
ORD-101247,2025-10-15 09:14,C00076,SKU-1003,USB-C cable 2m,Cables,1,Rs 850,0,United Arab Emirates,marketplace
ORD-100862,2025-05-07 17:14,C00324,SKU-1004,HDMI cable 1.5m,Cables,1,"Rs 1,300",0,pakistan,Website
ORD-105684,2026-07-07 14:14,C00661,SKU-1009,Webcam 1080p,Video,2,"Rs 5,400",0,United Arab Emirates,marketplace
ORD-104398,2025-04-22 11:14,C00691,SKU-1010,65W GaN charger,Power,3,"Rs 3,900",0,UAE,website
ORD-104673,2026-07-13 20:14,C00516,SKU-1003,USB-C cable 2m,Cables,1,Rs 850,5,PK,Website
ORD-101231,2026-01-03 10:14,C00339,SKU-1006,Laptop stand,Accessories,1,"Rs 4,200",0,Saudi Arabia,Website
ORD-103985,2026-07-22 11:14,C00425,SKU-1003,USB-C cable 2m,Cables,1,Rs 850,20,UAE,retail
ORD-101375,2025-10-17 11:14,C00685,SKU-1006,Laptop stand,Accessories,1,"Rs 4,200",0,UK,marketplace
ORD-101833,2025-08-20 09:14,C00646,SKU-1010,65W GaN charger,Power,1,"Rs 3,900",0,Pakistan,marketplace
ORD-101066,2025-06-08 08:14,C00033,SKU-1006,Laptop stand,Accessories,2,"Rs 4,200",0,UAE,retail
ORD-100736,2025-09-16 13:14,C00440,SKU-1007,Noise cancelling headset,Audio,1,"Rs 6,900",0,Pakistan,website
ORD-104537,2025-07-28 11:14,C00495,SKU-1009,Webcam 1080p,Video,1,"Rs 5,400",5,United Kingdom,Website
ORD-101664,2026-02-08 08:14,C00899,SKU-1001,Mechanical keyboard,Peripherals,1,"Rs 9,800",0,Pakistan,Website
ORD-103240,2026-01-20 08:14,C00045,SKU-1006,Laptop stand,Accessories,1,"Rs 4,200",0,PK,Website
ORD-105254,2025-11-03 16:14,C00236,SKU-1002,Wireless mouse,Peripherals,2,"Rs 2,600",5,UK,marketplace
ORD-100447,2025-03-25 10:14,C00208,SKU-1007,Noise cancelling headset,Audio,1,"Rs 6,900",0,Saudi Arabia,marketplace
ORD-101143,2026-06-27 18:14,C00802,SKU-1008,1TB portable SSD,Storage,1,"Rs 13,500",0,Pakistan,retail
ORD-104212,2026-09-06 07:14,C00488,SKU-1009,Webcam 1080p,Video,5,"Rs 5,400",0,Pakistan,marketplace
ORD-101387,2026-09-11 16:14,C00703,SKU-1010,65W GaN charger,Power,5,"Rs 3,900",0,Pakistan,retail
ORD-101767,2025-10-30 15:14,C00038,SKU-1006,Laptop stand,Accessories,1,"Rs 4,200",0,United Arab Emirates,marketplace
ORD-101493,2026-02-10 08:14,C00467,SKU-1001,Mechanical keyboard,Peripherals,2,"Rs 9,800",0,United Kingdom,retail
ORD-103767,2026-05-19 19:14,C00670,SKU-1010,65W GaN charger,Power,3,"Rs 3,900",0,Pakistan,marketplace
ORD-103359,2025-03-25 17:14,C00327,SKU-1002,Wireless mouse,Peripherals,1,"Rs 2,600",0,PK,Website
ORD-100325,2026-06-21 19:14,C00790,SKU-1005,24 inch monitor,Displays,5,"Rs 32,900",0,UAE,retail
ORD-105392,2025-04-25 14:14,C00014,SKU-1002,Wireless mouse,Peripherals,1,"Rs 2,600",0,United Kingdom,website
ORD-103115,2025-09-27 14:14,C00701,SKU-1003,USB-C cable 2m,Cables,5,Rs 850,0,United Kingdom,retail
ORD-102280,2026-05-19 19:14,C00883,SKU-1002,Wireless mouse,Peripherals,1,"Rs 2,600",20,UK,retail
ORD-102315,2025-04-09 18:14,C00241,SKU-1010,65W GaN charger,Power,1,"Rs 3,900",10,United Arab Emirates,website
ORD-100381,2025-09-26 11:14,C00536,SKU-1004,HDMI cable 1.5m,Cables,2,"Rs 1,300",5,Pakistan,retail
ORD-105928,2025-04-24 12:14,C00024,SKU-1004,HDMI cable 1.5m,Cables,1,"Rs 1,300",0,UK,marketplace
ORD-103516,2025-05-26 17:14,C00477,SKU-1006,Laptop stand,Accessories,1,"Rs 4,200",0,Pakistan,retail
ORD-104284,2026-07-05 15:14,C00128,SKU-1004,HDMI cable 1.5m,Cables,1,"Rs 1,300",0,Pakistan,Website
ORD-100550,2025-08-24 18:14,C00883,SKU-1004,HDMI cable 1.5m,Cables,1,"Rs 1,300",0,Pakistan,retail
ORD-102423,2025-08-21 16:14,C00105,SKU-1001,Mechanical keyboard,Peripherals,1,"Rs 9,800",0,UAE,marketplace
ORD-103753,2025-07-18 11:14,C00730,SKU-1010,65W GaN charger,Power,1,"Rs 3,900",0,United Kingdom,website
ORD-103839,2025-12-06 19:14,C00038,SKU-1009,Webcam 1080p,Video,2,"Rs 5,400",5,Saudi Arabia,website
ORD-101389,10/09/2025,C00159,SKU-1010,65W GaN charger,Power,2,"Rs 3,900",0,United Arab Emirates,marketplace
ORD-101816,30/06/2026,C00832,SKU-1001,Mechanical keyboard,Peripherals,1,"Rs 9,800",0,UK,retail
ORD-101930,2025-08-25 09:14,C00001,SKU-1006,Laptop stand,Accessories,1,"Rs 4,200",20,Saudi Arabia,Website
ORD-100808,2025-09-30 20:14,C00213,SKU-1008,1TB portable SSD,Storage,1,"Rs 13,500",5,PK,website
ORD-105784,2026-02-01 19:14,C00180,SKU-1001,Mechanical keyboard,Peripherals,1,"Rs 9,800",0,UAE,retail
ORD-103967,2026-02-11 09:14,C00025,SKU-1002,Wireless mouse,Peripherals,1,"Rs 2,600",0,UAE,website
ORD-105564,2025-11-05 11:14,C00512,SKU-1005,24 inch monitor,Displays,1,"Rs 32,900",0,UK,website
ORD-104893,2025-12-08 19:14,C00048,SKU-1007,Noise cancelling headset,Audio,2,"Rs 6,900",5,Saudi Arabia,retail
ORD-100646,2026-07-17 18:14,C00792,SKU-1001,Mechanical keyboard,Peripherals,1,"Rs 9,800",0,Saudi Arabia,retail
ORD-104640,2026-04-04 11:14,C00449,SKU-1007,Noise cancelling headset,Audio,3,"Rs 6,900",0,Saudi Arabia,retail
ORD-105842,2025-09-13 13:14,C00001,SKU-1003,USB-C cable 2m,Cables,1,Rs 850,0,Saudi Arabia,Website
ORD-105424,2026-03-19 13:14,C00417,SKU-1008,1TB portable SSD,Storage,3,"Rs 13,500",0,PK,Website
ORD-100086,2025-08-23 12:14,C00885,SKU-1003,USB-C cable 2m,Cables,1,Rs 850,0,PK,Website
ORD-102983,2025-03-25 08:14,C00123,SKU-1007,Noise cancelling headset,Audio,5,"Rs 6,900",0,Pakistan,website
ORD-103724,07/04/2026,C00703,SKU-1001,Mechanical keyboard,Peripherals,1,"Rs 9,800",0,pakistan,Website
ORD-100600,2026-04-27 14:14,C00506,SKU-1001,Mechanical keyboard,Peripherals,1,"Rs 9,800",0,UAE,website
ORD-104285,2025-08-27 20:14,C00739,SKU-1002,Wireless mouse,Peripherals,1,"Rs 2,600",0,Saudi Arabia,Website
ORD-104486,2026-02-27 18:14,C00710,SKU-1002,Wireless mouse,Peripherals,2,"Rs 2,600",0,pakistan,website
ORD-100334,2026-01-02 10:14,C00011,SKU-1009,Webcam 1080p,Video,5,"Rs 5,400",0,Pakistan,Website
ORD-105089,2026-02-08 12:14,C00040,SKU-1006,Laptop stand,Accessories,1,"Rs 4,200",0,PK,marketplace
ORD-102068,2026-05-01 12:14,C00861,SKU-1003,USB-C cable 2m,Cables,1,Rs 850,10,Saudi Arabia,marketplace
ORD-102561,2025-10-03 10:14,C00695,SKU-1003,USB-C cable 2m,Cables,1,Rs 850,0,UAE,Website
ORD-101431,2026-02-11 18:14,C00012,SKU-1005,24 inch monitor,Displays,-1,"Rs 32,900",20,Saudi Arabia,retail
ORD-102128,2025-11-10 15:14,C00032,SKU-1004,HDMI cable 1.5m,Cables,2,"Rs 1,300",5,UAE,retail
ORD-100083,2026-05-31 07:14,C00037,SKU-1010,65W GaN charger,Power,1,"Rs 3,900",0,pakistan,marketplace
ORD-102353,2026-03-21 12:14,C00001,SKU-1008,1TB portable SSD,Storage,1,"Rs 13,500",0,UK,Website
ORD-102372,2026-05-14 16:14,C00153,SKU-1008,1TB portable SSD,Storage,2,"Rs 13,500",0,pakistan,retail
ORD-100329,2025-05-20 13:14,C00616,SKU-1007,Noise cancelling headset,Audio,2,"Rs 6,900",10,UAE,Website
ORD-101328,2025-08-21 07:14,C00019,SKU-1003,USB-C cable 2m,Cables,1,Rs 850,0,United Arab Emirates,retail
ORD-100423,2025-10-19 20:14,C00030,SKU-1001,Mechanical keyboard,Peripherals,3,"Rs 9,800",0,UAE,Website
ORD-101469,2026-02-16 11:14,C00024,SKU-1002,Wireless mouse,Peripherals,1,"Rs 2,600",0,Pakistan,retail
ORD-103890,2025-04-16 11:14,C00011,SKU-1006,Laptop stand,Accessories,1,"Rs 4,200",0,PK,marketplace
ORD-102666,2026-07-08 14:14,C00506,SKU-1003,USB-C cable 2m,Cables,2,Rs 850,10,PK,marketplace
ORD-100012,2025-05-04 09:14,C00002,SKU-1004,HDMI cable 1.5m,Cables,1,"Rs 1,300",0,UAE,Website
ORD-100660,2025-06-05 07:14,C00417,SKU-1002,Wireless mouse,Peripherals,3,"Rs 2,600",10,PK,retail
ORD-101980,2026-01-22 16:14,C00052,SKU-1002,Wireless mouse,Peripherals,1,"Rs 2,600",5,Saudi Arabia,website
ORD-100865,2026-01-17 20:14,C00081,SKU-1009,Webcam 1080p,Video,1,,0,pakistan,website
ORD-100270,2026-02-12 18:14,C00842,SKU-1002,Wireless mouse,Peripherals,2,"Rs 2,600",0,pakistan,website
ORD-101585,2026-03-23 09:14,C00173,SKU-1005,24 inch monitor,Displays,1,"Rs 32,900",0,United Arab Emirates,Website
ORD-103559,2026-02-25 13:14,C00671,SKU-1005,24 inch monitor,Displays,1,"Rs 32,900",20,Pakistan,website
ORD-104446,2025-09-02 13:14,C00142,SKU-1010,65W GaN charger,Power,2,"Rs 3,900",0,pakistan,marketplace
ORD-103443,2026-05-14 09:14,C00057,SKU-1008,1TB portable SSD,Storage,-1,"Rs 13,500",0,United Kingdom,retail
ORD-104280,2026-02-04 10:14,C00730,SKU-1009,Webcam 1080p,Video,1,"Rs 5,400",0,PK,website
ORD-100764,2025-06-08 11:14,C00632,SKU-1006,Laptop stand,Accessories,1,"Rs 4,200",0,UAE,retail
ORD-105688,2026-01-27 14:14,C00332,SKU-1007,Noise cancelling headset,Audio,2,"Rs 6,900",5,United Arab Emirates,website
ORD-100018,2025-07-29 10:14,C00705,SKU-1008,1TB portable SSD,Storage,1,"Rs 13,500",0,UAE,marketplace
ORD-100034,2025-04-23 11:14,C00515,SKU-1010,65W GaN charger,Power,1,"Rs 3,900",0,UAE,website
ORD-101774,2025-05-12 14:14,C00505,SKU-1003,USB-C cable 2m,Cables,1,Rs 850,0,UAE,marketplace
ORD-102336,2025-12-13 08:14,C00010,SKU-1007,Noise cancelling headset,Audio,1,"Rs 6,900",0,United Arab Emirates,marketplace
ORD-101039,2026-04-06 16:14,C00389,SKU-1003,USB-C cable 2m,Cables,1,Rs 850,5,pakistan,Website
ORD-103713,2025-06-18 09:14,C00051,SKU-1003,USB-C cable 2m,Cables,3,Rs 850,0,UK,website
ORD-102606,2025-03-31 10:14,C00186,SKU-1005,24 inch monitor,Displays,1,"Rs 32,900",0,UAE,Website
ORD-100699,2026-04-08 13:14,C00049,SKU-1005,24 inch monitor,Displays,1,"Rs 32,900",0,United Kingdom,website
ORD-103470,2026-08-18 11:14,C00174,SKU-1007,Noise cancelling headset,Audio,1,"Rs 6,900",0,pakistan,marketplace
ORD-105165,2025-10-14 10:14,,SKU-1005,24 inch monitor,Displays,1,"Rs 32,900",0,pakistan,marketplace
ORD-100657,2026-08-07 15:14,C00630,SKU-1001,Mechanical keyboard,Peripherals,1,"Rs 9,800",10,PK,marketplace
ORD-104723,2025-04-08 20:14,C00049,SKU-1004,HDMI cable 1.5m,Cables,2,"Rs 1,300",5,Pakistan,Website
ORD-104311,2026-07-02 08:14,C00301,SKU-1006,Laptop stand,Accessories,1,"Rs 4,200",5,PK,website
ORD-103428,01/04/2026,C00400,SKU-1005,24 inch monitor,Displays,1,"Rs 32,900",20,PK,Website
ORD-101865,2025-05-05 10:14,C00714,SKU-1002,Wireless mouse,Peripherals,1,"Rs 2,600",0,UK,Website
ORD-101863,2026-08-15 08:14,C00076,SKU-1001,Mechanical keyboard,Peripherals,2,"Rs 9,800",10,Saudi Arabia,retail
ORD-100405,2025-12-28 14:14,C00525,SKU-1001,Mechanical keyboard,Peripherals,1,"Rs 9,800",0,Saudi Arabia,marketplace
ORD-104512,2025-10-01 15:14,C00759,SKU-1007,Noise cancelling headset,Audio,1,"Rs 6,900",0,UAE,marketplace
ORD-102076,2026-04-16 11:14,,SKU-1006,Laptop stand,Accessories,2,"Rs 4,200",0,UK,retail
ORD-103531,2026-01-13 19:14,C00034,SKU-1004,HDMI cable 1.5m,Cables,2,,10,United Kingdom,website
ORD-102351,2026-03-22 14:14,C00079,SKU-1006,Laptop stand,Accessories,1,"Rs 4,200",0,United Kingdom,Website
ORD-104250,2026-05-29 08:14,C00036,SKU-1009,Webcam 1080p,Video,1,"Rs 5,400",0,pakistan,marketplace
ORD-102618,2026-04-08 08:14,C00854,SKU-1004,HDMI cable 1.5m,Cables,2,"Rs 1,300",10,Saudi Arabia,marketplace
ORD-100896,2026-01-24 17:14,C00109,SKU-1007,Noise cancelling headset,Audio,1,"Rs 6,900",0,Saudi Arabia,marketplace
ORD-103968,2026-01-20 15:14,C00150,SKU-1001,Mechanical keyboard,Peripherals,1,"Rs 9,800",0,pakistan,retail
ORD-105371,2025-11-11 10:14,C00688,SKU-1007,Noise cancelling headset,Audio,1,"Rs 6,900",0,UAE,website
ORD-104145,2026-01-14 11:14,C00078,SKU-1004,HDMI cable 1.5m,Cables,1,"Rs 1,300",0,United Arab Emirates,retail
ORD-105551,2026-03-24 18:14,C00385,SKU-1008,1TB portable SSD,Storage,1,"Rs 13,500",5,United Arab Emirates,retail
ORD-102880,2026-04-05 14:14,C00047,SKU-1006,Laptop stand,Accessories,3,"Rs 4,200",0,United Kingdom,marketplace
ORD-100072,2026-07-18 09:14,C00367,SKU-1008,1TB portable SSD,Storage,1,"Rs 13,500",0,Saudi Arabia,Website
ORD-105385,2025-08-29 10:14,C00023,SKU-1004,HDMI cable 1.5m,Cables,5,"Rs 1,300",0,United Arab Emirates,retail
ORD-100156,2025-07-14 16:14,C00161,SKU-1007,Noise cancelling headset,Audio,1,"Rs 6,900",5,United Arab Emirates,retail
ORD-104262,2025-11-15 12:14,C00742,SKU-1007,Noise cancelling headset,Audio,1,"Rs 6,900",0,United Kingdom,retail
ORD-100021,2026-09-07 16:14,C00799,SKU-1003,USB-C cable 2m,Cables,1,Rs 850,0,United Kingdom,retail
ORD-105706,2026-08-16 10:14,C00024,SKU-1010,65W GaN charger,Power,1,"Rs 3,900",0,United Arab Emirates,retail
ORD-104714,2025-06-29 14:14,C00236,SKU-1006,Laptop stand,Accessories,1,"Rs 4,200",0,United Arab Emirates,website
ORD-105289,2025-10-12 12:14,C00450,SKU-1006,Laptop stand,Accessories,1,"Rs 4,200",0,pakistan,retail
ORD-101465,2026-04-24 13:14,C00833,SKU-1005,24 inch monitor,Displays,1,"Rs 32,900",0,Pakistan,Website
ORD-102416,2026-02-09 19:14,C00417,SKU-1009,Webcam 1080p,Video,1,,0,UK,Website
ORD-102334,2025-07-04 17:14,C00028,SKU-1004,HDMI cable 1.5m,Cables,1,"Rs 1,300",0,Pakistan,retail
ORD-104003,2025-11-07 18:14,C00072,SKU-1010,65W GaN charger,Power,2,"Rs 3,900",0,United Arab Emirates,Website
ORD-101758,2025-05-01 16:14,C00011,SKU-1002,Wireless mouse,Peripherals,1,"Rs 2,600",5,PK,marketplace
ORD-103331,2026-07-27 14:14,C00617,SKU-1010,65W GaN charger,Power,1,"Rs 3,900",0,UK,retail
ORD-103249,2026-08-01 10:14,C00041,SKU-1003,USB-C cable 2m,Cables,1,Rs 850,0,PK,retail
ORD-103496,2026-02-10 20:14,,SKU-1010,65W GaN charger,Power,1,"Rs 3,900",0,pakistan,marketplace
ORD-101923,2026-06-25 13:14,C00034,SKU-1006,Laptop stand,Accessories,2,"Rs 4,200",0,United Kingdom,marketplace
ORD-104126,2025-09-14 07:14,C00040,SKU-1010,65W GaN charger,Power,1,"Rs 3,900",5,Saudi Arabia,website
ORD-100744,2026-01-28 07:14,C00009,SKU-1008,1TB portable SSD,Storage,2,"Rs 13,500",0,pakistan,marketplace
ORD-102869,2026-06-19 18:14,C00691,SKU-1002,Wireless mouse,Peripherals,2,"Rs 2,600",0,Pakistan,retail
ORD-102943,2025-12-13 11:14,C00389,SKU-1006,Laptop stand,Accessories,1,"Rs 4,200",0,Saudi Arabia,retail
ORD-104892,2026-04-20 11:14,C00033,SKU-1001,Mechanical keyboard,Peripherals,1,"Rs 9,800",5,United Arab Emirates,Website
ORD-105948,2026-01-14 07:14,C00233,SKU-1007,Noise cancelling headset,Audio,1,"Rs 6,900",5,PK,website
ORD-101371,2026-03-30 13:14,C00782,SKU-1010,65W GaN charger,Power,1,"Rs 3,900",0,pakistan,marketplace
ORD-104371,10/03/2026,C00016,SKU-1005,24 inch monitor,Displays,1,"Rs 32,900",0,United Kingdom,Website
ORD-102219,2026-02-17 11:14,C00035,SKU-1010,65W GaN charger,Power,1,"Rs 3,900",10,PK,website
ORD-105523,2025-11-09 08:14,C00244,SKU-1003,USB-C cable 2m,Cables,1,Rs 850,0,UK,Website
ORD-102688,2026-08-20 17:14,C00463,SKU-1009,Webcam 1080p,Video,1,"Rs 5,400",0,PK,retail
ORD-104645,2025-07-21 19:14,C00688,SKU-1002,Wireless mouse,Peripherals,2,"Rs 2,600",0,pakistan,website
ORD-105894,2026-02-18 09:14,C00059,SKU-1001,Mechanical keyboard,Peripherals,1,"Rs 9,800",0,PK,retail
ORD-103856,2026-06-19 13:14,C00037,SKU-1007,Noise cancelling headset,Audio,1,"Rs 6,900",0,Pakistan,Website
ORD-105809,2025-07-02 17:14,C00342,SKU-1003,USB-C cable 2m,Cables,1,Rs 850,0,Pakistan,Website
ORD-104739,2026-08-14 18:14,C00113,SKU-1008,1TB portable SSD,Storage,1,"Rs 13,500",0,UAE,Website
ORD-104599,31/10/2025,C00025,SKU-1003,USB-C cable 2m,Cables,-1,Rs 850,5,United Arab Emirates,marketplace
ORD-102199,2025-12-10 20:14,C00055,SKU-1006,Laptop stand,Accessories,1,"Rs 4,200",0,Saudi Arabia,Website
ORD-105101,2026-06-12 18:14,C00847,SKU-1003,USB-C cable 2m,Cables,1,Rs 850,0,UAE,website
ORD-103404,2025-11-05 16:14,C00017,SKU-1009,Webcam 1080p,Video,2,"Rs 5,400",0,UK,Website
ORD-103576,2026-01-05 11:14,C00038,SKU-1006,Laptop stand,Accessories,2,"Rs 4,200",0,United Arab Emirates,Website
ORD-102247,2026-06-01 09:14,C00237,SKU-1005,24 inch monitor,Displays,1,"Rs 32,900",10,Pakistan,Website
ORD-103561,2025-08-01 13:14,C00045,SKU-1004,HDMI cable 1.5m,Cables,-1,"Rs 1,300",10,Saudi Arabia,website
ORD-104790,2025-04-12 08:14,C00047,SKU-1009,Webcam 1080p,Video,1,"Rs 5,400",0,PK,marketplace
ORD-101161,2026-09-08 19:14,C00045,SKU-1009,Webcam 1080p,Video,1,"Rs 5,400",20,United Arab Emirates,retail
ORD-101862,2026-05-09 16:14,C00207,SKU-1010,65W GaN charger,Power,-2,"Rs 3,900",5,UK,marketplace
ORD-105260,2025-08-12 13:14,C00899,SKU-1009,Webcam 1080p,Video,3,"Rs 5,400",0,United Arab Emirates,marketplace
ORD-105618,2026-02-24 12:14,C00009,SKU-1009,Webcam 1080p,Video,1,"Rs 5,400",0,Pakistan,Website
ORD-100432,2026-02-07 16:14,C00029,SKU-1002,Wireless mouse,Peripherals,3,"Rs 2,600",10,UK,website
ORD-105501,2025-04-30 16:14,C00303,SKU-1002,Wireless mouse,Peripherals,2,"Rs 2,600",0,pakistan,marketplace
ORD-101935,2026-06-27 18:14,C00307,SKU-1004,HDMI cable 1.5m,Cables,1,"Rs 1,300",0,PK,website
ORD-103215,01/04/2026,C00439,SKU-1006,Laptop stand,Accessories,1,"Rs 4,200",0,United Kingdom,retail
ORD-104472,2026-06-02 07:14,C00603,SKU-1007,Noise cancelling headset,Audio,1,"Rs 6,900",0,United Arab Emirates,Website
ORD-102588,2026-07-21 13:14,C00032,SKU-1004,HDMI cable 1.5m,Cables,2,"Rs 1,300",0,PK,Website
ORD-105941,2026-02-04 20:14,C00100,SKU-1009,Webcam 1080p,Video,-1,"Rs 5,400",0,United Kingdom,marketplace
ORD-100136,2026-08-01 14:14,C00020,SKU-1007,Noise cancelling headset,Audio,2,"Rs 6,900",0,United Kingdom,Website
ORD-103501,2026-08-09 12:14,C00602,SKU-1003,USB-C cable 2m,Cables,1,Rs 850,0,United Arab Emirates,marketplace
ORD-101737,2025-08-30 16:14,C00150,SKU-1003,USB-C cable 2m,Cables,3,Rs 850,20,pakistan,marketplace
ORD-100975,2025-10-17 17:14,C00779,SKU-1008,1TB portable SSD,Storage,1,"Rs 13,500",0,UK,retail
ORD-105731,2026-06-14 16:14,C00793,SKU-1010,65W GaN charger,Power,2,"Rs 3,900",0,United Kingdom,Website
ORD-104880,2025-12-30 08:14,C00252,SKU-1002,Wireless mouse,Peripherals,2,"Rs 2,600",0,UAE,Website
ORD-102061,2026-05-12 12:14,C00022,SKU-1002,Wireless mouse,Peripherals,1,"Rs 2,600",0,PK,retail
ORD-103616,2025-03-25 17:14,C00026,SKU-1004,HDMI cable 1.5m,Cables,1,"Rs 1,300",0,pakistan,retail
ORD-104064,2025-11-20 20:14,C00001,SKU-1001,Mechanical keyboard,Peripherals,2,"Rs 9,800",10,PK,Website
ORD-103842,2025-06-23 11:14,C00575,SKU-1004,HDMI cable 1.5m,Cables,1,"Rs 1,300",5,UAE,website
ORD-104192,2025-03-23 16:14,C00041,SKU-1010,65W GaN charger,Power,2,"Rs 3,900",0,Pakistan,retail
ORD-100601,2025-07-07 16:14,C00408,SKU-1007,Noise cancelling headset,Audio,2,"Rs 6,900",0,United Kingdom,Website
ORD-101023,2025-07-22 14:14,C00122,SKU-1003,USB-C cable 2m,Cables,1,Rs 850,0,Saudi Arabia,retail
ORD-103053,2026-03-06 08:14,C00013,SKU-1007,Noise cancelling headset,Audio,1,"Rs 6,900",0,United Kingdom,retail
ORD-102554,2025-04-06 11:14,C00768,SKU-1006,Laptop stand,Accessories,3,"Rs 4,200",10,UK,Website
ORD-102171,01/10/2025,C00038,SKU-1004,HDMI cable 1.5m,Cables,3,"Rs 1,300",0,PK,retail
ORD-102015,2026-06-14 17:14,C00050,SKU-1001,Mechanical keyboard,Peripherals,2,"Rs 9,800",0,United Arab Emirates,website
ORD-105903,2025-09-19 07:14,C00050,SKU-1001,Mechanical keyboard,Peripherals,3,,0,United Kingdom,Website
ORD-100240,2026-01-04 16:14,C00045,SKU-1008,1TB portable SSD,Storage,1,"Rs 13,500",0,Pakistan,marketplace
ORD-104233,2025-05-14 07:14,C00609,SKU-1001,Mechanical keyboard,Peripherals,1,"Rs 9,800",0,UAE,website
ORD-100721,2026-06-03 15:14,C00035,SKU-1010,65W GaN charger,Power,2,"Rs 3,900",0,UAE,Website
ORD-101428,2026-03-23 15:14,C00039,SKU-1006,Laptop stand,Accessories,1,"Rs 4,200",0,Saudi Arabia,Website
ORD-100725,2026-08-20 17:14,C00009,SKU-1005,24 inch monitor,Displays,1,"Rs 32,900",0,UAE,marketplace
ORD-101695,2026-06-16 14:14,C00016,SKU-1004,HDMI cable 1.5m,Cables,1,"Rs 1,300",0,pakistan,Website
ORD-102743,2025-06-22 14:14,C00589,SKU-1001,Mechanical keyboard,Peripherals,2,"Rs 9,800",0,pakistan,retail
ORD-102755,2025-06-11 11:14,C00778,SKU-1006,Laptop stand,Accessories,1,"Rs 4,200",5,United Kingdom,Website
ORD-104675,2025-12-06 17:14,C00007,SKU-1004,HDMI cable 1.5m,Cables,1,"Rs 1,300",5,UK,website
ORD-100177,2025-08-08 13:14,C00038,SKU-1009,Webcam 1080p,Video,2,"Rs 5,400",0,United Kingdom,marketplace
ORD-104416,2025-08-21 09:14,C00803,SKU-1004,HDMI cable 1.5m,Cables,1,"Rs 1,300",0,PK,retail
ORD-103770,2026-01-08 11:14,C00057,SKU-1003,USB-C cable 2m,Cables,1,Rs 850,0,pakistan,marketplace
ORD-103926,09/06/2026,C00059,SKU-1010,65W GaN charger,Power,2,"Rs 3,900",0,pakistan,marketplace
ORD-100453,16/04/2026,C00057,SKU-1003,USB-C cable 2m,Cables,1,Rs 850,0,United Arab Emirates,marketplace
ORD-104733,2025-10-08 07:14,C00539,SKU-1005,24 inch monitor,Displays,1,"Rs 32,900",0,Saudi Arabia,website
ORD-100100,2025-04-01 19:14,C00135,SKU-1002,Wireless mouse,Peripherals,1,"Rs 2,600",0,PK,Website
ORD-100894,2026-08-02 20:14,C00003,SKU-1010,65W GaN charger,Power,2,"Rs 3,900",0,United Kingdom,marketplace
ORD-104043,2025-04-23 11:14,C00217,SKU-1010,65W GaN charger,Power,1,"Rs 3,900",0,Saudi Arabia,retail
ORD-104931,2025-06-20 10:14,C00411,SKU-1004,HDMI cable 1.5m,Cables,2,"Rs 1,300",10,UK,website
ORD-105909,2026-09-05 16:14,C00034,SKU-1001,Mechanical keyboard,Peripherals,1,"Rs 9,800",5,UAE,marketplace
ORD-101311,2026-08-14 07:14,C00750,SKU-1007,Noise cancelling headset,Audio,1,"Rs 6,900",0,Saudi Arabia,website
ORD-102446,2025-03-29 18:14,C00886,SKU-1004,HDMI cable 1.5m,Cables,2,"Rs 1,300",0,Saudi Arabia,retail
ORD-100958,2026-02-02 11:14,C00640,SKU-1006,Laptop stand,Accessories,1,"Rs 4,200",5,pakistan,marketplace
ORD-100831,2025-11-13 07:14,C00857,SKU-1009,Webcam 1080p,Video,1,"Rs 5,400",0,UAE,website
ORD-105982,2025-12-30 11:14,C00030,SKU-1010,65W GaN charger,Power,1,"Rs 3,900",0,PK,website
ORD-101447,2025-03-25 19:14,C00313,SKU-1004,HDMI cable 1.5m,Cables,1,"Rs 1,300",0,United Kingdom,marketplace
ORD-102202,2025-06-15 19:14,C00033,SKU-1002,Wireless mouse,Peripherals,1,"Rs 2,600",0,Saudi Arabia,marketplace
ORD-103647,2026-03-21 13:14,C00030,SKU-1003,USB-C cable 2m,Cables,1,Rs 850,5,PK,retail
ORD-100058,2025-06-02 14:14,C00586,SKU-1002,Wireless mouse,Peripherals,1,"Rs 2,600",0,Saudi Arabia,marketplace
ORD-105458,2025-04-07 19:14,C00089,SKU-1002,Wireless mouse,Peripherals,1,"Rs 2,600",5,Pakistan,website
ORD-105020,2025-07-27 12:14,C00227,SKU-1005,24 inch monitor,Displays,1,"Rs 32,900",0,UAE,marketplace
ORD-103894,2026-07-06 15:14,C00395,SKU-1005,24 inch monitor,Displays,1,"Rs 32,900",0,United Arab Emirates,marketplace
ORD-104037,2026-04-25 20:14,,SKU-1005,24 inch monitor,Displays,1,"Rs 32,900",5,PK,retail
ORD-101184,2025-05-26 10:14,C00564,SKU-1005,24 inch monitor,Displays,5,"Rs 32,900",0,UAE,retail
ORD-102861,2026-02-06 14:14,C00886,SKU-1009,Webcam 1080p,Video,-1,"Rs 5,400",0,UK,website
ORD-103020,2025-06-21 10:14,C00434,SKU-1005,24 inch monitor,Displays,2,"Rs 32,900",0,United Arab Emirates,website
ORD-101635,2025-10-21 18:14,C00039,SKU-1010,65W GaN charger,Power,1,"Rs 3,900",0,pakistan,marketplace
ORD-102006,2025-10-11 13:14,C00696,SKU-1008,1TB portable SSD,Storage,1,"Rs 13,500",20,United Kingdom,website
ORD-104859,2026-03-15 20:14,C00493,SKU-1006,Laptop stand,Accessories,3,"Rs 4,200",5,United Arab Emirates,Website
ORD-103634,2025-06-04 17:14,C00035,SKU-1003,USB-C cable 2m,Cables,1,Rs 850,5,Saudi Arabia,marketplace
ORD-100300,13/12/2025,C00004,SKU-1005,24 inch monitor,Displays,1,"Rs 32,900",0,pakistan,retail
ORD-105816,2025-03-23 08:14,C00562,SKU-1003,USB-C cable 2m,Cables,1,Rs 850,5,UAE,Website
ORD-101025,2025-04-04 14:14,C00562,SKU-1007,Noise cancelling headset,Audio,1,"Rs 6,900",0,United Kingdom,retail
ORD-105473,2026-02-28 07:14,C00012,SKU-1003,USB-C cable 2m,Cables,2,Rs 850,0,UK,Website
ORD-102573,2025-06-20 16:14,C00881,SKU-1004,HDMI cable 1.5m,Cables,2,"Rs 1,300",0,UAE,retail
ORD-102028,2026-06-05 11:14,C00869,SKU-1009,Webcam 1080p,Video,1,"Rs 5,400",0,pakistan,Website
ORD-103805,2025-05-03 14:14,C00012,SKU-1007,Noise cancelling headset,Audio,1,"Rs 6,900",0,pakistan,website
ORD-100048,2025-07-24 14:14,C00011,SKU-1002,Wireless mouse,Peripherals,1,"Rs 2,600",0,UK,Website
ORD-104875,2026-04-03 14:14,C00017,SKU-1009,Webcam 1080p,Video,-1,"Rs 5,400",0,PK,Website
ORD-102681,2025-12-09 08:14,C00597,SKU-1004,HDMI cable 1.5m,Cables,1,"Rs 1,300",10,UAE,website
ORD-103212,2025-05-03 08:14,C00051,SKU-1010,65W GaN charger,Power,1,"Rs 3,900",0,UAE,Website
ORD-102097,2025-09-04 17:14,C00009,SKU-1008,1TB portable SSD,Storage,5,"Rs 13,500",0,Pakistan,marketplace
ORD-100166,2026-02-01 12:14,C00027,SKU-1010,65W GaN charger,Power,1,"Rs 3,900",0,Pakistan,retail
ORD-102998,2025-04-25 16:14,C00002,SKU-1008,1TB portable SSD,Storage,2,"Rs 13,500",0,UAE,retail
ORD-102824,2026-03-03 08:14,C00790,SKU-1010,65W GaN charger,Power,2,"Rs 3,900",0,pakistan,retail
ORD-103558,2025-06-09 17:14,C00725,SKU-1004,HDMI cable 1.5m,Cables,1,"Rs 1,300",0,Pakistan,website
ORD-104963,2026-03-06 20:14,C00775,SKU-1003,USB-C cable 2m,Cables,2,Rs 850,5,United Arab Emirates,marketplace
ORD-101692,2025-10-02 15:14,C00491,SKU-1001,Mechanical keyboard,Peripherals,2,"Rs 9,800",5,United Kingdom,website
ORD-103079,2025-11-18 20:14,C00700,SKU-1010,65W GaN charger,Power,1,"Rs 3,900",5,UAE,website
ORD-104970,2026-07-05 17:14,C00019,SKU-1006,Laptop stand,Accessories,2,"Rs 4,200",0,United Kingdom,retail
ORD-104026,2025-10-12 11:14,C00044,SKU-1006,Laptop stand,Accessories,1,"Rs 4,200",0,UAE,website
ORD-102908,16/12/2025,C00810,SKU-1005,24 inch monitor,Displays,2,"Rs 32,900",0,United Kingdom,retail
ORD-103833,2025-12-22 08:14,C00465,SKU-1007,Noise cancelling headset,Audio,1,"Rs 6,900",0,UAE,website
ORD-101270,2026-08-26 13:14,C00001,SKU-1003,USB-C cable 2m,Cables,2,Rs 850,0,PK,marketplace
ORD-101931,2026-09-01 15:14,C00032,SKU-1001,Mechanical keyboard,Peripherals,1,"Rs 9,800",0,PK,marketplace
ORD-102013,2025-04-25 20:14,C00003,SKU-1008,1TB portable SSD,Storage,3,"Rs 13,500",0,United Kingdom,Website
ORD-104378,2026-04-14 15:14,C00564,SKU-1002,Wireless mouse,Peripherals,1,"Rs 2,600",0,UAE,Website
ORD-102737,2026-02-06 14:14,C00207,SKU-1008,1TB portable SSD,Storage,2,"Rs 13,500",10,United Arab Emirates,website
ORD-100944,04/03/2026,C00056,SKU-1008,1TB portable SSD,Storage,1,"Rs 13,500",0,United Arab Emirates,website
ORD-103986,10/10/2025,C00851,SKU-1003,USB-C cable 2m,Cables,1,Rs 850,0,Pakistan,retail
ORD-103075,03/05/2025,C00334,SKU-1005,24 inch monitor,Displays,1,"Rs 32,900",10,Pakistan,website
ORD-102597,2026-01-04 09:14,C00019,SKU-1005,24 inch monitor,Displays,2,"Rs 32,900",10,United Arab Emirates,website
ORD-105881,2025-04-02 16:14,C00050,SKU-1006,Laptop stand,Accessories,1,"Rs 4,200",0,Pakistan,retail
ORD-102385,2026-03-01 14:14,C00337,SKU-1005,24 inch monitor,Displays,5,"Rs 32,900",5,United Arab Emirates,Website
ORD-105050,2025-05-09 20:14,C00618,SKU-1010,65W GaN charger,Power,1,"Rs 3,900",0,pakistan,retail
ORD-105451,2026-08-10 17:14,C00110,SKU-1009,Webcam 1080p,Video,1,"Rs 5,400",0,pakistan,Website
ORD-100798,2026-09-10 17:14,C00020,SKU-1009,Webcam 1080p,Video,1,"Rs 5,400",0,UK,Website
ORD-105442,2025-04-19 17:14,C00287,SKU-1007,Noise cancelling headset,Audio,2,"Rs 6,900",0,UAE,retail
ORD-104231,2026-08-01 12:14,C00031,SKU-1003,USB-C cable 2m,Cables,2,Rs 850,0,United Kingdom,Website
ORD-102031,2026-06-21 12:14,C00029,SKU-1009,Webcam 1080p,Video,1,"Rs 5,400",20,PK,website
ORD-102043,2026-02-22 09:14,C00368,SKU-1002,Wireless mouse,Peripherals,1,"Rs 2,600",0,United Arab Emirates,retail
ORD-105751,2025-06-15 10:14,C00006,SKU-1008,1TB portable SSD,Storage,1,"Rs 13,500",5,UAE,marketplace
ORD-103221,2026-08-25 13:14,C00164,SKU-1007,Noise cancelling headset,Audio,1,"Rs 6,900",0,Saudi Arabia,website
ORD-100442,2025-08-17 18:14,C00850,SKU-1001,Mechanical keyboard,Peripherals,2,"Rs 9,800",5,pakistan,Website
ORD-100560,2025-04-10 19:14,C00014,SKU-1002,Wireless mouse,Peripherals,2,"Rs 2,600",0,UAE,retail
ORD-102055,2025-07-10 19:14,C00161,SKU-1004,HDMI cable 1.5m,Cables,1,"Rs 1,300",0,UAE,Website
ORD-103067,2025-09-11 14:14,C00649,SKU-1010,65W GaN charger,Power,1,"Rs 3,900",0,UK,website
ORD-105933,2025-09-16 08:14,C00497,SKU-1001,Mechanical keyboard,Peripherals,2,"Rs 9,800",0,UK,Website
ORD-105273,2025-07-30 15:14,C00005,SKU-1004,HDMI cable 1.5m,Cables,2,"Rs 1,300",0,Saudi Arabia,website
ORD-100930,2026-04-13 16:14,C00046,SKU-1003,USB-C cable 2m,Cables,1,Rs 850,5,United Arab Emirates,marketplace
ORD-105048,17/02/2026,C00892,SKU-1002,Wireless mouse,Peripherals,2,"Rs 2,600",10,UAE,retail
ORD-100455,2026-06-27 14:14,C00017,SKU-1006,Laptop stand,Accessories,1,"Rs 4,200",20,pakistan,retail
ORD-105077,2026-08-18 13:14,C00031,SKU-1006,Laptop stand,Accessories,1,"Rs 4,200",0,Pakistan,retail
ORD-101059,2026-08-04 17:14,C00874,SKU-1002,Wireless mouse,Peripherals,1,"Rs 2,600",0,pakistan,Website
ORD-104089,2025-10-05 12:14,C00195,SKU-1009,Webcam 1080p,Video,1,"Rs 5,400",0,pakistan,retail
ORD-101764,2025-05-02 19:14,C00539,SKU-1003,USB-C cable 2m,Cables,1,Rs 850,0,PK,Website
ORD-104529,2026-08-13 17:14,C00667,SKU-1006,Laptop stand,Accessories,1,"Rs 4,200",20,PK,retail
ORD-103569,2026-01-19 08:14,C00021,SKU-1007,Noise cancelling headset,Audio,1,"Rs 6,900",0,UK,Website
ORD-103777,2025-08-26 20:14,C00371,SKU-1002,Wireless mouse,Peripherals,1,"Rs 2,600",5,Pakistan,retail
ORD-105714,2025-10-10 11:14,C00716,SKU-1004,HDMI cable 1.5m,Cables,3,"Rs 1,300",5,UK,retail
ORD-104090,03/05/2026,C00465,SKU-1003,USB-C cable 2m,Cables,1,Rs 850,5,UK,website
ORD-100829,2026-06-10 09:14,C00268,SKU-1001,Mechanical keyboard,Peripherals,1,"Rs 9,800",0,Pakistan,website
ORD-102795,2025-09-03 09:14,C00732,SKU-1002,Wireless mouse,Peripherals,1,"Rs 2,600",0,Pakistan,website
ORD-104429,2025-06-30 07:14,C00115,SKU-1003,USB-C cable 2m,Cables,1,Rs 850,0,UAE,website
ORD-101390,2026-05-09 07:14,C00047,SKU-1008,1TB portable SSD,Storage,2,"Rs 13,500",0,pakistan,marketplace
ORD-104584,2026-03-05 12:14,C00385,SKU-1001,Mechanical keyboard,Peripherals,1,"Rs 9,800",0,United Kingdom,website
ORD-100246,2025-05-29 14:14,C00810,SKU-1007,Noise cancelling headset,Audio,2,"Rs 6,900",0,United Arab Emirates,Website
ORD-103207,2025-06-13 16:14,C00113,SKU-1004,HDMI cable 1.5m,Cables,2,"Rs 1,300",0,United Arab Emirates,retail
ORD-104405,2025-10-31 17:14,C00120,SKU-1001,Mechanical keyboard,Peripherals,1,"Rs 9,800",0,United Arab Emirates,website
ORD-104057,2026-05-22 16:14,C00393,SKU-1004,HDMI cable 1.5m,Cables,1,"Rs 1,300",10,United Arab Emirates,Website
ORD-104213,2026-03-14 13:14,C00072,SKU-1003,USB-C cable 2m,Cables,1,Rs 850,0,United Kingdom,marketplace
ORD-103973,2026-04-10 10:14,C00762,SKU-1006,Laptop stand,Accessories,3,"Rs 4,200",0,UAE,website
ORD-105444,2026-07-10 17:14,C00622,SKU-1009,Webcam 1080p,Video,1,"Rs 5,400",0,United Kingdom,marketplace
ORD-103467,2025-09-26 10:14,C00025,SKU-1008,1TB portable SSD,Storage,1,"Rs 13,500",0,Pakistan,retail
ORD-101067,2025-08-11 16:14,C00021,SKU-1007,Noise cancelling headset,Audio,1,"Rs 6,900",0,United Arab Emirates,marketplace
ORD-103111,2025-10-13 18:14,C00170,SKU-1008,1TB portable SSD,Storage,1,"Rs 13,500",0,Pakistan,marketplace
ORD-105925,2026-06-15 08:14,C00341,SKU-1003,USB-C cable 2m,Cables,1,Rs 850,0,pakistan,Website
ORD-102386,2025-05-20 12:14,C00726,SKU-1005,24 inch monitor,Displays,1,"Rs 32,900",0,United Kingdom,Website
ORD-104617,2025-10-28 09:14,C00753,SKU-1002,Wireless mouse,Peripherals,2,"Rs 2,600",0,United Arab Emirates,marketplace
ORD-101479,2025-08-10 09:14,C00570,SKU-1004,HDMI cable 1.5m,Cables,1,"Rs 1,300",0,PK,marketplace
ORD-105219,22/12/2025,C00470,SKU-1004,HDMI cable 1.5m,Cables,1,"Rs 1,300",0,pakistan,website
ORD-103371,2025-08-09 20:14,C00016,SKU-1001,Mechanical keyboard,Peripherals,2,"Rs 9,800",0,United Kingdom,website
ORD-102633,2025-11-13 10:14,C00807,SKU-1008,1TB portable SSD,Storage,1,"Rs 13,500",0,United Kingdom,website
ORD-102396,2026-02-18 20:14,C00012,SKU-1002,Wireless mouse,Peripherals,1,"Rs 2,600",5,Saudi Arabia,Website
ORD-100076,2026-06-04 18:14,C00577,SKU-1008,1TB portable SSD,Storage,1,"Rs 13,500",0,pakistan,Website
ORD-103289,2026-03-02 11:14,C00114,SKU-1007,Noise cancelling headset,Audio,1,"Rs 6,900",5,PK,retail
ORD-102648,2026-08-18 14:14,C00659,SKU-1006,Laptop stand,Accessories,1,"Rs 4,200",10,UAE,marketplace
ORD-104060,2026-09-11 15:14,C00032,SKU-1003,USB-C cable 2m,Cables,1,Rs 850,0,Saudi Arabia,retail
ORD-101238,2026-07-22 08:14,C00896,SKU-1006,Laptop stand,Accessories,1,"Rs 4,200",0,UAE,website
ORD-101850,2025-10-19 17:14,C00004,SKU-1009,Webcam 1080p,Video,5,"Rs 5,400",0,Saudi Arabia,website
ORD-100745,2025-07-27 14:14,C00824,SKU-1002,Wireless mouse,Peripherals,1,"Rs 2,600",0,UAE,Website
ORD-100566,2026-08-07 14:14,C00050,SKU-1010,65W GaN charger,Power,1,"Rs 3,900",10,Saudi Arabia,website
ORD-105707,2025-06-02 16:14,C00544,SKU-1004,HDMI cable 1.5m,Cables,2,"Rs 1,300",0,United Arab Emirates,marketplace
ORD-105997,2026-01-07 19:14,C00760,SKU-1009,Webcam 1080p,Video,1,"Rs 5,400",5,Pakistan,marketplace
ORD-104082,2026-01-28 15:14,C00280,SKU-1009,Webcam 1080p,Video,1,"Rs 5,400",0,UK,Website
ORD-102647,2025-04-04 15:14,C00226,SKU-1007,Noise cancelling headset,Audio,2,"Rs 6,900",0,UK,marketplace
ORD-100482,2025-09-15 18:14,C00059,SKU-1005,24 inch monitor,Displays,1,"Rs 32,900",0,pakistan,retail
ORD-101916,2026-04-17 07:14,C00012,SKU-1008,1TB portable SSD,Storage,1,"Rs 13,500",0,Pakistan,retail
ORD-100743,2025-11-18 14:14,C00059,SKU-1006,Laptop stand,Accessories,1,"Rs 4,200",0,UK,marketplace
ORD-102881,2026-08-07 18:14,C00371,SKU-1008,1TB portable SSD,Storage,3,"Rs 13,500",0,UAE,Website
ORD-101474,2026-01-20 14:14,C00032,SKU-1006,Laptop stand,Accessories,1,"Rs 4,200",10,pakistan,Website
ORD-102920,2026-05-03 07:14,C00168,SKU-1003,USB-C cable 2m,Cables,1,Rs 850,0,United Arab Emirates,marketplace
ORD-105053,2026-06-20 11:14,C00039,SKU-1002,Wireless mouse,Peripherals,1,"Rs 2,600",0,United Kingdom,marketplace
ORD-105650,2026-08-23 19:14,C00682,SKU-1005,24 inch monitor,Displays,1,,20,pakistan,Website
ORD-100680,2025-06-11 19:14,C00029,SKU-1005,24 inch monitor,Displays,1,"Rs 32,900",5,United Arab Emirates,marketplace
ORD-100779,2025-06-14 07:14,C00003,SKU-1010,65W GaN charger,Power,1,"Rs 3,900",0,UK,website
ORD-100067,2025-12-26 17:14,C00332,SKU-1004,HDMI cable 1.5m,Cables,1,"Rs 1,300",0,UK,Website
ORD-100817,2026-04-21 15:14,C00022,SKU-1010,65W GaN charger,Power,1,"Rs 3,900",0,UK,retail
ORD-105035,2025-12-10 16:14,C00030,SKU-1005,24 inch monitor,Displays,1,"Rs 32,900",0,Saudi Arabia,Website
ORD-102217,2026-05-29 15:14,C00262,SKU-1006,Laptop stand,Accessories,1,"Rs 4,200",0,United Arab Emirates,website
ORD-103730,2026-09-06 18:14,C00325,SKU-1008,1TB portable SSD,Storage,2,"Rs 13,500",0,Saudi Arabia,Website
ORD-102741,2026-04-24 12:14,C00030,SKU-1002,Wireless mouse,Peripherals,1,"Rs 2,600",0,United Kingdom,retail
ORD-101790,2025-09-10 08:14,C00192,SKU-1002,Wireless mouse,Peripherals,1,"Rs 2,600",10,United Arab Emirates,marketplace
ORD-103931,07/02/2026,C00188,SKU-1002,Wireless mouse,Peripherals,1,"Rs 2,600",10,United Kingdom,Website
ORD-105081,2026-03-22 16:14,C00004,SKU-1006,Laptop stand,Accessories,1,"Rs 4,200",0,UAE,marketplace
ORD-103033,2026-03-17 14:14,C00232,SKU-1005,24 inch monitor,Displays,1,"Rs 32,900",10,UAE,marketplace
ORD-101384,2026-04-28 07:14,C00018,SKU-1010,65W GaN charger,Power,1,"Rs 3,900",0,United Arab Emirates,retail
ORD-104447,2025-07-05 16:14,C00596,SKU-1006,Laptop stand,Accessories,1,"Rs 4,200",0,Pakistan,marketplace
ORD-101541,2026-01-08 12:14,C00244,SKU-1003,USB-C cable 2m,Cables,1,Rs 850,20,United Arab Emirates,website
ORD-104560,2025-07-04 18:14,C00028,SKU-1002,Wireless mouse,Peripherals,1,"Rs 2,600",5,Saudi Arabia,marketplace
ORD-103611,2025-10-17 18:14,C00180,SKU-1010,65W GaN charger,Power,1,"Rs 3,900",0,PK,Website
ORD-102616,2025-09-16 10:14,C00002,SKU-1009,Webcam 1080p,Video,1,"Rs 5,400",0,UK,marketplace
ORD-105113,2026-06-19 16:14,C00260,SKU-1003,USB-C cable 2m,Cables,1,Rs 850,0,PK,Website
ORD-104389,2025-12-13 11:14,C00038,SKU-1010,65W GaN charger,Power,1,"Rs 3,900",0,PK,retail
ORD-100344,2025-06-04 18:14,C00397,SKU-1007,Noise cancelling headset,Audio,2,"Rs 6,900",0,United Arab Emirates,Website
ORD-104181,2025-12-05 15:14,C00025,SKU-1002,Wireless mouse,Peripherals,2,"Rs 2,600",0,UK,marketplace
ORD-104743,2026-07-28 20:14,C00453,SKU-1004,HDMI cable 1.5m,Cables,1,"Rs 1,300",0,UAE,retail
ORD-100446,2026-07-08 07:14,C00195,SKU-1005,24 inch monitor,Displays,1,"Rs 32,900",0,United Arab Emirates,Website
ORD-104261,2026-08-16 17:14,C00042,SKU-1003,USB-C cable 2m,Cables,1,Rs 850,0,PK,Website
ORD-100948,2026-02-20 17:14,C00057,SKU-1003,USB-C cable 2m,Cables,1,Rs 850,5,Saudi Arabia,website
ORD-104958,2026-07-28 15:14,C00570,SKU-1001,Mechanical keyboard,Peripherals,1,"Rs 9,800",0,PK,Website
ORD-101266,2025-04-02 10:14,C00720,SKU-1003,USB-C cable 2m,Cables,1,Rs 850,0,United Kingdom,retail
ORD-105159,2025-04-15 07:14,C00298,SKU-1008,1TB portable SSD,Storage,1,"Rs 13,500",0,UAE,retail
ORD-101187,14/11/2025,C00686,SKU-1004,HDMI cable 1.5m,Cables,1,"Rs 1,300",0,UAE,marketplace
ORD-100813,2026-09-09 10:14,C00028,SKU-1004,HDMI cable 1.5m,Cables,1,"Rs 1,300",0,Saudi Arabia,marketplace
ORD-100309,2025-05-11 08:14,C00349,SKU-1005,24 inch monitor,Displays,1,"Rs 32,900",0,Saudi Arabia,retail
ORD-103257,2025-12-01 11:14,C00566,SKU-1006,Laptop stand,Accessories,3,"Rs 4,200",5,pakistan,website
ORD-104792,2026-06-23 15:14,C00782,SKU-1009,Webcam 1080p,Video,2,"Rs 5,400",0,UK,retail
ORD-102640,2026-05-10 08:14,C00818,SKU-1008,1TB portable SSD,Storage,1,"Rs 13,500",0,pakistan,retail
ORD-103025,2025-08-18 13:14,C00033,SKU-1002,Wireless mouse,Peripherals,1,"Rs 2,600",5,pakistan,Website
ORD-105668,2025-11-27 14:14,C00052,SKU-1001,Mechanical keyboard,Peripherals,2,"Rs 9,800",0,Pakistan,marketplace
ORD-100479,2026-02-09 18:14,C00424,SKU-1007,Noise cancelling headset,Audio,1,"Rs 6,900",0,UK,Website
ORD-104914,2026-07-22 15:14,C00119,SKU-1006,Laptop stand,Accessories,1,"Rs 4,200",0,United Arab Emirates,Website
ORD-104013,2026-06-17 12:14,C00505,SKU-1009,Webcam 1080p,Video,1,"Rs 5,400",0,Saudi Arabia,retail
ORD-104443,2025-11-17 20:14,C00060,SKU-1002,Wireless mouse,Peripherals,1,"Rs 2,600",5,Pakistan,retail
ORD-104650,2026-02-16 10:14,,SKU-1005,24 inch monitor,Displays,1,"Rs 32,900",5,UAE,website
ORD-100593,2026-08-11 20:14,C00408,SKU-1002,Wireless mouse,Peripherals,1,"Rs 2,600",0,United Arab Emirates,marketplace
ORD-101527,2025-12-08 18:14,C00045,SKU-1009,Webcam 1080p,Video,1,"Rs 5,400",0,United Arab Emirates,retail
ORD-103743,2026-06-25 18:14,C00376,SKU-1002,Wireless mouse,Peripherals,2,"Rs 2,600",0,United Kingdom,Website
ORD-103169,2026-07-20 14:14,C00017,SKU-1002,Wireless mouse,Peripherals,3,"Rs 2,600",0,Saudi Arabia,marketplace
ORD-104221,2026-04-03 14:14,C00169,SKU-1004,HDMI cable 1.5m,Cables,1,"Rs 1,300",0,Pakistan,retail
ORD-103422,2026-04-21 20:14,C00030,SKU-1003,USB-C cable 2m,Cables,1,Rs 850,10,United Arab Emirates,website
ORD-101974,2025-08-28 08:14,C00773,SKU-1003,USB-C cable 2m,Cables,1,Rs 850,10,United Arab Emirates,retail
ORD-105153,2025-09-09 14:14,C00590,SKU-1004,HDMI cable 1.5m,Cables,2,"Rs 1,300",0,United Kingdom,Website
ORD-103031,2026-08-23 08:14,C00012,SKU-1004,HDMI cable 1.5m,Cables,1,"Rs 1,300",5,UAE,marketplace
ORD-101572,2026-02-13 13:14,C00393,SKU-1005,24 inch monitor,Displays,1,"Rs 32,900",0,Pakistan,marketplace
ORD-101515,2025-11-10 09:14,C00637,SKU-1005,24 inch monitor,Displays,2,"Rs 32,900",5,Saudi Arabia,retail
ORD-100537,2025-12-22 15:14,C00072,SKU-1004,HDMI cable 1.5m,Cables,1,"Rs 1,300",0,PK,retail
ORD-102395,2026-01-10 17:14,C00011,SKU-1008,1TB portable SSD,Storage,1,"Rs 13,500",0,PK,retail
ORD-100255,2026-01-17 15:14,C00019,SKU-1010,65W GaN charger,Power,1,"Rs 3,900",0,Pakistan,Website
ORD-104544,2025-04-15 12:14,C00657,SKU-1010,65W GaN charger,Power,1,"Rs 3,900",5,United Kingdom,Website
ORD-105422,2026-09-05 12:14,C00062,SKU-1002,Wireless mouse,Peripherals,1,"Rs 2,600",0,PK,website
ORD-100654,2026-01-23 08:14,C00477,SKU-1003,USB-C cable 2m,Cables,1,Rs 850,0,United Kingdom,marketplace
ORD-102811,2025-08-31 08:14,C00141,SKU-1004,HDMI cable 1.5m,Cables,1,"Rs 1,300",0,UK,Website
ORD-104271,2026-04-22 08:14,C00537,SKU-1001,Mechanical keyboard,Peripherals,-1,"Rs 9,800",0,pakistan,Website
ORD-101782,2025-11-12 10:14,C00028,SKU-1007,Noise cancelling headset,Audio,1,"Rs 6,900",0,Pakistan,retail
ORD-101461,2025-06-16 07:14,C00337,SKU-1010,65W GaN charger,Power,1,"Rs 3,900",0,UK,marketplace
ORD-105146,2026-04-20 15:14,C00568,SKU-1001,Mechanical keyboard,Peripherals,1,"Rs 9,800",0,Pakistan,website
ORD-102144,2026-07-20 18:14,C00839,SKU-1009,Webcam 1080p,Video,1,"Rs 5,400",0,Pakistan,website
ORD-103521,2025-11-25 09:14,C00019,SKU-1003,USB-C cable 2m,Cables,1,Rs 850,0,UAE,Website
ORD-105553,2026-02-04 16:14,C00514,SKU-1003,USB-C cable 2m,Cables,1,Rs 850,0,PK,marketplace
ORD-105070,2025-10-19 10:14,C00404,SKU-1007,Noise cancelling headset,Audio,1,"Rs 6,900",0,pakistan,website
ORD-102212,2026-09-12 08:14,C00026,SKU-1007,Noise cancelling headset,Audio,2,"Rs 6,900",0,Pakistan,retail
ORD-100321,2025-05-18 08:14,C00216,SKU-1006,Laptop stand,Accessories,1,"Rs 4,200",0,Pakistan,retail
ORD-102277,2026-01-14 19:14,C00059,SKU-1006,Laptop stand,Accessories,1,"Rs 4,200",0,United Arab Emirates,retail
ORD-103901,2026-01-16 17:14,C00628,SKU-1003,USB-C cable 2m,Cables,2,Rs 850,0,UK,marketplace
ORD-102877,2025-10-09 09:14,C00697,SKU-1009,Webcam 1080p,Video,1,"Rs 5,400",0,pakistan,Website
ORD-103444,2026-01-31 14:14,C00724,SKU-1002,Wireless mouse,Peripherals,1,"Rs 2,600",5,United Kingdom,website
ORD-101538,15/04/2026,C00365,SKU-1003,USB-C cable 2m,Cables,1,Rs 850,10,United Kingdom,marketplace
ORD-105484,2025-09-29 10:14,C00773,SKU-1004,HDMI cable 1.5m,Cables,1,"Rs 1,300",0,Pakistan,retail
ORD-102604,2025-08-22 15:14,C00057,SKU-1001,Mechanical keyboard,Peripherals,2,"Rs 9,800",0,United Arab Emirates,Website
ORD-103850,2026-08-03 10:14,C00033,SKU-1001,Mechanical keyboard,Peripherals,1,"Rs 9,800",20,UK,marketplace
ORD-101802,2026-06-03 19:14,C00227,SKU-1006,Laptop stand,Accessories,2,"Rs 4,200",0,United Arab Emirates,marketplace
ORD-102929,2026-02-03 16:14,C00017,SKU-1008,1TB portable SSD,Storage,2,"Rs 13,500",20,United Kingdom,website
ORD-101797,2026-01-12 15:14,C00689,SKU-1010,65W GaN charger,Power,1,"Rs 3,900",0,United Kingdom,marketplace
ORD-103412,2025-12-14 14:14,C00783,SKU-1006,Laptop stand,Accessories,2,"Rs 4,200",0,UAE,retail
ORD-102925,2026-05-09 17:14,C00020,SKU-1005,24 inch monitor,Displays,1,"Rs 32,900",0,UK,marketplace
ORD-101043,2025-05-13 12:14,C00028,SKU-1005,24 inch monitor,Displays,1,"Rs 32,900",0,Pakistan,retail
ORD-102995,2025-08-07 19:14,C00200,SKU-1002,Wireless mouse,Peripherals,1,"Rs 2,600",20,UAE,retail
ORD-100170,2025-10-17 15:14,C00008,SKU-1007,Noise cancelling headset,Audio,1,"Rs 6,900",0,UAE,website
ORD-102463,2026-08-12 10:14,C00068,SKU-1004,HDMI cable 1.5m,Cables,2,"Rs 1,300",0,Pakistan,website
ORD-100806,2026-04-15 11:14,C00392,SKU-1003,USB-C cable 2m,Cables,1,Rs 850,5,UAE,marketplace
ORD-102798,2026-07-31 07:14,C00028,SKU-1002,Wireless mouse,Peripherals,2,"Rs 2,600",0,Saudi Arabia,website
ORD-104468,2025-08-23 07:14,C00013,SKU-1009,Webcam 1080p,Video,1,"Rs 5,400",10,UAE,retail
ORD-105032,02/12/2025,C00020,SKU-1010,65W GaN charger,Power,1,"Rs 3,900",0,Saudi Arabia,Website
ORD-101725,2025-12-14 12:14,C00132,SKU-1006,Laptop stand,Accessories,1,"Rs 4,200",0,Pakistan,retail
ORD-100489,2025-11-08 12:14,C00488,SKU-1005,24 inch monitor,Displays,1,"Rs 32,900",0,UAE,retail
ORD-105911,2026-03-20 08:14,C00323,SKU-1003,USB-C cable 2m,Cables,1,Rs 850,5,United Kingdom,Website
ORD-101661,2026-04-03 09:14,C00012,SKU-1007,Noise cancelling headset,Audio,1,"Rs 6,900",5,United Arab Emirates,marketplace
ORD-101042,2025-11-30 11:14,C00050,SKU-1007,Noise cancelling headset,Audio,-2,"Rs 6,900",0,Pakistan,marketplace
ORD-102777,2025-05-04 18:14,C00048,SKU-1009,Webcam 1080p,Video,1,"Rs 5,400",0,pakistan,retail
ORD-100135,2026-08-13 16:14,C00123,SKU-1002,Wireless mouse,Peripherals,1,"Rs 2,600",0,UK,retail
ORD-105065,2025-04-17 07:14,C00048,SKU-1001,Mechanical keyboard,Peripherals,1,"Rs 9,800",0,Saudi Arabia,retail
ORD-105555,2026-06-30 07:14,C00196,SKU-1006,Laptop stand,Accessories,2,"Rs 4,200",0,pakistan,marketplace
ORD-103271,2025-09-18 07:14,C00052,SKU-1003,USB-C cable 2m,Cables,1,Rs 850,10,Saudi Arabia,website
ORD-103902,2025-12-05 10:14,C00058,SKU-1001,Mechanical keyboard,Peripherals,1,"Rs 9,800",0,pakistan,marketplace
ORD-104135,2026-09-12 19:14,C00355,SKU-1010,65W GaN charger,Power,1,"Rs 3,900",0,pakistan,Website
ORD-101861,2025-04-09 19:14,C00372,SKU-1006,Laptop stand,Accessories,1,"Rs 4,200",0,United Kingdom,Website
ORD-101746,2026-03-12 18:14,C00059,SKU-1007,Noise cancelling headset,Audio,1,"Rs 6,900",0,UK,marketplace
ORD-100376,2025-07-12 10:14,C00297,SKU-1009,Webcam 1080p,Video,5,"Rs 5,400",0,UAE,website
ORD-102787,2026-05-01 09:14,C00760,SKU-1007,Noise cancelling headset,Audio,2,"Rs 6,900",0,UK,website
ORD-102468,2026-02-17 14:14,C00112,SKU-1004,HDMI cable 1.5m,Cables,1,"Rs 1,300",0,UAE,Website
ORD-103891,2026-02-18 17:14,C00589,SKU-1009,Webcam 1080p,Video,1,"Rs 5,400",0,UAE,website
ORD-103932,2025-11-29 12:14,C00018,SKU-1004,HDMI cable 1.5m,Cables,1,"Rs 1,300",5,Saudi Arabia,retail
ORD-104928,2026-03-14 10:14,C00448,SKU-1001,Mechanical keyboard,Peripherals,2,"Rs 9,800",0,pakistan,Website
ORD-101162,2025-09-05 17:14,C00535,SKU-1005,24 inch monitor,Displays,1,"Rs 32,900",0,Pakistan,retail
ORD-103469,01/12/2025,C00225,SKU-1005,24 inch monitor,Displays,1,"Rs 32,900",0,PK,marketplace
ORD-104702,2026-05-29 14:14,C00023,SKU-1001,Mechanical keyboard,Peripherals,2,"Rs 9,800",10,pakistan,marketplace
ORD-100623,2026-01-22 19:14,C00044,SKU-1006,Laptop stand,Accessories,1,"Rs 4,200",0,PK,marketplace
ORD-101829,2026-07-28 18:14,C00516,SKU-1003,USB-C cable 2m,Cables,1,Rs 850,20,United Arab Emirates,website
ORD-105985,2026-03-06 08:14,C00045,SKU-1002,Wireless mouse,Peripherals,3,"Rs 2,600",5,UK,marketplace
ORD-100908,2026-05-03 11:14,C00879,SKU-1008,1TB portable SSD,Storage,1,"Rs 13,500",0,United Arab Emirates,marketplace
ORD-100671,2025-05-18 07:14,C00054,SKU-1006,Laptop stand,Accessories,1,"Rs 4,200",0,PK,website
ORD-104633,2025-04-11 14:14,C00747,SKU-1008,1TB portable SSD,Storage,1,"Rs 13,500",0,PK,marketplace
ORD-102018,2026-02-12 12:14,C00049,SKU-1008,1TB portable SSD,Storage,1,"Rs 13,500",0,Saudi Arabia,marketplace
ORD-104474,2025-11-24 14:14,C00674,SKU-1010,65W GaN charger,Power,5,"Rs 3,900",0,PK,website
ORD-104829,2026-06-27 13:14,C00803,SKU-1009,Webcam 1080p,Video,2,"Rs 5,400",5,United Arab Emirates,retail
ORD-100622,2025-12-16 12:14,C00154,SKU-1005,24 inch monitor,Displays,1,"Rs 32,900",0,United Arab Emirates,Website
ORD-103742,2025-05-03 08:14,,SKU-1001,Mechanical keyboard,Peripherals,1,"Rs 9,800",0,United Arab Emirates,retail
ORD-104364,2026-06-19 09:14,C00832,SKU-1004,HDMI cable 1.5m,Cables,1,"Rs 1,300",0,UAE,marketplace
ORD-102253,2026-01-16 18:14,C00751,SKU-1003,USB-C cable 2m,Cables,1,Rs 850,0,PK,marketplace
ORD-102873,2025-08-27 18:14,C00050,SKU-1005,24 inch monitor,Displays,1,"Rs 32,900",0,Saudi Arabia,retail
ORD-102742,2026-03-28 10:14,C00629,SKU-1003,USB-C cable 2m,Cables,1,Rs 850,0,UK,marketplace
ORD-105209,2026-08-11 20:14,C00107,SKU-1002,Wireless mouse,Peripherals,1,"Rs 2,600",0,UK,marketplace
ORD-105366,2026-04-26 10:14,C00024,SKU-1010,65W GaN charger,Power,1,"Rs 3,900",0,pakistan,website
ORD-101500,2026-08-09 19:14,C00805,SKU-1007,Noise cancelling headset,Audio,1,"Rs 6,900",20,pakistan,Website
ORD-101776,2025-06-27 07:14,C00380,SKU-1008,1TB portable SSD,Storage,2,"Rs 13,500",0,UAE,website
ORD-101250,2026-06-20 12:14,C00750,SKU-1006,Laptop stand,Accessories,1,"Rs 4,200",10,Saudi Arabia,retail
ORD-100215,2025-09-22 10:14,C00301,SKU-1001,Mechanical keyboard,Peripherals,2,"Rs 9,800",0,PK,retail
ORD-104812,2026-01-15 10:14,C00543,SKU-1001,Mechanical keyboard,Peripherals,1,"Rs 9,800",0,United Arab Emirates,Website
ORD-105589,2025-04-23 20:14,C00316,SKU-1008,1TB portable SSD,Storage,2,"Rs 13,500",0,pakistan,website
ORD-104073,2025-06-03 15:14,C00006,SKU-1006,Laptop stand,Accessories,1,"Rs 4,200",0,UAE,retail
ORD-103329,2025-11-21 13:14,C00565,SKU-1009,Webcam 1080p,Video,1,"Rs 5,400",0,UK,retail
ORD-102269,2025-05-02 07:14,C00034,SKU-1001,Mechanical keyboard,Peripherals,1,"Rs 9,800",0,Saudi Arabia,marketplace
ORD-100470,2026-06-21 09:14,C00242,SKU-1005,24 inch monitor,Displays,1,"Rs 32,900",0,UK,Website
ORD-105386,25/04/2026,C00398,SKU-1005,24 inch monitor,Displays,2,"Rs 32,900",0,United Arab Emirates,website
ORD-101744,2025-12-05 17:14,C00721,SKU-1008,1TB portable SSD,Storage,1,"Rs 13,500",0,Pakistan,marketplace
ORD-100610,2025-06-01 11:14,C00372,SKU-1002,Wireless mouse,Peripherals,-2,"Rs 2,600",0,UAE,marketplace
ORD-102198,2026-03-02 16:14,C00425,SKU-1005,24 inch monitor,Displays,2,"Rs 32,900",0,pakistan,Website
ORD-101899,2025-06-29 14:14,C00875,SKU-1009,Webcam 1080p,Video,1,"Rs 5,400",5,Saudi Arabia,retail
ORD-102268,2025-09-25 16:14,C00004,SKU-1002,Wireless mouse,Peripherals,1,"Rs 2,600",0,pakistan,Website
ORD-103010,2026-05-16 19:14,C00860,SKU-1010,65W GaN charger,Power,1,"Rs 3,900",0,UK,Website
ORD-105277,2025-07-16 08:14,C00037,SKU-1004,HDMI cable 1.5m,Cables,1,"Rs 1,300",0,pakistan,website
ORD-100786,15/02/2026,C00270,SKU-1006,Laptop stand,Accessories,1,"Rs 4,200",5,PK,Website
ORD-104105,2025-06-26 12:14,C00054,SKU-1007,Noise cancelling headset,Audio,2,"Rs 6,900",10,PK,Website
ORD-104803,2025-09-10 20:14,C00041,SKU-1007,Noise cancelling headset,Audio,1,"Rs 6,900",0,pakistan,retail
ORD-103710,2026-05-20 09:14,C00760,SKU-1003,USB-C cable 2m,Cables,2,Rs 850,0,UK,marketplace
ORD-105712,2026-07-02 19:14,C00340,SKU-1004,HDMI cable 1.5m,Cables,2,"Rs 1,300",0,Pakistan,website
ORD-102377,2025-12-26 18:14,C00036,SKU-1002,Wireless mouse,Peripherals,3,"Rs 2,600",0,PK,retail
ORD-102112,2026-05-19 10:14,C00798,SKU-1009,Webcam 1080p,Video,1,"Rs 5,400",5,UK,marketplace
ORD-103165,2025-08-16 09:14,C00101,SKU-1009,Webcam 1080p,Video,3,"Rs 5,400",0,pakistan,Website
ORD-101368,2025-09-14 13:14,C00855,SKU-1010,65W GaN charger,Power,1,"Rs 3,900",0,Pakistan,website
ORD-100728,2026-07-10 14:14,C00022,SKU-1006,Laptop stand,Accessories,1,"Rs 4,200",10,Saudi Arabia,Website
ORD-101228,2025-07-21 10:14,C00763,SKU-1003,USB-C cable 2m,Cables,1,Rs 850,0,UAE,marketplace
ORD-101214,2025-06-01 10:14,C00686,SKU-1002,Wireless mouse,Peripherals,1,"Rs 2,600",5,PK,Website
ORD-103080,2026-05-08 11:14,C00346,SKU-1002,Wireless mouse,Peripherals,2,"Rs 2,600",0,United Arab Emirates,website
ORD-104369,2026-01-12 13:14,,SKU-1001,Mechanical keyboard,Peripherals,2,"Rs 9,800",0,UAE,website
ORD-103072,2025-07-03 14:14,C00664,SKU-1008,1TB portable SSD,Storage,1,"Rs 13,500",0,United Arab Emirates,Website
ORD-101900,2026-01-07 11:14,C00564,SKU-1010,65W GaN charger,Power,2,"Rs 3,900",0,Pakistan,retail
ORD-100572,2026-07-07 20:14,C00033,SKU-1009,Webcam 1080p,Video,1,"Rs 5,400",0,United Arab Emirates,website
ORD-101274,2026-01-29 12:14,C00001,SKU-1001,Mechanical keyboard,Peripherals,1,"Rs 9,800",5,Saudi Arabia,marketplace
ORD-101320,2026-07-20 14:14,C00865,SKU-1009,Webcam 1080p,Video,1,"Rs 5,400",0,Pakistan,website
ORD-101000,2026-07-19 10:14,C00807,SKU-1001,Mechanical keyboard,Peripherals,2,"Rs 9,800",0,UK,retail
ORD-104028,2026-07-31 11:14,C00172,SKU-1004,HDMI cable 1.5m,Cables,1,"Rs 1,300",0,Pakistan,retail
ORD-103202,2026-07-27 15:14,C00057,SKU-1008,1TB portable SSD,Storage,3,"Rs 13,500",20,pakistan,website
ORD-105831,2026-08-05 14:14,C00167,SKU-1010,65W GaN charger,Power,3,"Rs 3,900",0,UAE,website
ORD-102208,31/03/2025,C00128,SKU-1005,24 inch monitor,Displays,1,"Rs 32,900",0,Pakistan,Website
ORD-104176,2026-09-07 08:14,C00291,SKU-1003,USB-C cable 2m,Cables,3,Rs 850,5,PK,website
ORD-102312,2026-02-16 19:14,C00443,SKU-1006,Laptop stand,Accessories,1,"Rs 4,200",5,UAE,Website
ORD-105391,2026-08-31 18:14,C00702,SKU-1003,USB-C cable 2m,Cables,1,Rs 850,0,United Kingdom,retail
ORD-104360,2025-07-18 07:14,C00030,SKU-1005,24 inch monitor,Displays,1,"Rs 32,900",20,United Kingdom,marketplace
ORD-101561,2025-05-25 18:14,C00047,SKU-1007,Noise cancelling headset,Audio,-1,"Rs 6,900",0,United Kingdom,retail
ORD-105332,2026-06-23 09:14,C00040,SKU-1008,1TB portable SSD,Storage,1,"Rs 13,500",20,pakistan,retail
ORD-102188,2025-11-09 12:14,C00609,SKU-1009,Webcam 1080p,Video,1,"Rs 5,400",0,Saudi Arabia,marketplace
ORD-101370,2026-07-23 11:14,C00036,SKU-1003,USB-C cable 2m,Cables,1,,0,pakistan,Website
ORD-104521,2026-06-10 08:14,C00490,SKU-1001,Mechanical keyboard,Peripherals,2,"Rs 9,800",5,United Kingdom,Website
ORD-100692,2026-04-16 16:14,C00093,SKU-1008,1TB portable SSD,Storage,1,"Rs 13,500",20,UAE,marketplace
ORD-104692,2026-08-31 14:14,C00102,SKU-1008,1TB portable SSD,Storage,1,"Rs 13,500",0,UAE,retail
ORD-101653,2025-05-03 09:14,C00028,SKU-1007,Noise cancelling headset,Audio,1,"Rs 6,900",5,Saudi Arabia,marketplace
ORD-101624,2026-09-04 20:14,C00389,SKU-1006,Laptop stand,Accessories,2,"Rs 4,200",20,United Kingdom,retail
ORD-103322,2026-01-01 20:14,C00001,SKU-1006,Laptop stand,Accessories,1,"Rs 4,200",5,Saudi Arabia,retail
ORD-102318,2025-06-22 09:14,C00023,SKU-1003,USB-C cable 2m,Cables,-2,Rs 850,0,United Arab Emirates,website
ORD-105275,2025-08-08 07:14,C00460,SKU-1009,Webcam 1080p,Video,1,"Rs 5,400",10,United Kingdom,marketplace
ORD-100575,2026-06-04 16:14,C00648,SKU-1001,Mechanical keyboard,Peripherals,2,"Rs 9,800",5,UK,Website
ORD-105479,2025-05-30 12:14,C00436,SKU-1004,HDMI cable 1.5m,Cables,1,"Rs 1,300",0,PK,marketplace
ORD-100349,2025-11-09 11:14,C00445,SKU-1010,65W GaN charger,Power,-3,"Rs 3,900",0,UK,marketplace
ORD-101636,2026-09-08 19:14,C00535,SKU-1007,Noise cancelling headset,Audio,2,"Rs 6,900",0,pakistan,Website
ORD-102348,2025-10-22 15:14,C00009,SKU-1003,USB-C cable 2m,Cables,2,Rs 850,10,United Arab Emirates,marketplace
ORD-105284,2026-02-07 16:14,C00704,SKU-1005,24 inch monitor,Displays,1,"Rs 32,900",0,Saudi Arabia,website
ORD-100185,2025-04-27 12:14,C00327,SKU-1006,Laptop stand,Accessories,2,"Rs 4,200",0,PK,Website
ORD-101459,2025-07-05 11:14,C00856,SKU-1001,Mechanical keyboard,Peripherals,1,"Rs 9,800",0,Pakistan,website
ORD-105397,2026-06-18 20:14,C00027,SKU-1004,HDMI cable 1.5m,Cables,2,"Rs 1,300",0,PK,website
ORD-103606,2026-02-05 19:14,C00010,SKU-1006,Laptop stand,Accessories,1,"Rs 4,200",0,pakistan,retail
ORD-102751,2026-04-07 14:14,C00709,SKU-1006,Laptop stand,Accessories,1,"Rs 4,200",0,United Kingdom,marketplace
ORD-100186,2026-04-19 16:14,C00060,SKU-1006,Laptop stand,Accessories,-3,"Rs 4,200",0,United Arab Emirates,website
ORD-105569,2025-10-07 17:14,C00377,SKU-1008,1TB portable SSD,Storage,1,"Rs 13,500",20,United Kingdom,marketplace
ORD-104530,2026-02-28 08:14,C00297,SKU-1010,65W GaN charger,Power,2,"Rs 3,900",0,UAE,retail
ORD-105803,2025-04-21 07:14,C00014,SKU-1001,Mechanical keyboard,Peripherals,1,"Rs 9,800",0,UAE,website
ORD-100782,04/07/2026,C00261,SKU-1007,Noise cancelling headset,Audio,1,"Rs 6,900",0,UK,retail
ORD-100773,2025-07-20 19:14,C00020,SKU-1003,USB-C cable 2m,Cables,1,Rs 850,0,pakistan,Website
ORD-103269,2025-12-20 13:14,C00134,SKU-1005,24 inch monitor,Displays,1,"Rs 32,900",0,PK,retail
ORD-100006,2025-07-10 20:14,C00844,SKU-1005,24 inch monitor,Displays,1,"Rs 32,900",5,Pakistan,marketplace
ORD-102287,2025-03-25 09:14,C00006,SKU-1007,Noise cancelling headset,Audio,1,"Rs 6,900",0,Saudi Arabia,marketplace
ORD-103567,2025-11-29 19:14,C00653,SKU-1006,Laptop stand,Accessories,5,"Rs 4,200",5,Saudi Arabia,marketplace
ORD-104985,2026-06-07 14:14,C00503,SKU-1008,1TB portable SSD,Storage,2,"Rs 13,500",20,United Arab Emirates,Website
ORD-105789,2026-07-06 07:14,C00019,SKU-1004,HDMI cable 1.5m,Cables,2,"Rs 1,300",5,Pakistan,Website
ORD-104593,2026-01-28 10:14,C00033,SKU-1002,Wireless mouse,Peripherals,1,"Rs 2,600",0,United Kingdom,retail
ORD-101448,2026-01-04 07:14,C00594,SKU-1007,Noise cancelling headset,Audio,2,"Rs 6,900",0,UAE,marketplace
ORD-103551,2026-01-27 10:14,C00034,SKU-1003,USB-C cable 2m,Cables,1,Rs 850,0,United Arab Emirates,website
ORD-100846,2025-08-23 19:14,C00023,SKU-1006,Laptop stand,Accessories,2,"Rs 4,200",0,pakistan,retail
ORD-100544,2026-07-05 09:14,C00048,SKU-1006,Laptop stand,Accessories,1,"Rs 4,200",5,Saudi Arabia,website
ORD-102409,2025-07-10 07:14,C00015,SKU-1008,1TB portable SSD,Storage,1,"Rs 13,500",0,Pakistan,Website
ORD-102975,2025-10-05 07:14,C00058,SKU-1003,USB-C cable 2m,Cables,2,Rs 850,20,UAE,marketplace
ORD-100445,2026-03-13 11:14,C00030,SKU-1010,65W GaN charger,Power,-2,"Rs 3,900",0,United Arab Emirates,Website
ORD-102011,2026-08-10 12:14,C00022,SKU-1001,Mechanical keyboard,Peripherals,1,"Rs 9,800",5,United Kingdom,marketplace
ORD-104374,2025-09-08 19:14,C00030,SKU-1001,Mechanical keyboard,Peripherals,2,"Rs 9,800",0,UAE,retail
ORD-103173,2026-02-25 08:14,,SKU-1008,1TB portable SSD,Storage,1,"Rs 13,500",0,United Kingdom,website
ORD-103623,2026-08-12 16:14,C00056,SKU-1009,Webcam 1080p,Video,2,"Rs 5,400",0,Pakistan,marketplace
ORD-104362,2026-03-20 20:14,C00148,SKU-1004,HDMI cable 1.5m,Cables,1,"Rs 1,300",10,Saudi Arabia,retail
ORD-100914,2026-09-11 11:14,C00386,SKU-1007,Noise cancelling headset,Audio,1,"Rs 6,900",10,Saudi Arabia,marketplace
ORD-104732,2026-05-27 18:14,C00024,SKU-1001,Mechanical keyboard,Peripherals,-1,"Rs 9,800",0,pakistan,retail
ORD-100283,2026-03-23 07:14,C00042,SKU-1003,USB-C cable 2m,Cables,1,Rs 850,0,UAE,marketplace
ORD-105619,2026-05-22 19:14,C00440,SKU-1006,Laptop stand,Accessories,1,"Rs 4,200",0,Saudi Arabia,marketplace
ORD-105091,2025-07-16 17:14,C00440,SKU-1007,Noise cancelling headset,Audio,2,"Rs 6,900",0,United Arab Emirates,website
ORD-105039,2025-03-31 17:14,C00003,SKU-1008,1TB portable SSD,Storage,1,"Rs 13,500",0,United Arab Emirates,marketplace
ORD-104437,2025-10-10 13:14,C00037,SKU-1005,24 inch monitor,Displays,1,"Rs 32,900",0,UK,marketplace
ORD-104039,2025-07-25 18:14,C00018,SKU-1007,Noise cancelling headset,Audio,1,"Rs 6,900",0,UAE,Website
ORD-104367,2025-08-20 11:14,C00277,SKU-1005,24 inch monitor,Displays,2,"Rs 32,900",0,Pakistan,website
ORD-100897,2025-07-11 18:14,C00420,SKU-1003,USB-C cable 2m,Cables,1,Rs 850,0,PK,website
ORD-105339,2026-08-05 15:14,C00008,SKU-1009,Webcam 1080p,Video,1,"Rs 5,400",0,PK,retail
ORD-103273,2025-05-12 08:14,C00042,SKU-1001,Mechanical keyboard,Peripherals,2,"Rs 9,800",0,Pakistan,marketplace
ORD-103201,2025-07-12 19:14,C00826,SKU-1005,24 inch monitor,Displays,1,"Rs 32,900",0,UK,Website
ORD-102307,22/02/2026,C00299,SKU-1010,65W GaN charger,Power,3,"Rs 3,900",10,Pakistan,Website
ORD-104969,2025-04-30 15:14,C00034,SKU-1010,65W GaN charger,Power,1,"Rs 3,900",10,PK,marketplace
ORD-103562,2026-01-30 11:14,C00047,SKU-1010,65W GaN charger,Power,1,"Rs 3,900",0,UAE,retail
ORD-101542,12/07/2025,C00583,SKU-1003,USB-C cable 2m,Cables,1,Rs 850,0,PK,website
ORD-101347,2025-07-27 09:14,C00367,SKU-1003,USB-C cable 2m,Cables,1,Rs 850,0,UK,Website
ORD-102091,2025-09-12 18:14,C00298,SKU-1003,USB-C cable 2m,Cables,1,Rs 850,0,United Kingdom,Website
ORD-100519,2026-04-01 14:14,C00214,SKU-1002,Wireless mouse,Peripherals,2,"Rs 2,600",0,pakistan,Website
ORD-100568,2025-08-08 15:14,C00003,SKU-1005,24 inch monitor,Displays,1,"Rs 32,900",5,PK,website
ORD-103685,2025-09-10 07:14,C00328,SKU-1007,Noise cancelling headset,Audio,3,"Rs 6,900",5,UAE,retail
ORD-105467,2025-11-07 20:14,C00017,SKU-1009,Webcam 1080p,Video,3,"Rs 5,400",0,Saudi Arabia,website
ORD-103389,2025-12-31 14:14,C00204,SKU-1005,24 inch monitor,Displays,1,"Rs 32,900",0,Pakistan,marketplace
ORD-100621,2025-06-02 14:14,C00015,SKU-1009,Webcam 1080p,Video,1,"Rs 5,400",0,PK,Website
ORD-105326,2025-07-25 07:14,C00056,SKU-1008,1TB portable SSD,Storage,1,"Rs 13,500",0,Pakistan,Website
ORD-102155,2025-04-29 20:14,C00549,SKU-1006,Laptop stand,Accessories,1,"Rs 4,200",0,pakistan,website
ORD-104059,2026-07-30 16:14,C00881,SKU-1004,HDMI cable 1.5m,Cables,1,"Rs 1,300",0,pakistan,marketplace
ORD-103772,2025-11-30 17:14,C00791,SKU-1006,Laptop stand,Accessories,2,"Rs 4,200",0,Saudi Arabia,Website
ORD-100542,2025-04-18 09:14,C00031,SKU-1003,USB-C cable 2m,Cables,2,Rs 850,0,United Arab Emirates,retail
ORD-103762,2026-03-24 15:14,C00053,SKU-1007,Noise cancelling headset,Audio,1,"Rs 6,900",0,Pakistan,website
ORD-102014,2025-09-18 08:14,C00060,SKU-1009,Webcam 1080p,Video,3,"Rs 5,400",5,United Kingdom,website
ORD-102181,2025-06-20 09:14,C00162,SKU-1006,Laptop stand,Accessories,1,"Rs 4,200",5,Saudi Arabia,website
ORD-104783,2026-01-17 09:14,,SKU-1001,Mechanical keyboard,Peripherals,1,"Rs 9,800",10,PK,retail
ORD-100694,2025-06-16 13:14,C00411,SKU-1010,65W GaN charger,Power,1,"Rs 3,900",0,pakistan,retail
ORD-105250,2025-06-01 09:14,C00037,SKU-1004,HDMI cable 1.5m,Cables,1,"Rs 1,300",0,UK,website
ORD-102453,2025-07-25 10:14,C00004,SKU-1001,Mechanical keyboard,Peripherals,2,"Rs 9,800",10,UAE,website
ORD-100900,2025-10-02 12:14,C00417,SKU-1001,Mechanical keyboard,Peripherals,1,"Rs 9,800",0,UK,website
ORD-104796,2026-05-04 16:14,C00868,SKU-1005,24 inch monitor,Displays,1,"Rs 32,900",0,PK,retail
ORD-101075,2026-08-09 11:14,C00455,SKU-1010,65W GaN charger,Power,1,"Rs 3,900",5,PK,website
ORD-101190,2025-10-27 10:14,C00758,SKU-1007,Noise cancelling headset,Audio,1,"Rs 6,900",0,pakistan,retail
ORD-102580,2026-05-12 17:14,C00028,SKU-1008,1TB portable SSD,Storage,1,"Rs 13,500",0,UK,retail
ORD-100812,2025-06-05 20:14,C00056,SKU-1005,24 inch monitor,Displays,1,"Rs 32,900",0,United Kingdom,Website
ORD-101630,2025-10-17 11:14,C00665,SKU-1003,USB-C cable 2m,Cables,2,Rs 850,0,Saudi Arabia,Website
ORD-100092,2026-03-27 20:14,C00473,SKU-1006,Laptop stand,Accessories,1,"Rs 4,200",0,United Arab Emirates,retail
ORD-102019,2025-09-28 19:14,C00168,SKU-1010,65W GaN charger,Power,1,"Rs 3,900",5,UAE,retail
ORD-103556,2026-06-06 16:14,C00532,SKU-1005,24 inch monitor,Displays,-2,"Rs 32,900",0,Saudi Arabia,retail
ORD-100279,2026-03-17 16:14,C00055,SKU-1003,USB-C cable 2m,Cables,1,Rs 850,0,United Kingdom,retail
ORD-103602,2025-11-26 17:14,C00051,SKU-1009,Webcam 1080p,Video,1,"Rs 5,400",0,pakistan,Website
ORD-105278,2025-09-15 15:14,C00108,SKU-1008,1TB portable SSD,Storage,2,"Rs 13,500",5,United Kingdom,retail
ORD-105124,2025-08-12 15:14,C00047,SKU-1009,Webcam 1080p,Video,1,"Rs 5,400",0,UAE,Website
ORD-100673,2026-02-08 10:14,C00021,SKU-1004,HDMI cable 1.5m,Cables,1,"Rs 1,300",0,United Kingdom,website
ORD-101085,2025-11-23 07:14,C00021,SKU-1001,Mechanical keyboard,Peripherals,1,"Rs 9,800",5,Pakistan,Website
ORD-102535,2026-04-03 09:14,C00016,SKU-1010,65W GaN charger,Power,1,"Rs 3,900",20,United Kingdom,Website
ORD-103911,2025-05-17 10:14,C00009,SKU-1007,Noise cancelling headset,Audio,2,"Rs 6,900",0,Pakistan,website
ORD-105959,2025-12-24 10:14,C00644,SKU-1003,USB-C cable 2m,Cables,5,Rs 850,0,pakistan,Website
ORD-100274,2026-02-16 10:14,C00028,SKU-1001,Mechanical keyboard,Peripherals,1,"Rs 9,800",0,UK,Website
ORD-102375,2026-08-14 17:14,C00193,SKU-1009,Webcam 1080p,Video,2,"Rs 5,400",0,United Kingdom,retail
ORD-100879,2026-05-27 18:14,C00013,SKU-1002,Wireless mouse,Peripherals,1,"Rs 2,600",0,United Arab Emirates,retail
ORD-105713,2025-10-04 20:14,C00284,SKU-1007,Noise cancelling headset,Audio,1,"Rs 6,900",0,UK,website
ORD-102615,2025-06-23 13:14,C00005,SKU-1009,Webcam 1080p,Video,1,"Rs 5,400",0,UAE,website
ORD-102965,2026-07-30 16:14,C00006,SKU-1009,Webcam 1080p,Video,2,"Rs 5,400",0,Saudi Arabia,retail
ORD-100530,2025-11-25 16:14,C00081,SKU-1010,65W GaN charger,Power,1,"Rs 3,900",0,United Arab Emirates,Website
ORD-102218,2025-04-03 07:14,C00007,SKU-1006,Laptop stand,Accessories,1,"Rs 4,200",0,United Kingdom,retail
ORD-100148,2026-06-20 13:14,C00717,SKU-1002,Wireless mouse,Peripherals,1,"Rs 2,600",0,United Arab Emirates,retail
ORD-103425,04/09/2025,C00705,SKU-1004,HDMI cable 1.5m,Cables,1,"Rs 1,300",0,UK,retail
ORD-100534,2026-09-03 14:14,C00621,SKU-1008,1TB portable SSD,Storage,1,"Rs 13,500",0,United Arab Emirates,retail
ORD-105314,2025-04-13 08:14,C00028,SKU-1004,HDMI cable 1.5m,Cables,1,"Rs 1,300",0,UK,Website
ORD-105550,2025-07-24 20:14,,SKU-1005,24 inch monitor,Displays,2,"Rs 32,900",20,Saudi Arabia,website
ORD-100860,2025-05-23 15:14,C00147,SKU-1001,Mechanical keyboard,Peripherals,1,"Rs 9,800",5,United Kingdom,marketplace
ORD-103262,2026-01-30 10:14,C00796,SKU-1007,Noise cancelling headset,Audio,1,"Rs 6,900",5,United Arab Emirates,retail
ORD-100375,2025-06-22 13:14,C00742,SKU-1009,Webcam 1080p,Video,1,"Rs 5,400",20,United Arab Emirates,website
ORD-105535,2025-07-15 19:14,C00004,SKU-1006,Laptop stand,Accessories,1,"Rs 4,200",0,Saudi Arabia,website
ORD-103965,2026-09-09 11:14,C00042,SKU-1006,Laptop stand,Accessories,1,"Rs 4,200",0,Saudi Arabia,retail
ORD-101112,2025-12-10 20:14,C00492,SKU-1002,Wireless mouse,Peripherals,2,"Rs 2,600",0,pakistan,marketplace
ORD-100685,2025-10-06 09:14,C00429,SKU-1007,Noise cancelling headset,Audio,1,"Rs 6,900",0,United Arab Emirates,retail
ORD-101574,2025-06-28 12:14,C00007,SKU-1005,24 inch monitor,Displays,1,"Rs 32,900",0,Pakistan,Website
ORD-105783,2025-12-07 12:14,C00005,SKU-1005,24 inch monitor,Displays,1,"Rs 32,900",0,United Kingdom,retail
ORD-105926,2025-07-19 16:14,C00566,SKU-1005,24 inch monitor,Displays,1,"Rs 32,900",0,United Arab Emirates,retail
ORD-103055,2026-04-07 16:14,C00239,SKU-1002,Wireless mouse,Peripherals,1,"Rs 2,600",0,Pakistan,marketplace
ORD-102232,2025-04-15 14:14,C00589,SKU-1004,HDMI cable 1.5m,Cables,1,"Rs 1,300",0,pakistan,marketplace
ORD-102020,2025-11-19 17:14,C00093,SKU-1004,HDMI cable 1.5m,Cables,3,"Rs 1,300",0,UK,website
ORD-101415,2026-05-26 10:14,C00818,SKU-1009,Webcam 1080p,Video,1,"Rs 5,400",0,pakistan,website
ORD-100658,2026-07-06 07:14,C00451,SKU-1004,HDMI cable 1.5m,Cables,1,"Rs 1,300",0,United Arab Emirates,website
ORD-104847,2025-08-07 19:14,C00102,SKU-1007,Noise cancelling headset,Audio,1,"Rs 6,900",0,pakistan,website
ORD-102986,2025-09-29 09:14,C00549,SKU-1010,65W GaN charger,Power,2,"Rs 3,900",0,United Kingdom,retail
ORD-100533,2025-07-26 16:14,C00018,SKU-1008,1TB portable SSD,Storage,1,"Rs 13,500",10,Pakistan,Website
ORD-102426,2026-09-10 19:14,C00034,SKU-1008,1TB portable SSD,Storage,1,"Rs 13,500",10,PK,Website
ORD-102899,2025-06-12 11:14,C00030,SKU-1005,24 inch monitor,Displays,1,"Rs 32,900",0,pakistan,retail
ORD-100123,2026-05-06 16:14,C00622,SKU-1006,Laptop stand,Accessories,5,"Rs 4,200",0,Pakistan,retail
ORD-104380,2026-04-18 10:14,C00483,SKU-1005,24 inch monitor,Displays,1,"Rs 32,900",0,UK,website
ORD-103178,2026-04-05 20:14,C00285,SKU-1007,Noise cancelling headset,Audio,2,"Rs 6,900",20,PK,Website
ORD-102428,2025-06-26 17:14,C00162,SKU-1006,Laptop stand,Accessories,1,"Rs 4,200",0,United Kingdom,marketplace
ORD-105492,2025-12-20 16:14,C00672,SKU-1006,Laptop stand,Accessories,1,"Rs 4,200",0,pakistan,marketplace
ORD-105127,2026-02-08 18:14,C00820,SKU-1002,Wireless mouse,Peripherals,1,"Rs 2,600",10,PK,marketplace
ORD-105938,2026-04-12 12:14,C00004,SKU-1008,1TB portable SSD,Storage,1,"Rs 13,500",0,UK,Website
ORD-105882,2025-06-27 13:14,C00038,SKU-1009,Webcam 1080p,Video,3,"Rs 5,400",0,Pakistan,retail
ORD-104788,2025-05-24 20:14,C00040,SKU-1007,Noise cancelling headset,Audio,1,"Rs 6,900",0,United Arab Emirates,marketplace
ORD-101305,2025-05-10 09:14,C00050,SKU-1008,1TB portable SSD,Storage,1,"Rs 13,500",0,United Kingdom,retail
ORD-104461,2026-06-27 14:14,C00290,SKU-1003,USB-C cable 2m,Cables,1,Rs 850,0,pakistan,website
ORD-104769,2026-03-30 20:14,C00101,SKU-1010,65W GaN charger,Power,1,"Rs 3,900",0,PK,Website
ORD-102302,2026-06-28 13:14,C00715,SKU-1002,Wireless mouse,Peripherals,3,"Rs 2,600",0,Saudi Arabia,Website
ORD-104758,2025-11-29 18:14,C00858,SKU-1010,65W GaN charger,Power,2,"Rs 3,900",0,UK,Website
ORD-101397,2025-07-13 08:14,C00563,SKU-1003,USB-C cable 2m,Cables,1,Rs 850,5,Saudi Arabia,retail
ORD-102602,2026-01-08 18:14,C00045,SKU-1002,Wireless mouse,Peripherals,1,"Rs 2,600",0,Pakistan,website
ORD-103239,2025-08-05 11:14,C00275,SKU-1001,Mechanical keyboard,Peripherals,1,"Rs 9,800",10,Pakistan,marketplace
ORD-103613,2026-05-08 19:14,C00754,SKU-1005,24 inch monitor,Displays,2,"Rs 32,900",20,United Arab Emirates,retail
ORD-104598,2025-06-18 17:14,C00660,SKU-1003,USB-C cable 2m,Cables,1,Rs 850,0,UAE,Website
ORD-102347,2025-09-06 11:14,C00040,SKU-1004,HDMI cable 1.5m,Cables,2,"Rs 1,300",0,Pakistan,retail
ORD-103388,2026-09-08 11:14,C00704,SKU-1010,65W GaN charger,Power,1,"Rs 3,900",0,United Kingdom,retail
ORD-105632,2026-02-13 16:14,C00057,SKU-1003,USB-C cable 2m,Cables,1,Rs 850,0,pakistan,Website
ORD-102392,2026-04-29 13:14,C00069,SKU-1003,USB-C cable 2m,Cables,1,Rs 850,10,United Arab Emirates,retail
ORD-103745,2026-01-08 15:14,C00751,SKU-1010,65W GaN charger,Power,1,"Rs 3,900",0,PK,website
ORD-105333,2026-05-11 08:14,C00005,SKU-1004,HDMI cable 1.5m,Cables,1,"Rs 1,300",0,Pakistan,marketplace
ORD-104629,2026-03-24 12:14,C00048,SKU-1005,24 inch monitor,Displays,1,"Rs 32,900",0,Saudi Arabia,retail
ORD-103110,2026-01-16 08:14,C00720,SKU-1001,Mechanical keyboard,Peripherals,2,"Rs 9,800",5,United Kingdom,website
ORD-100454,2025-06-15 10:14,C00201,SKU-1004,HDMI cable 1.5m,Cables,1,"Rs 1,300",0,UAE,website
ORD-104918,2026-08-13 17:14,C00758,SKU-1007,Noise cancelling headset,Audio,3,"Rs 6,900",0,United Kingdom,retail
ORD-100022,2025-04-25 07:14,C00217,SKU-1010,65W GaN charger,Power,1,"Rs 3,900",5,United Kingdom,marketplace
ORD-100536,2025-08-13 11:14,C00489,SKU-1009,Webcam 1080p,Video,1,"Rs 5,400",0,pakistan,retail
ORD-103969,2025-07-21 10:14,C00026,SKU-1010,65W GaN charger,Power,1,"Rs 3,900",10,United Kingdom,website
ORD-104671,2026-04-08 09:14,C00295,SKU-1004,HDMI cable 1.5m,Cables,1,"Rs 1,300",5,pakistan,website
ORD-101361,2025-08-12 08:14,C00761,SKU-1008,1TB portable SSD,Storage,1,"Rs 13,500",10,Saudi Arabia,marketplace
ORD-101070,2025-08-19 19:14,C00424,SKU-1005,24 inch monitor,Displays,1,"Rs 32,900",0,Pakistan,retail
ORD-101148,2025-11-07 19:14,C00007,SKU-1002,Wireless mouse,Peripherals,1,"Rs 2,600",0,Saudi Arabia,retail
ORD-101682,2025-07-07 17:14,C00001,SKU-1010,65W GaN charger,Power,1,"Rs 3,900",10,United Arab Emirates,website
ORD-103147,2025-06-10 13:14,C00013,SKU-1003,USB-C cable 2m,Cables,1,Rs 850,0,PK,Website
ORD-100596,2026-01-04 07:14,C00671,SKU-1001,Mechanical keyboard,Peripherals,1,"Rs 9,800",0,UK,marketplace
ORD-104056,2026-03-26 18:14,C00048,SKU-1010,65W GaN charger,Power,-2,"Rs 3,900",0,UK,marketplace
ORD-103575,2025-11-20 11:14,C00007,SKU-1005,24 inch monitor,Displays,2,"Rs 32,900",0,UK,marketplace
ORD-103136,2026-08-23 14:14,,SKU-1007,Noise cancelling headset,Audio,3,"Rs 6,900",0,United Arab Emirates,Website
ORD-105777,2025-12-19 17:14,C00835,SKU-1010,65W GaN charger,Power,2,"Rs 3,900",5,PK,marketplace
ORD-103873,2026-04-29 16:14,C00017,SKU-1001,Mechanical keyboard,Peripherals,1,"Rs 9,800",0,pakistan,marketplace
ORD-102143,2025-12-15 17:14,C00222,SKU-1006,Laptop stand,Accessories,1,"Rs 4,200",0,United Arab Emirates,website
ORD-105658,2025-03-23 08:14,C00058,SKU-1002,Wireless mouse,Peripherals,3,,0,PK,retail
ORD-105149,2025-05-02 12:14,C00049,SKU-1009,Webcam 1080p,Video,1,"Rs 5,400",0,UK,website
ORD-101003,2025-08-03 18:14,C00306,SKU-1004,HDMI cable 1.5m,Cables,1,"Rs 1,300",0,UK,retail
ORD-101131,2026-04-18 11:14,C00045,SKU-1006,Laptop stand,Accessories,1,"Rs 4,200",0,UK,website
ORD-104100,2026-01-12 14:14,C00539,SKU-1006,Laptop stand,Accessories,1,"Rs 4,200",0,UK,Website
ORD-105953,2025-11-05 18:14,C00011,SKU-1003,USB-C cable 2m,Cables,1,Rs 850,0,United Kingdom,retail
ORD-101510,2025-04-27 13:14,C00461,SKU-1007,Noise cancelling headset,Audio,1,"Rs 6,900",0,United Kingdom,Website
ORD-102797,2025-12-03 18:14,C00465,SKU-1006,Laptop stand,Accessories,1,"Rs 4,200",5,UAE,Website
ORD-102422,2025-07-10 13:14,C00678,SKU-1008,1TB portable SSD,Storage,1,"Rs 13,500",0,UK,retail
ORD-103493,2025-09-12 12:14,C00165,SKU-1008,1TB portable SSD,Storage,2,"Rs 13,500",20,PK,retail
ORD-100228,2026-01-02 17:14,C00313,SKU-1004,HDMI cable 1.5m,Cables,1,"Rs 1,300",5,Saudi Arabia,marketplace
ORD-100434,2025-06-26 08:14,C00824,SKU-1006,Laptop stand,Accessories,1,"Rs 4,200",5,UK,retail
ORD-105676,2026-01-27 16:14,C00386,SKU-1007,Noise cancelling headset,Audio,1,"Rs 6,900",0,Pakistan,marketplace
ORD-104248,2025-10-01 08:14,C00049,SKU-1006,Laptop stand,Accessories,1,"Rs 4,200",0,UK,marketplace
ORD-105212,2026-09-04 11:14,C00056,SKU-1003,USB-C cable 2m,Cables,2,Rs 850,10,United Kingdom,website
ORD-102770,2025-12-03 16:14,C00429,SKU-1007,Noise cancelling headset,Audio,1,"Rs 6,900",5,pakistan,retail
ORD-101291,2025-03-28 13:14,C00102,SKU-1004,HDMI cable 1.5m,Cables,1,"Rs 1,300",0,PK,retail
ORD-104127,2026-03-29 13:14,C00051,SKU-1003,USB-C cable 2m,Cables,1,Rs 850,10,PK,Website
ORD-102135,2025-10-31 14:14,C00231,SKU-1005,24 inch monitor,Displays,1,"Rs 32,900",0,Pakistan,Website
ORD-105049,2026-08-19 12:14,C00060,SKU-1010,65W GaN charger,Power,2,"Rs 3,900",0,pakistan,Website
ORD-101978,2025-08-30 20:14,C00608,SKU-1004,HDMI cable 1.5m,Cables,1,"Rs 1,300",0,pakistan,retail
ORD-104207,2025-12-26 20:14,C00451,SKU-1003,USB-C cable 2m,Cables,1,Rs 850,5,Saudi Arabia,website
ORD-102654,2025-04-22 20:14,C00227,SKU-1009,Webcam 1080p,Video,1,"Rs 5,400",5,United Arab Emirates,retail
ORD-105114,2026-08-05 09:14,C00338,SKU-1009,Webcam 1080p,Video,1,"Rs 5,400",0,UK,retail
ORD-102866,24/11/2025,C00750,SKU-1004,HDMI cable 1.5m,Cables,2,"Rs 1,300",0,Pakistan,retail
ORD-103622,2026-02-22 11:14,C00779,SKU-1002,Wireless mouse,Peripherals,1,"Rs 2,600",5,UAE,retail
ORD-105887,2025-03-28 07:14,C00001,SKU-1003,USB-C cable 2m,Cables,1,Rs 850,0,Saudi Arabia,website
ORD-103216,2026-02-01 10:14,C00321,SKU-1001,Mechanical keyboard,Peripherals,1,"Rs 9,800",5,PK,marketplace
ORD-104697,2025-05-31 19:14,C00573,SKU-1006,Laptop stand,Accessories,1,"Rs 4,200",0,United Kingdom,Website
ORD-104417,17/12/2025,C00737,SKU-1008,1TB portable SSD,Storage,1,"Rs 13,500",5,Pakistan,Website
ORD-103104,2026-08-08 08:14,C00059,SKU-1003,USB-C cable 2m,Cables,1,Rs 850,0,Saudi Arabia,retail
ORD-100936,2025-11-06 08:14,C00256,SKU-1007,Noise cancelling headset,Audio,1,"Rs 6,900",0,UAE,Website
ORD-102670,2026-03-25 17:14,C00553,SKU-1004,HDMI cable 1.5m,Cables,1,"Rs 1,300",20,UAE,website
ORD-100983,2026-03-05 09:14,C00886,SKU-1001,Mechanical keyboard,Peripherals,2,"Rs 9,800",20,United Arab Emirates,marketplace
ORD-102486,2026-08-11 11:14,C00484,SKU-1004,HDMI cable 1.5m,Cables,1,"Rs 1,300",0,United Arab Emirates,Website
ORD-100371,2025-12-22 09:14,C00256,SKU-1002,Wireless mouse,Peripherals,1,"Rs 2,600",0,Saudi Arabia,marketplace
ORD-103495,22/08/2026,C00048,SKU-1004,HDMI cable 1.5m,Cables,2,"Rs 1,300",20,UAE,website
ORD-102255,2025-08-05 14:14,C00449,SKU-1004,HDMI cable 1.5m,Cables,1,"Rs 1,300",0,United Kingdom,website
ORD-105637,2025-11-17 09:14,C00165,SKU-1009,Webcam 1080p,Video,1,"Rs 5,400",10,United Kingdom,Website
ORD-104940,2026-05-10 10:14,C00329,SKU-1005,24 inch monitor,Displays,2,"Rs 32,900",0,United Kingdom,Website
ORD-101911,2025-07-01 17:14,C00010,SKU-1007,Noise cancelling headset,Audio,1,"Rs 6,900",10,PK,marketplace
ORD-103707,2025-04-30 20:14,C00632,SKU-1006,Laptop stand,Accessories,3,"Rs 4,200",0,UK,Website
ORD-101548,2026-04-21 18:14,C00832,SKU-1004,HDMI cable 1.5m,Cables,3,"Rs 1,300",0,UK,Website
ORD-103646,2026-01-16 11:14,C00028,SKU-1002,Wireless mouse,Peripherals,1,"Rs 2,600",0,UK,Website
ORD-101172,2026-09-01 13:14,C00287,SKU-1005,24 inch monitor,Displays,1,"Rs 32,900",0,Pakistan,Website
ORD-105722,04/04/2025,C00720,SKU-1008,1TB portable SSD,Storage,1,"Rs 13,500",20,Pakistan,Website
ORD-102474,2025-10-12 13:14,C00813,SKU-1002,Wireless mouse,Peripherals,2,"Rs 2,600",5,UK,marketplace
ORD-102524,2025-06-16 07:14,C00011,SKU-1008,1TB portable SSD,Storage,1,"Rs 13,500",0,United Arab Emirates,Website
ORD-105193,2025-07-07 11:14,C00173,SKU-1009,Webcam 1080p,Video,1,"Rs 5,400",0,pakistan,retail
ORD-100041,2025-11-25 13:14,C00624,SKU-1005,24 inch monitor,Displays,1,"Rs 32,900",0,Pakistan,retail
ORD-104107,2026-07-07 12:14,,SKU-1010,65W GaN charger,Power,1,"Rs 3,900",0,PK,website
ORD-105423,2026-01-13 18:14,C00184,SKU-1009,Webcam 1080p,Video,1,"Rs 5,400",5,United Arab Emirates,marketplace
ORD-101836,2026-05-09 07:14,C00345,SKU-1003,USB-C cable 2m,Cables,1,Rs 850,0,UAE,marketplace
ORD-102953,2025-08-23 14:14,C00103,SKU-1009,Webcam 1080p,Video,1,"Rs 5,400",0,Pakistan,marketplace
ORD-101979,2025-10-19 18:14,C00274,SKU-1004,HDMI cable 1.5m,Cables,1,"Rs 1,300",0,Saudi Arabia,marketplace
ORD-104253,2026-05-20 08:14,C00031,SKU-1009,Webcam 1080p,Video,1,"Rs 5,400",0,United Kingdom,Website
ORD-104667,2026-08-30 15:14,C00727,SKU-1005,24 inch monitor,Displays,2,"Rs 32,900",0,UAE,marketplace
ORD-102411,2026-05-03 07:14,C00035,SKU-1001,Mechanical keyboard,Peripherals,2,"Rs 9,800",0,PK,marketplace
ORD-101870,2026-04-22 11:14,C00033,SKU-1010,65W GaN charger,Power,1,"Rs 3,900",0,UAE,marketplace
ORD-101077,2026-06-15 07:14,C00803,SKU-1006,Laptop stand,Accessories,1,"Rs 4,200",0,Saudi Arabia,Website
ORD-102317,2025-08-15 08:14,C00870,SKU-1007,Noise cancelling headset,Audio,1,"Rs 6,900",0,Pakistan,marketplace
ORD-105352,2026-07-25 14:14,C00101,SKU-1004,HDMI cable 1.5m,Cables,1,"Rs 1,300",0,Saudi Arabia,Website
ORD-101683,2025-04-20 09:14,C00009,SKU-1003,USB-C cable 2m,Cables,1,Rs 850,0,UAE,Website
ORD-104845,2026-08-21 17:14,C00058,SKU-1003,USB-C cable 2m,Cables,1,Rs 850,5,United Arab Emirates,retail
ORD-102132,27/08/2025,C00147,SKU-1007,Noise cancelling headset,Audio,1,"Rs 6,900",5,PK,marketplace
ORD-101403,16/01/2026,C00870,SKU-1006,Laptop stand,Accessories,1,"Rs 4,200",0,pakistan,retail
ORD-105747,2025-10-02 09:14,C00623,SKU-1010,65W GaN charger,Power,2,"Rs 3,900",0,UAE,retail
ORD-100191,2025-12-17 12:14,C00525,SKU-1001,Mechanical keyboard,Peripherals,1,"Rs 9,800",0,PK,marketplace
ORD-100204,2025-07-23 09:14,C00045,SKU-1006,Laptop stand,Accessories,2,"Rs 4,200",0,UAE,Website
ORD-104266,2026-04-23 09:14,C00189,SKU-1002,Wireless mouse,Peripherals,-1,"Rs 2,600",0,Saudi Arabia,retail
ORD-103904,2025-10-28 16:14,C00024,SKU-1010,65W GaN charger,Power,-1,"Rs 3,900",0,UAE,website
ORD-102488,2026-01-27 16:14,C00686,SKU-1009,Webcam 1080p,Video,1,"Rs 5,400",0,PK,retail
ORD-104934,2026-02-18 09:14,C00590,SKU-1001,Mechanical keyboard,Peripherals,1,"Rs 9,800",0,United Arab Emirates,Website
ORD-104876,2025-11-07 18:14,C00140,SKU-1003,USB-C cable 2m,Cables,1,Rs 850,5,Pakistan,marketplace
ORD-102197,2026-07-31 11:14,C00027,SKU-1003,USB-C cable 2m,Cables,1,Rs 850,0,Saudi Arabia,retail
ORD-102928,2026-01-18 18:14,C00526,SKU-1001,Mechanical keyboard,Peripherals,2,"Rs 9,800",0,Saudi Arabia,Website
ORD-101955,2026-03-26 13:14,C00075,SKU-1002,Wireless mouse,Peripherals,1,"Rs 2,600",0,United Kingdom,website
ORD-105470,2026-04-23 10:14,C00042,SKU-1008,1TB portable SSD,Storage,3,"Rs 13,500",0,Pakistan,Website
ORD-100198,2025-09-27 07:14,C00822,SKU-1008,1TB portable SSD,Storage,1,"Rs 13,500",20,PK,retail
ORD-103591,2026-02-06 13:14,C00017,SKU-1004,HDMI cable 1.5m,Cables,1,"Rs 1,300",5,United Arab Emirates,marketplace
ORD-102898,2025-06-15 14:14,C00787,SKU-1008,1TB portable SSD,Storage,1,"Rs 13,500",0,United Kingdom,retail
ORD-103538,2025-11-26 16:14,,SKU-1004,HDMI cable 1.5m,Cables,-1,"Rs 1,300",0,Pakistan,Website
ORD-102087,2026-09-03 09:14,C00500,SKU-1009,Webcam 1080p,Video,1,"Rs 5,400",0,United Arab Emirates,marketplace
ORD-102384,2025-10-18 14:14,C00873,SKU-1010,65W GaN charger,Power,2,"Rs 3,900",0,Pakistan,website
ORD-100826,2025-12-24 14:14,C00006,SKU-1008,1TB portable SSD,Storage,1,"Rs 13,500",0,PK,website
ORD-100188,2026-04-17 13:14,C00482,SKU-1001,Mechanical keyboard,Peripherals,2,"Rs 9,800",0,Saudi Arabia,retail
ORD-102030,2025-04-17 11:14,C00307,SKU-1009,Webcam 1080p,Video,1,"Rs 5,400",20,pakistan,retail
ORD-103461,2026-08-04 20:14,C00215,SKU-1010,65W GaN charger,Power,1,"Rs 3,900",0,UAE,marketplace
ORD-103246,2026-01-22 20:14,C00605,SKU-1003,USB-C cable 2m,Cables,1,Rs 850,0,United Arab Emirates,Website
ORD-104806,2025-11-03 11:14,C00049,SKU-1003,USB-C cable 2m,Cables,1,Rs 850,0,UAE,marketplace
ORD-102878,2025-12-10 12:14,C00032,SKU-1007,Noise cancelling headset,Audio,1,"Rs 6,900",0,United Kingdom,Website
ORD-104132,2025-10-20 11:14,C00561,SKU-1009,Webcam 1080p,Video,1,"Rs 5,400",0,PK,Website
ORD-105460,2026-04-19 15:14,C00295,SKU-1004,HDMI cable 1.5m,Cables,1,"Rs 1,300",0,United Kingdom,website
ORD-103536,2025-06-22 17:14,C00048,SKU-1005,24 inch monitor,Displays,1,"Rs 32,900",0,Saudi Arabia,website
ORD-100089,2026-08-10 18:14,C00024,SKU-1006,Laptop stand,Accessories,1,"Rs 4,200",0,United Kingdom,retail
ORD-102972,2025-10-02 19:14,C00441,SKU-1006,Laptop stand,Accessories,1,"Rs 4,200",5,Saudi Arabia,Website
ORD-104079,2026-08-11 09:14,C00612,SKU-1007,Noise cancelling headset,Audio,2,"Rs 6,900",5,United Kingdom,Website
ORD-100898,2025-11-20 16:14,C00029,SKU-1004,HDMI cable 1.5m,Cables,2,"Rs 1,300",0,PK,Website
ORD-105454,2025-06-08 13:14,C00058,SKU-1001,Mechanical keyboard,Peripherals,1,"Rs 9,800",0,Saudi Arabia,Website
ORD-103816,2026-04-03 20:14,C00028,SKU-1003,USB-C cable 2m,Cables,1,Rs 850,5,UK,Website
ORD-105603,2025-08-16 14:14,,SKU-1005,24 inch monitor,Displays,1,"Rs 32,900",5,UK,website
ORD-104548,2026-04-22 09:14,C00050,SKU-1002,Wireless mouse,Peripherals,1,"Rs 2,600",0,Pakistan,marketplace
ORD-102368,2026-05-07 08:14,C00398,SKU-1008,1TB portable SSD,Storage,-2,"Rs 13,500",5,UAE,retail
ORD-102491,2026-08-26 16:14,C00046,SKU-1008,1TB portable SSD,Storage,1,"Rs 13,500",5,Pakistan,website
ORD-101708,2026-04-10 19:14,C00035,SKU-1008,1TB portable SSD,Storage,1,"Rs 13,500",10,United Arab Emirates,website
ORD-101876,2026-04-03 08:14,C00038,SKU-1003,USB-C cable 2m,Cables,1,Rs 850,5,United Kingdom,marketplace
ORD-101752,2026-02-12 20:14,C00477,SKU-1001,Mechanical keyboard,Peripherals,1,"Rs 9,800",0,pakistan,website
ORD-102238,2026-07-15 11:14,C00357,SKU-1004,HDMI cable 1.5m,Cables,1,"Rs 1,300",0,UAE,retail
ORD-102350,2026-02-19 17:14,C00059,SKU-1005,24 inch monitor,Displays,2,"Rs 32,900",0,Saudi Arabia,Website
ORD-103205,2025-11-14 12:14,C00014,SKU-1010,65W GaN charger,Power,1,"Rs 3,900",5,Saudi Arabia,retail
ORD-104138,2026-02-28 16:14,C00394,SKU-1002,Wireless mouse,Peripherals,1,"Rs 2,600",0,Saudi Arabia,website
ORD-101956,2025-05-20 15:14,C00836,SKU-1003,USB-C cable 2m,Cables,2,Rs 850,20,pakistan,Website
ORD-105418,2025-06-22 18:14,C00018,SKU-1001,Mechanical keyboard,Peripherals,1,"Rs 9,800",5,pakistan,Website
ORD-103030,2026-02-14 19:14,C00009,SKU-1004,HDMI cable 1.5m,Cables,2,"Rs 1,300",0,Saudi Arabia,Website
ORD-102036,2026-02-22 20:14,C00028,SKU-1006,Laptop stand,Accessories,1,"Rs 4,200",5,Saudi Arabia,retail
ORD-103401,2026-03-12 18:14,C00517,SKU-1003,USB-C cable 2m,Cables,1,Rs 850,0,UK,marketplace
ORD-103200,2026-09-03 19:14,C00666,SKU-1007,Noise cancelling headset,Audio,1,"Rs 6,900",20,Saudi Arabia,retail
ORD-102431,2025-12-24 15:14,C00753,SKU-1003,USB-C cable 2m,Cables,2,Rs 850,0,UK,marketplace
ORD-104850,2025-05-15 07:14,C00298,SKU-1004,HDMI cable 1.5m,Cables,1,"Rs 1,300",0,PK,website
ORD-100770,2025-08-22 19:14,C00818,SKU-1002,Wireless mouse,Peripherals,1,"Rs 2,600",20,United Arab Emirates,Website
ORD-105066,2026-06-19 17:14,C00033,SKU-1005,24 inch monitor,Displays,1,"Rs 32,900",5,UK,marketplace
ORD-104855,2026-03-12 19:14,C00048,SKU-1006,Laptop stand,Accessories,1,"Rs 4,200",0,pakistan,retail
ORD-104347,2026-04-03 13:14,C00592,SKU-1009,Webcam 1080p,Video,1,"Rs 5,400",20,PK,retail
ORD-103106,2026-05-11 18:14,C00009,SKU-1007,Noise cancelling headset,Audio,1,"Rs 6,900",20,United Arab Emirates,website
ORD-100851,2025-03-29 13:14,C00446,SKU-1005,24 inch monitor,Displays,1,"Rs 32,900",5,UK,Website
ORD-102849,2025-12-06 20:14,C00699,SKU-1010,65W GaN charger,Power,2,"Rs 3,900",0,Pakistan,marketplace
ORD-105236,2026-01-31 07:14,C00040,SKU-1002,Wireless mouse,Peripherals,-1,"Rs 2,600",10,Pakistan,retail
ORD-102447,2025-06-17 08:14,C00606,SKU-1002,Wireless mouse,Peripherals,1,"Rs 2,600",0,UK,Website
ORD-100866,2025-09-28 12:14,C00299,SKU-1003,USB-C cable 2m,Cables,1,Rs 850,0,Saudi Arabia,marketplace
ORD-101662,2025-10-03 12:14,C00029,SKU-1004,HDMI cable 1.5m,Cables,1,"Rs 1,300",5,Saudi Arabia,marketplace
ORD-104951,2026-08-28 07:14,C00580,SKU-1007,Noise cancelling headset,Audio,1,"Rs 6,900",0,United Arab Emirates,marketplace
ORD-105232,2025-09-21 08:14,C00533,SKU-1008,1TB portable SSD,Storage,1,"Rs 13,500",0,pakistan,retail
ORD-101481,2026-05-12 13:14,C00309,SKU-1001,Mechanical keyboard,Peripherals,1,"Rs 9,800",0,Saudi Arabia,retail
ORD-101159,2026-07-31 13:14,C00750,SKU-1008,1TB portable SSD,Storage,2,"Rs 13,500",0,Saudi Arabia,retail
ORD-101088,2025-11-11 08:14,C00066,SKU-1007,Noise cancelling headset,Audio,1,"Rs 6,900",0,UK,marketplace
ORD-104628,2026-02-20 20:14,C00159,SKU-1004,HDMI cable 1.5m,Cables,5,"Rs 1,300",0,Pakistan,marketplace
ORD-101798,2026-03-24 18:14,C00266,SKU-1008,1TB portable SSD,Storage,1,"Rs 13,500",10,pakistan,website
ORD-100665,2026-05-05 12:14,C00040,SKU-1006,Laptop stand,Accessories,1,"Rs 4,200",5,Pakistan,marketplace
ORD-100319,2026-03-04 11:14,C00001,SKU-1002,Wireless mouse,Peripherals,1,"Rs 2,600",0,pakistan,Website
ORD-104907,2025-08-22 20:14,C00385,SKU-1009,Webcam 1080p,Video,2,"Rs 5,400",0,pakistan,website
ORD-105623,2025-04-24 20:14,C00256,SKU-1004,HDMI cable 1.5m,Cables,1,"Rs 1,300",0,United Arab Emirates,website
ORD-101506,2025-09-16 15:14,C00040,SKU-1002,Wireless mouse,Peripherals,2,"Rs 2,600",0,pakistan,Website
ORD-105923,2026-07-17 18:14,C00288,SKU-1008,1TB portable SSD,Storage,1,"Rs 13,500",0,UAE,Website
ORD-103688,2026-03-29 18:14,C00789,SKU-1006,Laptop stand,Accessories,-1,"Rs 4,200",0,Pakistan,retail
ORD-104765,2026-01-16 07:14,C00199,SKU-1004,HDMI cable 1.5m,Cables,1,"Rs 1,300",10,pakistan,website
ORD-100735,2025-07-02 09:14,C00042,SKU-1009,Webcam 1080p,Video,1,"Rs 5,400",0,United Kingdom,website
ORD-104307,2025-06-18 08:14,C00833,SKU-1004,HDMI cable 1.5m,Cables,1,"Rs 1,300",10,UK,Website
ORD-104269,2025-11-14 16:14,C00031,SKU-1001,Mechanical keyboard,Peripherals,1,"Rs 9,800",5,United Kingdom,Website
ORD-101845,2026-05-15 08:14,C00489,SKU-1008,1TB portable SSD,Storage,1,"Rs 13,500",0,Saudi Arabia,website
ORD-102944,2025-11-15 17:14,C00020,SKU-1006,Laptop stand,Accessories,1,"Rs 4,200",20,UK,retail
ORD-104992,2026-07-15 07:14,C00001,SKU-1002,Wireless mouse,Peripherals,2,"Rs 2,600",0,UK,retail
ORD-102815,28/07/2025,C00403,SKU-1003,USB-C cable 2m,Cables,1,Rs 850,0,UK,Website
ORD-105213,2026-06-20 09:14,C00894,SKU-1004,HDMI cable 1.5m,Cables,1,"Rs 1,300",0,United Arab Emirates,retail
ORD-104357,2026-04-20 07:14,C00221,SKU-1004,HDMI cable 1.5m,Cables,1,"Rs 1,300",0,UK,website
ORD-105237,2026-05-17 11:14,C00012,SKU-1003,USB-C cable 2m,Cables,1,Rs 850,0,PK,website
ORD-102417,2025-10-12 08:14,C00055,SKU-1007,Noise cancelling headset,Audio,1,"Rs 6,900",0,pakistan,Website
ORD-101730,2025-05-10 19:14,C00276,SKU-1001,Mechanical keyboard,Peripherals,2,"Rs 9,800",0,UAE,retail
ORD-105223,2025-12-20 18:14,C00737,SKU-1002,Wireless mouse,Peripherals,1,"Rs 2,600",0,United Arab Emirates,website
ORD-105034,2025-09-17 12:14,C00011,SKU-1001,Mechanical keyboard,Peripherals,2,"Rs 9,800",0,UAE,Website
ORD-104927,2026-04-21 20:14,C00004,SKU-1004,HDMI cable 1.5m,Cables,2,"Rs 1,300",0,Pakistan,Website
ORD-102220,2026-03-20 18:14,C00060,SKU-1006,Laptop stand,Accessories,2,"Rs 4,200",0,PK,Website
ORD-105703,28/08/2026,C00049,SKU-1005,24 inch monitor,Displays,1,"Rs 32,900",0,UAE,website
ORD-104412,2026-02-04 18:14,C00561,SKU-1010,65W GaN charger,Power,1,"Rs 3,900",0,PK,marketplace
ORD-105112,2025-07-12 11:14,C00365,SKU-1001,Mechanical keyboard,Peripherals,1,"Rs 9,800",0,UAE,Website
ORD-105653,2025-12-26 10:14,C00608,SKU-1002,Wireless mouse,Peripherals,2,"Rs 2,600",20,Saudi Arabia,retail
ORD-105811,2025-10-20 07:14,C00225,SKU-1003,USB-C cable 2m,Cables,1,Rs 850,0,pakistan,retail
ORD-100427,2025-11-25 12:14,C00020,SKU-1004,HDMI cable 1.5m,Cables,1,"Rs 1,300",0,PK,marketplace
ORD-101766,2025-06-03 10:14,C00006,SKU-1010,65W GaN charger,Power,2,"Rs 3,900",0,Saudi Arabia,Website
ORD-104984,2025-09-13 13:14,C00665,SKU-1004,HDMI cable 1.5m,Cables,5,"Rs 1,300",0,UAE,marketplace
ORD-105076,2025-09-13 19:14,C00307,SKU-1006,Laptop stand,Accessories,1,"Rs 4,200",10,Pakistan,Website
ORD-103392,2025-11-11 17:14,C00430,SKU-1004,HDMI cable 1.5m,Cables,2,"Rs 1,300",0,Saudi Arabia,Website
ORD-105173,2026-05-18 16:14,C00737,SKU-1009,Webcam 1080p,Video,1,"Rs 5,400",0,PK,marketplace
ORD-104172,2025-04-23 19:14,C00171,SKU-1003,USB-C cable 2m,Cables,5,Rs 850,5,UK,retail
ORD-101225,2025-05-18 19:14,C00511,SKU-1009,Webcam 1080p,Video,1,"Rs 5,400",5,Pakistan,website
ORD-101008,2025-12-16 09:14,C00570,SKU-1004,HDMI cable 1.5m,Cables,2,"Rs 1,300",0,United Kingdom,marketplace
ORD-100719,2026-06-13 09:14,C00835,SKU-1001,Mechanical keyboard,Peripherals,1,"Rs 9,800",0,Saudi Arabia,Website
ORD-103069,2026-01-01 15:14,C00724,SKU-1008,1TB portable SSD,Storage,2,"Rs 13,500",0,UK,retail
ORD-102956,2025-05-06 11:14,C00252,SKU-1010,65W GaN charger,Power,1,"Rs 3,900",0,UK,Website
ORD-102746,2026-08-10 13:14,C00419,SKU-1009,Webcam 1080p,Video,2,"Rs 5,400",0,Saudi Arabia,retail
ORD-100952,2025-06-17 07:14,C00039,SKU-1008,1TB portable SSD,Storage,1,"Rs 13,500",0,United Kingdom,retail
ORD-101874,2026-05-20 19:14,C00046,SKU-1003,USB-C cable 2m,Cables,1,Rs 850,0,pakistan,marketplace
ORD-103338,2025-11-12 20:14,C00132,SKU-1005,24 inch monitor,Displays,2,"Rs 32,900",0,UK,website
ORD-104169,2026-01-02 20:14,C00496,SKU-1001,Mechanical keyboard,Peripherals,1,"Rs 9,800",0,United Arab Emirates,website
ORD-102365,2025-06-21 11:14,C00462,SKU-1008,1TB portable SSD,Storage,1,"Rs 13,500",0,PK,marketplace
ORD-100767,2025-12-28 15:14,C00043,SKU-1004,HDMI cable 1.5m,Cables,2,"Rs 1,300",0,United Arab Emirates,website
ORD-101539,2026-02-11 19:14,C00500,SKU-1001,Mechanical keyboard,Peripherals,1,"Rs 9,800",0,Saudi Arabia,website
ORD-100881,2026-04-05 13:14,C00351,SKU-1008,1TB portable SSD,Storage,1,"Rs 13,500",5,PK,Website
ORD-104291,2026-03-16 20:14,,SKU-1001,Mechanical keyboard,Peripherals,1,"Rs 9,800",0,UK,retail
ORD-102686,2026-08-18 13:14,C00160,SKU-1006,Laptop stand,Accessories,1,"Rs 4,200",5,UK,marketplace
ORD-104966,2025-10-23 09:14,C00052,SKU-1005,24 inch monitor,Displays,1,"Rs 32,900",10,UK,retail
ORD-104556,2025-09-05 15:14,C00009,SKU-1008,1TB portable SSD,Storage,1,"Rs 13,500",5,United Arab Emirates,website
ORD-104218,2026-06-26 11:14,C00482,SKU-1003,USB-C cable 2m,Cables,1,Rs 850,5,UK,Website
ORD-102342,2025-09-27 15:14,C00753,SKU-1006,Laptop stand,Accessories,5,"Rs 4,200",0,United Kingdom,website
ORD-103155,2026-03-28 18:14,C00578,SKU-1002,Wireless mouse,Peripherals,1,,10,United Kingdom,website
ORD-103458,2025-04-06 11:14,C00354,SKU-1002,Wireless mouse,Peripherals,1,"Rs 2,600",0,UAE,Website
ORD-102950,2026-08-13 09:14,C00030,SKU-1003,USB-C cable 2m,Cables,1,Rs 850,0,Saudi Arabia,retail
ORD-100461,2025-04-08 14:14,C00229,SKU-1001,Mechanical keyboard,Peripherals,1,"Rs 9,800",0,UAE,website
ORD-102828,2025-10-11 15:14,C00036,SKU-1003,USB-C cable 2m,Cables,3,Rs 850,0,pakistan,Website
ORD-101696,2026-03-06 18:14,C00511,SKU-1005,24 inch monitor,Displays,2,"Rs 32,900",0,United Kingdom,Website
ORD-102204,2026-08-04 14:14,C00444,SKU-1005,24 inch monitor,Displays,1,"Rs 32,900",0,Pakistan,marketplace
ORD-102196,2025-06-02 14:14,C00523,SKU-1008,1TB portable SSD,Storage,1,"Rs 13,500",0,United Arab Emirates,marketplace
ORD-103096,2026-04-06 10:14,C00632,SKU-1002,Wireless mouse,Peripherals,2,"Rs 2,600",5,United Kingdom,website
ORD-100810,2026-05-03 17:14,C00635,SKU-1009,Webcam 1080p,Video,1,"Rs 5,400",0,United Arab Emirates,retail
ORD-104897,2026-03-19 18:14,C00885,SKU-1010,65W GaN charger,Power,1,"Rs 3,900",5,United Arab Emirates,marketplace
ORD-100639,2026-08-22 17:14,C00039,SKU-1005,24 inch monitor,Displays,1,"Rs 32,900",0,pakistan,retail
ORD-101158,2026-06-17 09:14,C00114,SKU-1002,Wireless mouse,Peripherals,2,,0,UK,website
ORD-103941,2025-06-20 08:14,C00053,SKU-1002,Wireless mouse,Peripherals,1,"Rs 2,600",0,Pakistan,retail
ORD-104394,2025-11-22 17:14,,SKU-1001,Mechanical keyboard,Peripherals,3,"Rs 9,800",0,UK,website
ORD-102458,2026-05-10 14:14,C00366,SKU-1003,USB-C cable 2m,Cables,1,Rs 850,0,United Kingdom,website
ORD-100262,2026-05-12 16:14,C00363,SKU-1002,Wireless mouse,Peripherals,1,"Rs 2,600",20,United Kingdom,retail
ORD-102696,24/08/2025,C00038,SKU-1004,HDMI cable 1.5m,Cables,1,"Rs 1,300",0,United Kingdom,Website
ORD-102850,2025-08-24 08:14,C00664,SKU-1002,Wireless mouse,Peripherals,1,"Rs 2,600",5,Saudi Arabia,marketplace
ORD-100872,2025-04-06 20:14,C00011,SKU-1007,Noise cancelling headset,Audio,1,"Rs 6,900",0,pakistan,website
ORD-102419,2026-09-07 09:14,C00163,SKU-1010,65W GaN charger,Power,2,"Rs 3,900",0,PK,marketplace
ORD-103642,2025-03-29 20:14,C00003,SKU-1007,Noise cancelling headset,Audio,1,"Rs 6,900",0,United Arab Emirates,website
ORD-105098,2026-05-27 13:14,C00025,SKU-1007,Noise cancelling headset,Audio,1,"Rs 6,900",0,United Arab Emirates,retail
ORD-104763,2025-06-17 17:14,C00031,SKU-1010,65W GaN charger,Power,1,"Rs 3,900",0,Pakistan,retail
ORD-105064,2026-06-24 13:14,C00019,SKU-1007,Noise cancelling headset,Audio,1,"Rs 6,900",0,UK,website
ORD-102717,2025-11-05 20:14,C00038,SKU-1009,Webcam 1080p,Video,1,"Rs 5,400",5,PK,Website
ORD-104410,2026-01-03 16:14,C00044,SKU-1002,Wireless mouse,Peripherals,1,"Rs 2,600",5,UAE,Website
ORD-100315,2025-09-24 12:14,C00862,SKU-1001,Mechanical keyboard,Peripherals,1,"Rs 9,800",0,United Kingdom,Website
ORD-105851,2026-07-10 20:14,C00573,SKU-1004,HDMI cable 1.5m,Cables,1,"Rs 1,300",0,PK,Website
ORD-102130,2026-08-23 13:14,C00611,SKU-1006,Laptop stand,Accessories,1,"Rs 4,200",0,United Arab Emirates,retail
ORD-105839,2025-05-16 20:14,C00019,SKU-1006,Laptop stand,Accessories,1,"Rs 4,200",0,Pakistan,Website
ORD-101694,2026-08-12 13:14,C00805,SKU-1008,1TB portable SSD,Storage,1,"Rs 13,500",5,United Arab Emirates,website
ORD-105489,2026-08-30 14:14,C00102,SKU-1005,24 inch monitor,Displays,1,"Rs 32,900",0,United Kingdom,retail
ORD-100492,2026-06-13 16:14,C00858,SKU-1008,1TB portable SSD,Storage,1,"Rs 13,500",0,UAE,website
ORD-101030,2026-06-11 15:14,C00806,SKU-1005,24 inch monitor,Displays,2,"Rs 32,900",10,pakistan,website
ORD-103807,2025-05-16 20:14,C00011,SKU-1005,24 inch monitor,Displays,3,"Rs 32,900",0,UK,marketplace
ORD-100870,2025-11-24 10:14,C00759,SKU-1006,Laptop stand,Accessories,1,"Rs 4,200",0,UAE,website
ORD-105170,2025-07-24 18:14,C00031,SKU-1008,1TB portable SSD,Storage,1,"Rs 13,500",0,UAE,Website
ORD-101575,2025-09-06 08:14,C00025,SKU-1005,24 inch monitor,Displays,1,"Rs 32,900",0,Saudi Arabia,website
ORD-103078,2026-04-16 14:14,C00027,SKU-1004,HDMI cable 1.5m,Cables,5,"Rs 1,300",10,United Kingdom,retail
ORD-105854,2025-10-09 10:14,C00826,SKU-1007,Noise cancelling headset,Audio,1,"Rs 6,900",0,pakistan,retail
ORD-101615,2025-06-22 09:14,C00030,SKU-1006,Laptop stand,Accessories,1,"Rs 4,200",0,UAE,Website
ORD-102081,2026-03-14 17:14,C00028,SKU-1002,Wireless mouse,Peripherals,5,"Rs 2,600",0,Saudi Arabia,retail
ORD-100661,2025-09-30 20:14,C00692,SKU-1010,65W GaN charger,Power,2,"Rs 3,900",0,PK,marketplace
ORD-102319,2025-11-27 14:14,C00489,SKU-1007,Noise cancelling headset,Audio,1,"Rs 6,900",0,Pakistan,Website
ORD-105888,2025-05-29 14:14,C00823,SKU-1008,1TB portable SSD,Storage,1,"Rs 13,500",0,pakistan,Website
ORD-101898,2025-09-26 18:14,C00049,SKU-1003,USB-C cable 2m,Cables,1,Rs 850,0,UK,website
ORD-102851,2026-01-05 13:14,C00037,SKU-1007,Noise cancelling headset,Audio,3,"Rs 6,900",0,UAE,Website
ORD-103552,2026-01-21 08:14,C00669,SKU-1003,USB-C cable 2m,Cables,1,Rs 850,5,Saudi Arabia,retail
ORD-103806,2026-01-07 07:14,C00029,SKU-1001,Mechanical keyboard,Peripherals,1,"Rs 9,800",0,United Kingdom,website
ORD-105455,2026-04-09 07:14,C00227,SKU-1003,USB-C cable 2m,Cables,2,Rs 850,0,Pakistan,marketplace
ORD-101300,2025-05-07 08:14,C00440,SKU-1008,1TB portable SSD,Storage,-1,"Rs 13,500",0,pakistan,Website
ORD-105380,2025-05-20 17:14,C00024,SKU-1009,Webcam 1080p,Video,2,"Rs 5,400",0,PK,Website
ORD-101897,2026-06-29 08:14,C00521,SKU-1004,HDMI cable 1.5m,Cables,2,"Rs 1,300",10,United Arab Emirates,retail
ORD-100341,2025-12-05 07:14,C00497,SKU-1001,Mechanical keyboard,Peripherals,1,"Rs 9,800",0,PK,Website
ORD-100916,2026-08-22 17:14,C00403,SKU-1010,65W GaN charger,Power,1,"Rs 3,900",0,UAE,website
ORD-101096,2026-08-25 15:14,C00545,SKU-1008,1TB portable SSD,Storage,1,"Rs 13,500",0,PK,website
ORD-101721,2025-11-09 10:14,C00892,SKU-1004,HDMI cable 1.5m,Cables,1,"Rs 1,300",0,UK,Website
ORD-105224,2026-06-03 12:14,C00264,SKU-1007,Noise cancelling headset,Audio,1,"Rs 6,900",10,UAE,retail
ORD-102600,2025-09-26 09:14,C00499,SKU-1005,24 inch monitor,Displays,-1,"Rs 32,900",0,PK,Website
ORD-105336,2026-05-07 08:14,C00163,SKU-1007,Noise cancelling headset,Audio,1,"Rs 6,900",0,Pakistan,retail
ORD-100977,2025-12-19 17:14,C00045,SKU-1008,1TB portable SSD,Storage,1,"Rs 13,500",0,pakistan,marketplace
ORD-102799,2026-08-06 11:14,C00390,SKU-1005,24 inch monitor,Displays,1,"Rs 32,900",0,United Kingdom,website
ORD-100925,2025-09-19 15:14,C00026,SKU-1008,1TB portable SSD,Storage,1,"Rs 13,500",0,Saudi Arabia,Website
ORD-104457,2026-01-04 10:14,C00069,SKU-1008,1TB portable SSD,Storage,1,"Rs 13,500",0,pakistan,Website
ORD-102548,2026-06-04 18:14,C00826,SKU-1009,Webcam 1080p,Video,1,"Rs 5,400",0,United Arab Emirates,website
ORD-101470,2025-07-29 17:14,C00060,SKU-1005,24 inch monitor,Displays,3,"Rs 32,900",0,UK,website
ORD-100016,2026-07-29 16:14,C00018,SKU-1002,Wireless mouse,Peripherals,-1,"Rs 2,600",0,UAE,marketplace
ORD-103464,2026-01-26 11:14,C00014,SKU-1007,Noise cancelling headset,Audio,1,"Rs 6,900",5,United Kingdom,retail
ORD-105921,26/08/2026,C00667,SKU-1001,Mechanical keyboard,Peripherals,1,"Rs 9,800",0,UAE,website
ORD-104707,2025-10-21 12:14,C00609,SKU-1005,24 inch monitor,Displays,1,"Rs 32,900",0,PK,retail
ORD-104131,2026-02-02 16:14,C00652,SKU-1003,USB-C cable 2m,Cables,1,Rs 850,0,Pakistan,marketplace
ORD-104866,2026-01-16 11:14,C00897,SKU-1006,Laptop stand,Accessories,1,"Rs 4,200",0,Pakistan,Website
ORD-103578,2025-11-05 17:14,C00588,SKU-1006,Laptop stand,Accessories,1,"Rs 4,200",20,pakistan,marketplace
ORD-104679,2025-10-13 19:14,C00441,SKU-1009,Webcam 1080p,Video,1,"Rs 5,400",0,PK,website
ORD-101724,2025-08-31 16:14,C00010,SKU-1003,USB-C cable 2m,Cables,1,Rs 850,0,United Arab Emirates,website
ORD-101823,2026-05-02 20:14,C00045,SKU-1005,24 inch monitor,Displays,2,"Rs 32,900",0,United Kingdom,retail
ORD-103170,2025-10-06 09:14,C00729,SKU-1010,65W GaN charger,Power,1,"Rs 3,900",5,pakistan,website
ORD-104108,2026-04-16 11:14,C00388,SKU-1002,Wireless mouse,Peripherals,1,"Rs 2,600",0,United Arab Emirates,website
ORD-105463,2025-11-02 15:14,C00049,SKU-1010,65W GaN charger,Power,1,"Rs 3,900",5,Saudi Arabia,Website
ORD-102543,2026-04-17 13:14,C00568,SKU-1010,65W GaN charger,Power,2,"Rs 3,900",10,United Kingdom,retail
ORD-102330,2025-09-12 14:14,C00798,SKU-1002,Wireless mouse,Peripherals,1,"Rs 2,600",10,UK,Website
ORD-102139,2025-08-28 08:14,C00585,SKU-1008,1TB portable SSD,Storage,5,"Rs 13,500",20,UAE,marketplace
ORD-104029,2026-04-04 07:14,C00718,SKU-1004,HDMI cable 1.5m,Cables,3,"Rs 1,300",0,Pakistan,retail
ORD-104850,2025-05-15 07:14,C00298,SKU-1004,HDMI cable 1.5m,Cables,1,"Rs 1,300",0,PK,website
ORD-100161,2025-06-20 17:14,C00043,SKU-1009,Webcam 1080p,Video,1,"Rs 5,400",0,Saudi Arabia,website
ORD-105026,2025-12-07 14:14,C00112,SKU-1005,24 inch monitor,Displays,1,"Rs 32,900",0,Pakistan,marketplace
ORD-102809,2025-09-21 07:14,C00021,SKU-1002,Wireless mouse,Peripherals,1,"Rs 2,600",0,UK,retail
ORD-100607,2026-04-25 17:14,C00018,SKU-1003,USB-C cable 2m,Cables,1,Rs 850,10,PK,Website
ORD-104798,21/02/2026,C00225,SKU-1002,Wireless mouse,Peripherals,1,"Rs 2,600",0,UK,website
ORD-103784,2025-11-05 14:14,C00038,SKU-1001,Mechanical keyboard,Peripherals,1,"Rs 9,800",5,United Arab Emirates,marketplace
ORD-103035,2025-08-09 15:14,C00337,SKU-1010,65W GaN charger,Power,1,"Rs 3,900",0,UK,marketplace
ORD-104046,2026-08-05 10:14,C00010,SKU-1008,1TB portable SSD,Storage,1,"Rs 13,500",0,UK,retail
ORD-104282,2025-11-27 10:14,C00039,SKU-1009,Webcam 1080p,Video,2,"Rs 5,400",5,Pakistan,website
ORD-103036,2025-12-10 12:14,,SKU-1007,Noise cancelling headset,Audio,1,"Rs 6,900",10,UK,Website
ORD-105008,2026-07-28 13:14,C00464,SKU-1002,Wireless mouse,Peripherals,1,"Rs 2,600",0,UK,marketplace
ORD-101949,2025-12-18 11:14,C00061,SKU-1002,Wireless mouse,Peripherals,1,"Rs 2,600",0,UAE,Website
ORD-104295,19/06/2026,C00051,SKU-1008,1TB portable SSD,Storage,1,"Rs 13,500",0,United Kingdom,retail
ORD-103660,2025-11-02 12:14,C00681,SKU-1009,Webcam 1080p,Video,2,"Rs 5,400",10,PK,marketplace
ORD-102003,2026-07-12 17:14,C00002,SKU-1006,Laptop stand,Accessories,1,"Rs 4,200",0,Pakistan,website
ORD-105317,2026-04-29 07:14,C00116,SKU-1006,Laptop stand,Accessories,2,"Rs 4,200",10,Saudi Arabia,website
ORD-103780,2026-09-02 07:14,C00019,SKU-1001,Mechanical keyboard,Peripherals,1,"Rs 9,800",0,UAE,retail
ORD-104503,2025-12-07 09:14,C00028,SKU-1010,65W GaN charger,Power,1,"Rs 3,900",0,Pakistan,website
ORD-105415,2025-10-30 15:14,C00047,SKU-1004,HDMI cable 1.5m,Cables,1,"Rs 1,300",0,pakistan,marketplace
ORD-100712,2026-06-02 18:14,C00788,SKU-1009,Webcam 1080p,Video,1,"Rs 5,400",0,UK,marketplace
ORD-100771,2025-04-21 15:14,C00713,SKU-1004,HDMI cable 1.5m,Cables,1,"Rs 1,300",0,Pakistan,Website
ORD-100105,2026-01-03 13:14,C00817,SKU-1003,USB-C cable 2m,Cables,3,Rs 850,0,Saudi Arabia,retail
ORD-103619,2026-02-04 13:14,C00036,SKU-1010,65W GaN charger,Power,1,"Rs 3,900",0,Saudi Arabia,website
ORD-102810,2026-02-01 11:14,C00085,SKU-1006,Laptop stand,Accessories,1,"Rs 4,200",0,pakistan,Website
ORD-105736,2026-05-27 08:14,C00093,SKU-1008,1TB portable SSD,Storage,1,"Rs 13,500",0,United Kingdom,retail
ORD-102596,2026-01-15 14:14,C00029,SKU-1002,Wireless mouse,Peripherals,1,"Rs 2,600",0,United Kingdom,retail
ORD-102048,2026-03-01 13:14,C00681,SKU-1004,HDMI cable 1.5m,Cables,1,"Rs 1,300",0,UAE,retail
ORD-100547,2026-03-15 16:14,C00422,SKU-1005,24 inch monitor,Displays,1,"Rs 32,900",0,PK,marketplace
ORD-103692,2026-08-04 18:14,C00011,SKU-1007,Noise cancelling headset,Audio,3,"Rs 6,900",0,pakistan,marketplace
ORD-103663,2026-08-22 12:14,C00140,SKU-1007,Noise cancelling headset,Audio,2,"Rs 6,900",0,Pakistan,Website
ORD-104326,2025-08-15 17:14,C00209,SKU-1007,Noise cancelling headset,Audio,1,"Rs 6,900",0,UAE,marketplace
ORD-104932,2026-02-26 07:14,C00544,SKU-1008,1TB portable SSD,Storage,2,"Rs 13,500",10,United Kingdom,retail
ORD-105168,2025-04-07 19:14,C00784,SKU-1010,65W GaN charger,Power,5,"Rs 3,900",0,PK,retail
ORD-102477,2026-01-29 10:14,C00288,SKU-1010,65W GaN charger,Power,1,"Rs 3,900",0,PK,website
ORD-102701,2025-10-28 16:14,C00017,SKU-1004,HDMI cable 1.5m,Cables,2,"Rs 1,300",0,PK,Website
ORD-100980,2026-04-23 20:14,C00054,SKU-1001,Mechanical keyboard,Peripherals,1,"Rs 9,800",0,UAE,marketplace
ORD-100003,2025-04-27 10:14,C00607,SKU-1004,HDMI cable 1.5m,Cables,1,"Rs 1,300",0,United Arab Emirates,marketplace
ORD-100428,2026-05-27 14:14,C00067,SKU-1008,1TB portable SSD,Storage,1,"Rs 13,500",0,United Arab Emirates,marketplace
ORD-105794,2026-09-03 11:14,C00010,SKU-1002,Wireless mouse,Peripherals,-1,"Rs 2,600",5,pakistan,Website
ORD-104373,2026-04-10 07:14,C00010,SKU-1009,Webcam 1080p,Video,1,"Rs 5,400",0,UK,marketplace
ORD-101477,2025-11-20 15:14,C00022,SKU-1010,65W GaN charger,Power,1,"Rs 3,900",0,United Arab Emirates,Website
ORD-104516,2026-05-20 08:14,C00047,SKU-1003,USB-C cable 2m,Cables,1,Rs 850,0,UK,marketplace
ORD-102244,2026-04-24 09:14,C00035,SKU-1003,USB-C cable 2m,Cables,1,Rs 850,0,Saudi Arabia,marketplace
ORD-103050,2026-03-04 09:14,C00709,SKU-1010,65W GaN charger,Power,1,"Rs 3,900",0,Pakistan,marketplace
ORD-101821,27/07/2025,C00680,SKU-1005,24 inch monitor,Displays,1,"Rs 32,900",0,UAE,marketplace
ORD-101281,2025-09-02 18:14,C00130,SKU-1009,Webcam 1080p,Video,3,"Rs 5,400",0,PK,retail
ORD-101491,2026-06-29 17:14,C00016,SKU-1001,Mechanical keyboard,Peripherals,1,"Rs 9,800",0,Pakistan,retail
ORD-104539,2026-04-13 10:14,C00013,SKU-1004,HDMI cable 1.5m,Cables,1,"Rs 1,300",0,United Kingdom,website
ORD-104151,2026-08-16 12:14,C00208,SKU-1003,USB-C cable 2m,Cables,1,Rs 850,20,United Kingdom,marketplace
ORD-105772,2026-02-23 10:14,C00013,SKU-1006,Laptop stand,Accessories,1,"Rs 4,200",0,Saudi Arabia,website
ORD-100109,2025-08-29 19:14,C00778,SKU-1006,Laptop stand,Accessories,1,"Rs 4,200",5,PK,retail
ORD-102183,2025-11-30 09:14,C00005,SKU-1003,USB-C cable 2m,Cables,1,Rs 850,0,PK,website
ORD-105878,2025-12-12 18:14,C00005,SKU-1006,Laptop stand,Accessories,1,"Rs 4,200",0,pakistan,Website
ORD-104978,2025-07-15 10:14,C00780,SKU-1007,Noise cancelling headset,Audio,5,"Rs 6,900",0,PK,website
ORD-102257,2025-04-14 14:14,C00350,SKU-1008,1TB portable SSD,Storage,2,"Rs 13,500",10,United Arab Emirates,Website
ORD-103682,2026-08-15 12:14,C00056,SKU-1001,Mechanical keyboard,Peripherals,3,"Rs 9,800",0,Saudi Arabia,retail
ORD-101349,2025-07-20 07:14,C00224,SKU-1007,Noise cancelling headset,Audio,2,"Rs 6,900",0,Pakistan,Website
ORD-104799,2026-04-20 17:14,C00531,SKU-1004,HDMI cable 1.5m,Cables,1,"Rs 1,300",10,pakistan,Website
ORD-105581,2025-08-27 07:14,,SKU-1007,Noise cancelling headset,Audio,1,"Rs 6,900",10,United Kingdom,website
ORD-104805,2025-05-31 19:14,C00753,SKU-1006,Laptop stand,Accessories,1,"Rs 4,200",0,United Kingdom,Website
ORD-100439,2026-08-19 08:14,C00026,SKU-1003,USB-C cable 2m,Cables,1,Rs 850,20,UAE,retail
ORD-103656,2025-05-16 13:14,C00004,SKU-1006,Laptop stand,Accessories,1,"Rs 4,200",0,Saudi Arabia,retail
ORD-105383,2025-10-22 16:14,C00047,SKU-1003,USB-C cable 2m,Cables,2,Rs 850,0,Saudi Arabia,retail
ORD-103815,2025-06-28 18:14,C00066,SKU-1005,24 inch monitor,Displays,1,"Rs 32,900",0,Saudi Arabia,Website
ORD-101950,2026-04-21 07:14,C00108,SKU-1002,Wireless mouse,Peripherals,1,"Rs 2,600",0,United Kingdom,Website
ORD-103263,2025-08-15 10:14,C00112,SKU-1005,24 inch monitor,Displays,3,"Rs 32,900",10,pakistan,Website
ORD-104427,2025-07-10 15:14,,SKU-1007,Noise cancelling headset,Audio,1,"Rs 6,900",0,UK,website
ORD-101245,2025-07-09 13:14,C00068,SKU-1004,HDMI cable 1.5m,Cables,1,"Rs 1,300",0,United Kingdom,website
ORD-101101,2025-06-01 19:14,C00010,SKU-1005,24 inch monitor,Displays,1,"Rs 32,900",0,Saudi Arabia,website
ORD-100933,2025-10-01 08:14,C00849,SKU-1002,Wireless mouse,Peripherals,2,"Rs 2,600",0,pakistan,Website
ORD-105673,2025-12-20 12:14,C00759,SKU-1005,24 inch monitor,Displays,1,"Rs 32,900",0,United Kingdom,Website
ORD-104637,2026-07-25 07:14,C00514,SKU-1008,1TB portable SSD,Storage,2,"Rs 13,500",5,Pakistan,retail
ORD-105384,2025-07-23 10:14,C00022,SKU-1010,65W GaN charger,Power,2,"Rs 3,900",5,pakistan,Website
ORD-101373,2026-08-18 07:14,C00036,SKU-1001,Mechanical keyboard,Peripherals,1,"Rs 9,800",5,pakistan,marketplace
ORD-100835,2026-02-22 09:14,C00160,SKU-1005,24 inch monitor,Displays,1,"Rs 32,900",0,Saudi Arabia,retail
ORD-100194,2025-05-25 08:14,C00052,SKU-1002,Wireless mouse,Peripherals,2,"Rs 2,600",5,Saudi Arabia,website
ORD-103504,2026-06-16 07:14,C00066,SKU-1007,Noise cancelling headset,Audio,1,"Rs 6,900",5,pakistan,Website
ORD-102115,2025-06-10 09:14,C00031,SKU-1009,Webcam 1080p,Video,1,"Rs 5,400",0,Pakistan,website
ORD-104387,05/04/2025,C00031,SKU-1004,HDMI cable 1.5m,Cables,1,"Rs 1,300",0,United Kingdom,website
ORD-104452,2025-12-16 11:14,C00028,SKU-1009,Webcam 1080p,Video,2,"Rs 5,400",0,PK,retail
ORD-100033,2026-09-05 14:14,C00691,SKU-1006,Laptop stand,Accessories,2,"Rs 4,200",0,United Kingdom,website
ORD-103128,2025-03-25 15:14,C00084,SKU-1001,Mechanical keyboard,Peripherals,-2,"Rs 9,800",0,United Kingdom,marketplace
ORD-100963,2025-08-08 13:14,C00015,SKU-1001,Mechanical keyboard,Peripherals,1,"Rs 9,800",0,United Kingdom,retail
ORD-102479,2026-03-22 18:14,C00005,SKU-1008,1TB portable SSD,Storage,2,"Rs 13,500",0,United Arab Emirates,website
ORD-102497,2026-02-04 11:14,C00135,SKU-1007,Noise cancelling headset,Audio,2,"Rs 6,900",0,Pakistan,website
ORD-100132,2026-04-16 16:14,C00587,SKU-1010,65W GaN charger,Power,1,"Rs 3,900",0,UK,Website
ORD-102591,2025-11-30 12:14,C00276,SKU-1007,Noise cancelling headset,Audio,3,"Rs 6,900",0,pakistan,website
ORD-104538,2025-08-31 16:14,C00035,SKU-1005,24 inch monitor,Displays,2,"Rs 32,900",5,United Kingdom,website
ORD-104391,2025-10-04 18:14,C00033,SKU-1004,HDMI cable 1.5m,Cables,1,"Rs 1,300",10,Pakistan,marketplace
ORD-105499,2025-09-22 17:14,C00017,SKU-1005,24 inch monitor,Displays,2,"Rs 32,900",0,United Arab Emirates,retail
ORD-103800,2025-10-13 19:14,C00691,SKU-1004,HDMI cable 1.5m,Cables,1,"Rs 1,300",10,Pakistan,Website
ORD-102735,2025-07-21 20:14,C00014,SKU-1001,Mechanical keyboard,Peripherals,1,"Rs 9,800",10,UK,website
ORD-103908,2026-02-18 15:14,C00026,SKU-1008,1TB portable SSD,Storage,2,"Rs 13,500",0,pakistan,website
ORD-105119,2025-09-04 20:14,C00056,SKU-1008,1TB portable SSD,Storage,3,"Rs 13,500",0,UK,Website
ORD-105562,2025-07-02 14:14,C00381,SKU-1009,Webcam 1080p,Video,1,"Rs 5,400",0,UK,website
ORD-101466,2025-08-13 07:14,C00575,SKU-1002,Wireless mouse,Peripherals,2,"Rs 2,600",0,Saudi Arabia,marketplace
ORD-105726,2026-01-31 07:14,C00055,SKU-1001,Mechanical keyboard,Peripherals,1,"Rs 9,800",0,United Kingdom,marketplace
ORD-104514,2026-06-22 12:14,C00755,SKU-1002,Wireless mouse,Peripherals,1,"Rs 2,600",5,United Arab Emirates,Website
ORD-101905,2026-09-12 13:14,C00635,SKU-1008,1TB portable SSD,Storage,2,"Rs 13,500",5,United Arab Emirates,website
ORD-105678,11/06/2026,C00015,SKU-1001,Mechanical keyboard,Peripherals,1,"Rs 9,800",20,Pakistan,Website
ORD-100396,2025-03-27 14:14,C00392,SKU-1005,24 inch monitor,Displays,1,"Rs 32,900",0,United Kingdom,website
ORD-104811,2026-04-14 16:14,C00022,SKU-1006,Laptop stand,Accessories,2,"Rs 4,200",0,Pakistan,website
ORD-102329,2025-10-23 11:14,C00305,SKU-1004,HDMI cable 1.5m,Cables,1,"Rs 1,300",0,United Arab Emirates,marketplace
ORD-100877,2025-07-31 17:14,C00019,SKU-1005,24 inch monitor,Displays,5,"Rs 32,900",5,Pakistan,website
ORD-103299,2025-08-15 11:14,C00346,SKU-1005,24 inch monitor,Displays,2,"Rs 32,900",0,UK,website
ORD-100592,2025-12-25 15:14,C00041,SKU-1006,Laptop stand,Accessories,1,"Rs 4,200",0,pakistan,retail
ORD-101107,04/07/2026,C00853,SKU-1005,24 inch monitor,Displays,1,"Rs 32,900",0,United Arab Emirates,retail
ORD-101018,2025-09-13 08:14,C00137,SKU-1001,Mechanical keyboard,Peripherals,1,"Rs 9,800",0,United Kingdom,marketplace
ORD-100345,2026-02-08 17:14,C00004,SKU-1002,Wireless mouse,Peripherals,1,"Rs 2,600",5,UK,Website
ORD-103867,2026-01-19 09:14,C00046,SKU-1007,Noise cancelling headset,Audio,1,"Rs 6,900",0,UK,retail
ORD-100838,18/09/2025,C00030,SKU-1010,65W GaN charger,Power,1,"Rs 3,900",0,Saudi Arabia,website
ORD-103626,2025-07-02 09:14,C00105,SKU-1007,Noise cancelling headset,Audio,2,"Rs 6,900",0,United Kingdom,marketplace
ORD-100858,2026-01-02 11:14,C00181,SKU-1007,Noise cancelling headset,Audio,1,"Rs 6,900",5,UAE,website
ORD-102858,2026-04-15 15:14,C00209,SKU-1007,Noise cancelling headset,Audio,1,"Rs 6,900",0,Saudi Arabia,retail
ORD-102773,2025-06-13 20:14,C00775,SKU-1006,Laptop stand,Accessories,1,"Rs 4,200",0,United Kingdom,marketplace
ORD-104404,2026-07-31 13:14,C00006,SKU-1006,Laptop stand,Accessories,2,"Rs 4,200",0,UK,website
ORD-105592,2025-06-29 10:14,C00044,SKU-1005,24 inch monitor,Displays,1,"Rs 32,900",0,UK,Website
ORD-105192,2026-02-28 16:14,C00499,SKU-1008,1TB portable SSD,Storage,2,"Rs 13,500",0,UAE,marketplace
ORD-100480,2026-07-08 10:14,C00478,SKU-1003,USB-C cable 2m,Cables,1,Rs 850,0,pakistan,marketplace
ORD-102376,2025-12-09 20:14,C00067,SKU-1006,Laptop stand,Accessories,1,"Rs 4,200",0,United Kingdom,marketplace
ORD-101200,2026-03-20 18:14,C00056,SKU-1003,USB-C cable 2m,Cables,1,Rs 850,20,United Arab Emirates,retail
ORD-103861,2026-04-09 08:14,C00128,SKU-1008,1TB portable SSD,Storage,1,"Rs 13,500",0,Pakistan,retail
ORD-104719,2026-04-06 20:14,C00308,SKU-1008,1TB portable SSD,Storage,2,"Rs 13,500",0,pakistan,website
ORD-105937,2025-09-11 07:14,C00034,SKU-1007,Noise cancelling headset,Audio,1,"Rs 6,900",0,pakistan,Website
ORD-101732,2025-06-13 07:14,C00108,SKU-1006,Laptop stand,Accessories,1,"Rs 4,200",0,UAE,Website
ORD-103219,2026-08-31 11:14,C00042,SKU-1004,HDMI cable 1.5m,Cables,2,"Rs 1,300",0,Pakistan,Website
ORD-100595,2026-07-31 08:14,C00228,SKU-1009,Webcam 1080p,Video,1,"Rs 5,400",0,UAE,retail
ORD-102502,2026-05-23 08:14,C00896,SKU-1007,Noise cancelling headset,Audio,2,"Rs 6,900",0,United Kingdom,retail
ORD-105904,2025-12-02 09:14,C00047,SKU-1007,Noise cancelling headset,Audio,3,"Rs 6,900",0,UAE,marketplace
ORD-103838,2025-08-17 08:14,C00351,SKU-1008,1TB portable SSD,Storage,1,"Rs 13,500",10,United Kingdom,retail
ORD-104960,2026-03-12 12:14,C00137,SKU-1005,24 inch monitor,Displays,1,"Rs 32,900",20,UK,retail
ORD-101616,2026-04-05 16:14,C00169,SKU-1003,USB-C cable 2m,Cables,1,Rs 850,0,PK,retail
ORD-103280,06/08/2025,C00027,SKU-1007,Noise cancelling headset,Audio,3,"Rs 6,900",0,UAE,marketplace
ORD-101820,2026-04-10 08:14,C00050,SKU-1010,65W GaN charger,Power,1,"Rs 3,900",10,United Kingdom,marketplace
ORD-102709,2026-07-14 20:14,C00002,SKU-1003,USB-C cable 2m,Cables,1,Rs 850,0,pakistan,website
ORD-100298,2026-09-06 17:14,C00039,SKU-1006,Laptop stand,Accessories,1,"Rs 4,200",10,PK,marketplace
ORD-101024,2025-10-23 11:14,C00163,SKU-1001,Mechanical keyboard,Peripherals,2,"Rs 9,800",20,Pakistan,retail
ORD-105115,2026-03-14 15:14,C00748,SKU-1007,Noise cancelling headset,Audio,1,"Rs 6,900",0,Pakistan,marketplace
ORD-104052,2025-09-21 07:14,C00019,SKU-1008,1TB portable SSD,Storage,1,"Rs 13,500",5,Pakistan,marketplace
ORD-101127,2025-04-05 11:14,C00035,SKU-1003,USB-C cable 2m,Cables,1,Rs 850,5,pakistan,Website
ORD-101386,2025-08-28 17:14,C00390,SKU-1002,Wireless mouse,Peripherals,1,"Rs 2,600",10,Saudi Arabia,website
ORD-101118,2025-12-24 16:14,C00053,SKU-1005,24 inch monitor,Displays,3,"Rs 32,900",0,UK,Website
ORD-100985,2026-05-02 10:14,C00573,SKU-1009,Webcam 1080p,Video,1,"Rs 5,400",0,UAE,retail
ORD-103661,2026-01-27 15:14,C00435,SKU-1009,Webcam 1080p,Video,2,"Rs 5,400",0,United Arab Emirates,Website
ORD-101050,2025-04-23 17:14,C00011,SKU-1006,Laptop stand,Accessories,2,"Rs 4,200",10,United Arab Emirates,marketplace
ORD-103336,2026-07-21 07:14,C00273,SKU-1004,HDMI cable 1.5m,Cables,1,"Rs 1,300",5,United Kingdom,Website
ORD-101994,2025-04-18 20:14,C00359,SKU-1006,Laptop stand,Accessories,1,"Rs 4,200",5,Saudi Arabia,website
ORD-100552,2025-04-04 17:14,C00206,SKU-1001,Mechanical keyboard,Peripherals,1,"Rs 9,800",5,United Arab Emirates,website
ORD-105711,2026-01-20 15:14,C00040,SKU-1009,Webcam 1080p,Video,1,"Rs 5,400",10,UAE,retail
ORD-104310,2026-01-20 13:14,C00006,SKU-1007,Noise cancelling headset,Audio,2,"Rs 6,900",0,PK,marketplace
ORD-103032,06/09/2025,C00850,SKU-1005,24 inch monitor,Displays,3,"Rs 32,900",10,PK,Website
ORD-103527,2025-10-18 18:14,C00008,SKU-1001,Mechanical keyboard,Peripherals,1,"Rs 9,800",10,Saudi Arabia,marketplace
ORD-100984,2025-08-04 07:14,C00243,SKU-1002,Wireless mouse,Peripherals,2,"Rs 2,600",5,UAE,marketplace
ORD-102537,2026-01-02 18:14,C00032,SKU-1006,Laptop stand,Accessories,1,"Rs 4,200",0,UK,retail
ORD-103002,2026-02-09 16:14,C00049,SKU-1006,Laptop stand,Accessories,1,"Rs 4,200",5,United Kingdom,retail
ORD-104498,2025-12-14 20:14,C00522,SKU-1007,Noise cancelling headset,Audio,1,"Rs 6,900",0,United Arab Emirates,retail
ORD-105120,2026-04-21 17:14,C00214,SKU-1006,Laptop stand,Accessories,1,"Rs 4,200",0,United Arab Emirates,Website
ORD-102955,2026-03-11 14:14,C00391,SKU-1002,Wireless mouse,Peripherals,1,"Rs 2,600",0,Saudi Arabia,website
ORD-101227,2026-03-27 12:14,C00590,SKU-1005,24 inch monitor,Displays,1,"Rs 32,900",10,Pakistan,marketplace
ORD-105610,2025-08-14 15:14,C00323,SKU-1004,HDMI cable 1.5m,Cables,3,"Rs 1,300",0,United Kingdom,retail
ORD-105025,2026-06-26 19:14,,SKU-1005,24 inch monitor,Displays,1,"Rs 32,900",5,PK,marketplace
ORD-103912,2026-02-21 16:14,C00572,SKU-1005,24 inch monitor,Displays,2,"Rs 32,900",0,UAE,website
ORD-100648,2025-03-24 12:14,C00635,SKU-1004,HDMI cable 1.5m,Cables,1,"Rs 1,300",0,Saudi Arabia,retail
ORD-101310,2026-06-12 18:14,C00035,SKU-1004,HDMI cable 1.5m,Cables,1,"Rs 1,300",10,PK,website
ORD-102042,2026-06-14 12:14,C00148,SKU-1005,24 inch monitor,Displays,1,"Rs 32,900",0,PK,marketplace
ORD-100635,2026-02-04 13:14,C00367,SKU-1001,Mechanical keyboard,Peripherals,1,"Rs 9,800",0,UK,retail
ORD-103006,2025-10-21 16:14,C00147,SKU-1002,Wireless mouse,Peripherals,1,"Rs 2,600",0,Pakistan,website
ORD-102694,2025-08-11 19:14,C00659,SKU-1001,Mechanical keyboard,Peripherals,2,"Rs 9,800",0,UK,website
ORD-100464,2025-06-29 12:14,C00244,SKU-1007,Noise cancelling headset,Audio,2,"Rs 6,900",5,PK,retail
ORD-101839,2026-05-16 15:14,C00540,SKU-1005,24 inch monitor,Displays,2,"Rs 32,900",0,United Arab Emirates,marketplace
ORD-100008,2026-03-01 08:14,C00852,SKU-1005,24 inch monitor,Displays,1,"Rs 32,900",5,pakistan,marketplace
ORD-103675,2025-09-13 19:14,C00022,SKU-1006,Laptop stand,Accessories,2,"Rs 4,200",0,pakistan,marketplace
ORD-104922,2025-05-02 20:14,C00819,SKU-1001,Mechanical keyboard,Peripherals,-1,"Rs 9,800",10,PK,marketplace
ORD-105187,2025-10-27 13:14,C00811,SKU-1001,Mechanical keyboard,Peripherals,1,"Rs 9,800",0,UK,website
ORD-102469,2026-06-05 15:14,C00180,SKU-1001,Mechanical keyboard,Peripherals,1,"Rs 9,800",10,UK,website
ORD-105438,2025-04-03 12:14,C00750,SKU-1009,Webcam 1080p,Video,1,"Rs 5,400",0,Pakistan,retail
ORD-102505,2025-12-25 18:14,C00019,SKU-1007,Noise cancelling headset,Audio,1,"Rs 6,900",0,United Arab Emirates,marketplace
ORD-101775,2025-07-05 07:14,C00287,SKU-1010,65W GaN charger,Power,3,"Rs 3,900",0,UAE,Website
ORD-104106,2025-04-24 19:14,C00128,SKU-1008,1TB portable SSD,Storage,1,"Rs 13,500",0,pakistan,Website
ORD-101501,2025-10-24 20:14,C00002,SKU-1009,Webcam 1080p,Video,3,"Rs 5,400",5,UAE,Website
ORD-100379,2025-05-31 14:14,C00036,SKU-1004,HDMI cable 1.5m,Cables,1,"Rs 1,300",0,United Kingdom,website
ORD-100383,2025-12-12 20:14,C00392,SKU-1006,Laptop stand,Accessories,1,"Rs 4,200",10,Pakistan,retail
ORD-104663,2025-10-28 16:14,C00247,SKU-1002,Wireless mouse,Peripherals,-2,"Rs 2,600",5,United Kingdom,marketplace
ORD-102508,2026-08-17 14:14,C00727,SKU-1006,Laptop stand,Accessories,1,"Rs 4,200",0,PK,retail
ORD-101301,2026-03-18 20:14,C00512,SKU-1010,65W GaN charger,Power,1,"Rs 3,900",0,pakistan,Website
ORD-105453,2025-06-11 08:14,C00789,SKU-1009,Webcam 1080p,Video,1,"Rs 5,400",0,Pakistan,retail
ORD-104495,2026-06-10 09:14,C00565,SKU-1002,Wireless mouse,Peripherals,2,"Rs 2,600",0,UK,Website
ORD-105533,2026-05-29 15:14,C00040,SKU-1006,Laptop stand,Accessories,1,"Rs 4,200",0,PK,marketplace
ORD-105821,2025-04-29 10:14,C00047,SKU-1010,65W GaN charger,Power,1,"Rs 3,900",20,Pakistan,retail
ORD-101892,2025-07-15 19:14,C00773,SKU-1001,Mechanical keyboard,Peripherals,5,"Rs 9,800",0,United Arab Emirates,retail
ORD-105558,2025-04-05 07:14,C00610,SKU-1010,65W GaN charger,Power,1,"Rs 3,900",0,United Arab Emirates,marketplace
ORD-105123,26/08/2026,C00483,SKU-1004,HDMI cable 1.5m,Cables,2,"Rs 1,300",0,UAE,marketplace
ORD-103938,2026-09-04 09:14,C00899,SKU-1008,1TB portable SSD,Storage,1,"Rs 13,500",0,United Kingdom,Website
ORD-101108,2025-07-04 10:14,C00003,SKU-1010,65W GaN charger,Power,2,"Rs 3,900",0,United Arab Emirates,website
ORD-100324,2026-07-28 09:14,C00459,SKU-1005,24 inch monitor,Displays,1,"Rs 32,900",0,United Arab Emirates,marketplace
ORD-100363,2025-11-05 15:14,C00434,SKU-1010,65W GaN charger,Power,1,"Rs 3,900",10,Saudi Arabia,Website
ORD-101840,2025-10-19 11:14,C00046,SKU-1001,Mechanical keyboard,Peripherals,2,"Rs 9,800",0,United Arab Emirates,Website
ORD-104751,14/04/2025,C00457,SKU-1001,Mechanical keyboard,Peripherals,1,"Rs 9,800",0,PK,retail
ORD-101566,2026-01-24 08:14,C00702,SKU-1001,Mechanical keyboard,Peripherals,1,"Rs 9,800",0,United Kingdom,Website
ORD-100523,2025-05-10 07:14,C00016,SKU-1004,HDMI cable 1.5m,Cables,1,"Rs 1,300",5,PK,website
ORD-101372,2025-05-21 09:14,C00401,SKU-1003,USB-C cable 2m,Cables,1,Rs 850,0,United Kingdom,website
ORD-105622,2025-04-02 13:14,C00727,SKU-1004,HDMI cable 1.5m,Cables,1,"Rs 1,300",10,UK,website
ORD-103321,2025-10-30 19:14,C00285,SKU-1001,Mechanical keyboard,Peripherals,1,"Rs 9,800",0,UAE,retail
ORD-103242,2025-10-14 08:14,C00047,SKU-1005,24 inch monitor,Displays,3,"Rs 32,900",0,pakistan,marketplace
ORD-102557,2025-11-22 13:14,C00032,SKU-1002,Wireless mouse,Peripherals,1,"Rs 2,600",10,UAE,marketplace
ORD-105535,2025-07-15 19:14,C00004,SKU-1006,Laptop stand,Accessories,1,"Rs 4,200",0,Saudi Arabia,website
ORD-104924,2025-08-15 16:14,C00301,SKU-1004,HDMI cable 1.5m,Cables,1,"Rs 1,300",0,United Arab Emirates,website
ORD-105647,2025-07-13 12:14,C00866,SKU-1010,65W GaN charger,Power,1,"Rs 3,900",0,UK,Website
ORD-102843,2025-11-07 07:14,C00695,SKU-1009,Webcam 1080p,Video,1,"Rs 5,400",0,United Kingdom,retail
ORD-104476,2025-09-12 08:14,C00178,SKU-1006,Laptop stand,Accessories,1,"Rs 4,200",0,Pakistan,retail
ORD-104694,2026-06-06 16:14,C00049,SKU-1007,Noise cancelling headset,Audio,1,"Rs 6,900",5,UAE,website
ORD-100149,2025-09-23 18:14,C00049,SKU-1004,HDMI cable 1.5m,Cables,1,"Rs 1,300",0,pakistan,marketplace
ORD-104455,2026-05-22 11:14,C00003,SKU-1006,Laptop stand,Accessories,1,"Rs 4,200",10,PK,retail
ORD-104159,2026-09-01 20:14,C00871,SKU-1007,Noise cancelling headset,Audio,2,"Rs 6,900",5,UK,retail
ORD-100778,2026-01-26 19:14,C00615,SKU-1009,Webcam 1080p,Video,-1,"Rs 5,400",0,UK,retail
ORD-105565,2025-07-12 14:14,C00832,SKU-1003,USB-C cable 2m,Cables,1,Rs 850,0,Pakistan,website
ORD-100124,2026-02-23 10:14,C00162,SKU-1006,Laptop stand,Accessories,1,"Rs 4,200",0,United Arab Emirates,retail
ORD-101563,2025-04-07 17:14,C00169,SKU-1010,65W GaN charger,Power,2,"Rs 3,900",0,UAE,website
ORD-101277,2025-10-14 12:14,C00025,SKU-1009,Webcam 1080p,Video,5,"Rs 5,400",0,PK,retail
ORD-103145,2026-03-25 10:14,C00043,SKU-1001,Mechanical keyboard,Peripherals,3,"Rs 9,800",0,Pakistan,marketplace
ORD-102059,2026-08-06 07:14,C00251,SKU-1002,Wireless mouse,Peripherals,1,"Rs 2,600",10,PK,marketplace
ORD-100986,2025-08-04 07:14,C00865,SKU-1006,Laptop stand,Accessories,5,"Rs 4,200",0,UK,Website
ORD-100024,17/03/2026,C00729,SKU-1008,1TB portable SSD,Storage,3,"Rs 13,500",0,Pakistan,Website
ORD-105723,2025-07-21 14:14,C00349,SKU-1008,1TB portable SSD,Storage,1,"Rs 13,500",0,Saudi Arabia,retail
ORD-104018,2025-04-07 12:14,C00023,SKU-1006,Laptop stand,Accessories,1,"Rs 4,200",10,Pakistan,retail
ORD-100676,2026-01-21 12:14,C00015,SKU-1009,Webcam 1080p,Video,1,"Rs 5,400",10,Pakistan,Website
ORD-102638,2026-04-05 19:14,C00057,SKU-1010,65W GaN charger,Power,1,"Rs 3,900",0,PK,marketplace
ORD-102159,2025-04-26 20:14,C00872,SKU-1010,65W GaN charger,Power,1,"Rs 3,900",0,Saudi Arabia,website
ORD-103718,04/07/2026,C00173,SKU-1002,Wireless mouse,Peripherals,1,"Rs 2,600",0,Pakistan,Website
ORD-100887,2026-01-06 10:14,C00127,SKU-1001,Mechanical keyboard,Peripherals,1,"Rs 9,800",0,UK,marketplace
ORD-105036,2026-08-08 12:14,C00049,SKU-1003,USB-C cable 2m,Cables,5,Rs 850,0,Pakistan,retail
ORD-104618,2025-05-26 15:14,C00039,SKU-1002,Wireless mouse,Peripherals,3,"Rs 2,600",5,United Arab Emirates,marketplace
ORD-100173,2025-04-11 12:14,C00708,SKU-1007,Noise cancelling headset,Audio,1,"Rs 6,900",0,UAE,website
ORD-103343,2025-04-25 08:14,C00155,SKU-1002,Wireless mouse,Peripherals,2,"Rs 2,600",5,United Kingdom,retail
ORD-105721,2025-12-04 13:14,C00061,SKU-1002,Wireless mouse,Peripherals,1,"Rs 2,600",0,Saudi Arabia,website
ORD-103668,2025-04-05 15:14,C00862,SKU-1008,1TB portable SSD,Storage,5,"Rs 13,500",0,Pakistan,Website
ORD-104749,2025-10-07 20:14,C00052,SKU-1005,24 inch monitor,Displays,1,"Rs 32,900",0,pakistan,Website
ORD-105478,2026-04-13 16:14,C00393,SKU-1007,Noise cancelling headset,Audio,2,"Rs 6,900",0,PK,retail
ORD-105883,2026-05-09 19:14,C00723,SKU-1007,Noise cancelling headset,Audio,1,"Rs 6,900",0,Saudi Arabia,website
ORD-102290,2026-08-27 18:14,C00345,SKU-1001,Mechanical keyboard,Peripherals,2,"Rs 9,800",0,PK,website
ORD-101928,2025-12-18 09:14,C00016,SKU-1008,1TB portable SSD,Storage,1,"Rs 13,500",0,pakistan,Website
ORD-100411,2025-07-03 07:14,C00011,SKU-1010,65W GaN charger,Power,1,"Rs 3,900",0,PK,website
ORD-103344,2026-02-05 18:14,C00555,SKU-1010,65W GaN charger,Power,2,"Rs 3,900",5,UK,Website
ORD-102099,2026-08-25 16:14,C00085,SKU-1005,24 inch monitor,Displays,1,"Rs 32,900",0,Saudi Arabia,website
ORD-104824,2025-04-04 14:14,C00619,SKU-1003,USB-C cable 2m,Cables,1,Rs 850,0,United Kingdom,retail
ORD-102677,2026-09-06 17:14,C00413,SKU-1008,1TB portable SSD,Storage,1,"Rs 13,500",5,Pakistan,marketplace
ORD-103182,2026-04-21 16:14,C00015,SKU-1009,Webcam 1080p,Video,1,"Rs 5,400",10,UK,Website
ORD-101711,2025-06-01 07:14,C00048,SKU-1008,1TB portable SSD,Storage,1,"Rs 13,500",0,UAE,marketplace
ORD-104453,2025-10-17 12:14,C00008,SKU-1005,24 inch monitor,Displays,1,"Rs 32,900",0,pakistan,Website
ORD-102541,2025-09-27 16:14,C00354,SKU-1010,65W GaN charger,Power,1,"Rs 3,900",0,pakistan,Website
ORD-100976,2025-10-28 10:14,C00425,SKU-1006,Laptop stand,Accessories,2,"Rs 4,200",0,Pakistan,marketplace
ORD-105441,03/03/2026,C00032,SKU-1006,Laptop stand,Accessories,3,"Rs 4,200",10,UK,retail
ORD-105877,2025-07-05 17:14,C00024,SKU-1003,USB-C cable 2m,Cables,5,Rs 850,0,UAE,marketplace
ORD-100683,2025-10-30 09:14,C00050,SKU-1001,Mechanical keyboard,Peripherals,1,"Rs 9,800",0,United Kingdom,Website
ORD-103599,2025-06-27 09:14,C00121,SKU-1001,Mechanical keyboard,Peripherals,1,"Rs 9,800",0,Pakistan,Website
ORD-101698,2025-05-11 11:14,C00511,SKU-1004,HDMI cable 1.5m,Cables,1,"Rs 1,300",5,PK,Website
ORD-104712,2026-03-14 07:14,C00087,SKU-1006,Laptop stand,Accessories,2,"Rs 4,200",0,UK,retail
ORD-103746,2026-07-02 08:14,C00147,SKU-1007,Noise cancelling headset,Audio,2,"Rs 6,900",0,United Kingdom,website
ORD-104802,2025-06-04 10:14,C00745,SKU-1001,Mechanical keyboard,Peripherals,1,"Rs 9,800",10,Pakistan,marketplace
ORD-103889,2025-06-12 18:14,C00263,SKU-1007,Noise cancelling headset,Audio,1,"Rs 6,900",0,Pakistan,retail
ORD-105156,2025-09-28 13:14,C00468,SKU-1003,USB-C cable 2m,Cables,1,Rs 850,0,UK,website
ORD-105068,2025-12-09 08:14,C00367,SKU-1003,USB-C cable 2m,Cables,1,Rs 850,0,PK,retail
ORD-104460,2026-01-10 07:14,C00026,SKU-1010,65W GaN charger,Power,2,"Rs 3,900",0,UK,retail
ORD-105889,2025-09-23 12:14,C00005,SKU-1003,USB-C cable 2m,Cables,2,Rs 850,0,Pakistan,retail
ORD-103362,2025-06-10 13:14,C00022,SKU-1005,24 inch monitor,Displays,1,,0,Saudi Arabia,retail
ORD-104403,2026-04-29 07:14,C00877,SKU-1005,24 inch monitor,Displays,1,"Rs 32,900",0,United Kingdom,marketplace
ORD-104166,2026-09-11 18:14,C00020,SKU-1007,Noise cancelling headset,Audio,1,"Rs 6,900",0,UAE,retail
ORD-101033,2026-05-26 16:14,C00011,SKU-1003,USB-C cable 2m,Cables,3,Rs 850,0,UK,retail
ORD-103414,2026-03-02 15:14,C00256,SKU-1008,1TB portable SSD,Storage,2,"Rs 13,500",0,Pakistan,website
ORD-103254,2025-09-22 14:14,C00845,SKU-1002,Wireless mouse,Peripherals,3,"Rs 2,600",0,PK,marketplace
ORD-104080,26/01/2026,C00785,SKU-1005,24 inch monitor,Displays,1,"Rs 32,900",0,United Arab Emirates,Website
ORD-102805,2025-06-06 13:14,C00021,SKU-1007,Noise cancelling headset,Audio,2,"Rs 6,900",0,United Kingdom,Website
ORD-101602,2025-06-06 08:14,C00630,SKU-1008,1TB portable SSD,Storage,2,"Rs 13,500",0,United Kingdom,marketplace
ORD-103900,2026-06-30 09:14,C00058,SKU-1005,24 inch monitor,Displays,1,"Rs 32,900",0,pakistan,retail
ORD-101113,2025-03-29 11:14,C00318,SKU-1010,65W GaN charger,Power,2,"Rs 3,900",0,UK,retail
ORD-104833,2026-05-17 18:14,C00009,SKU-1001,Mechanical keyboard,Peripherals,2,"Rs 9,800",10,United Arab Emirates,Website
ORD-102054,2025-12-09 19:14,C00859,SKU-1010,65W GaN charger,Power,1,"Rs 3,900",0,Pakistan,website
ORD-105638,2026-08-05 19:14,C00051,SKU-1007,Noise cancelling headset,Audio,2,"Rs 6,900",0,pakistan,marketplace
ORD-104424,2026-05-30 09:14,C00766,SKU-1001,Mechanical keyboard,Peripherals,2,"Rs 9,800",5,pakistan,Website
ORD-104209,2026-06-05 12:14,C00580,SKU-1006,Laptop stand,Accessories,1,"Rs 4,200",0,pakistan,website
ORD-100733,2026-05-18 18:14,C00110,SKU-1009,Webcam 1080p,Video,1,"Rs 5,400",0,UAE,Website
ORD-101402,2025-08-28 09:14,C00235,SKU-1009,Webcam 1080p,Video,1,"Rs 5,400",0,United Kingdom,Website
ORD-104150,2025-11-30 10:14,C00854,SKU-1004,HDMI cable 1.5m,Cables,1,"Rs 1,300",10,United Arab Emirates,marketplace
ORD-100093,2026-04-25 15:14,C00323,SKU-1003,USB-C cable 2m,Cables,2,Rs 850,0,Saudi Arabia,retail
ORD-102582,2025-11-19 17:14,C00049,SKU-1004,HDMI cable 1.5m,Cables,1,"Rs 1,300",0,United Arab Emirates,Website
ORD-103256,2025-12-07 18:14,C00466,SKU-1006,Laptop stand,Accessories,1,"Rs 4,200",0,pakistan,Website
ORD-105355,2026-05-24 20:14,C00256,SKU-1005,24 inch monitor,Displays,1,"Rs 32,900",10,UAE,retail
ORD-101138,2025-09-28 19:14,C00544,SKU-1006,Laptop stand,Accessories,1,"Rs 4,200",0,UK,Website
ORD-100551,2025-04-21 19:14,C00018,SKU-1003,USB-C cable 2m,Cables,3,Rs 850,0,PK,retail
ORD-103858,2025-10-27 14:14,C00047,SKU-1009,Webcam 1080p,Video,2,"Rs 5,400",0,PK,retail
ORD-105812,2025-05-14 16:14,C00449,SKU-1003,USB-C cable 2m,Cables,1,Rs 850,5,PK,retail
ORD-101304,2026-05-05 16:14,C00024,SKU-1001,Mechanical keyboard,Peripherals,1,"Rs 9,800",0,PK,marketplace
ORD-104438,2025-08-22 10:14,C00878,SKU-1003,USB-C cable 2m,Cables,-1,Rs 850,0,UK,marketplace
ORD-100557,2026-07-01 10:14,C00042,SKU-1009,Webcam 1080p,Video,1,"Rs 5,400",5,pakistan,website
ORD-105652,2026-01-19 13:14,C00146,SKU-1005,24 inch monitor,Displays,1,"Rs 32,900",0,Saudi Arabia,website
ORD-104370,2025-06-02 09:14,C00234,SKU-1009,Webcam 1080p,Video,1,"Rs 5,400",0,UK,marketplace
ORD-104500,2025-09-08 12:14,C00002,SKU-1010,65W GaN charger,Power,5,"Rs 3,900",5,Saudi Arabia,website
ORD-104263,2025-05-31 10:14,C00245,SKU-1005,24 inch monitor,Displays,5,"Rs 32,900",0,Pakistan,retail
ORD-101972,2026-05-07 13:14,C00775,SKU-1006,Laptop stand,Accessories,2,"Rs 4,200",10,pakistan,website
ORD-101040,2025-09-22 17:14,C00058,SKU-1008,1TB portable SSD,Storage,2,"Rs 13,500",0,Pakistan,website
ORD-104247,2025-07-11 17:14,C00443,SKU-1010,65W GaN charger,Power,3,"Rs 3,900",0,pakistan,marketplace
ORD-102846,2026-01-27 14:14,C00519,SKU-1009,Webcam 1080p,Video,1,"Rs 5,400",5,PK,Website
ORD-100938,17/02/2026,C00067,SKU-1004,HDMI cable 1.5m,Cables,2,"Rs 1,300",0,UAE,retail
ORD-102191,2025-11-23 20:14,C00020,SKU-1006,Laptop stand,Accessories,1,"Rs 4,200",0,UAE,retail
ORD-102679,2026-04-08 13:14,C00669,SKU-1002,Wireless mouse,Peripherals,1,"Rs 2,600",0,United Arab Emirates,marketplace
ORD-105381,2025-12-05 11:14,C00028,SKU-1004,HDMI cable 1.5m,Cables,1,"Rs 1,300",10,UK,retail
ORD-102963,2025-07-04 12:14,C00016,SKU-1002,Wireless mouse,Peripherals,1,"Rs 2,600",0,Saudi Arabia,retail
ORD-105280,2025-03-31 12:14,C00459,SKU-1007,Noise cancelling headset,Audio,1,"Rs 6,900",0,United Arab Emirates,retail
ORD-103351,2026-05-08 13:14,C00014,SKU-1004,HDMI cable 1.5m,Cables,2,"Rs 1,300",0,United Arab Emirates,website
ORD-101454,2026-02-10 12:14,C00867,SKU-1010,65W GaN charger,Power,1,"Rs 3,900",0,UK,marketplace
ORD-105697,2025-11-17 09:14,C00400,SKU-1003,USB-C cable 2m,Cables,1,Rs 850,0,United Kingdom,marketplace
ORD-105259,2026-02-10 11:14,C00459,SKU-1006,Laptop stand,Accessories,1,"Rs 4,200",0,Pakistan,marketplace
ORD-103433,2025-08-28 17:14,C00335,SKU-1006,Laptop stand,Accessories,1,"Rs 4,200",0,UAE,retail
ORD-104659,2025-10-12 17:14,C00268,SKU-1007,Noise cancelling headset,Audio,1,"Rs 6,900",0,PK,retail
ORD-104219,2026-05-18 10:14,C00008,SKU-1003,USB-C cable 2m,Cables,2,Rs 850,0,PK,website
ORD-104653,2026-03-01 19:14,C00050,SKU-1008,1TB portable SSD,Storage,1,"Rs 13,500",0,PK,website
ORD-105862,2025-04-22 11:14,C00733,SKU-1002,Wireless mouse,Peripherals,1,"Rs 2,600",10,UK,website
ORD-105450,2025-09-27 09:14,C00032,SKU-1005,24 inch monitor,Displays,2,"Rs 32,900",0,pakistan,website
ORD-103804,2025-10-02 20:14,C00801,SKU-1001,Mechanical keyboard,Peripherals,1,"Rs 9,800",0,Saudi Arabia,Website
ORD-105497,2026-05-24 07:14,,SKU-1007,Noise cancelling headset,Audio,1,"Rs 6,900",0,Saudi Arabia,retail
ORD-105918,2026-03-25 19:14,C00237,SKU-1004,HDMI cable 1.5m,Cables,2,"Rs 1,300",0,Pakistan,website
ORD-105908,2026-01-12 08:14,C00770,SKU-1008,1TB portable SSD,Storage,1,"Rs 13,500",0,United Arab Emirates,Website
ORD-105901,2025-10-26 16:14,C00845,SKU-1003,USB-C cable 2m,Cables,1,Rs 850,10,pakistan,Website
ORD-105960,2025-08-30 08:14,C00033,SKU-1003,USB-C cable 2m,Cables,1,Rs 850,0,Pakistan,retail
ORD-105319,2025-12-20 09:14,C00782,SKU-1008,1TB portable SSD,Storage,1,"Rs 13,500",0,Saudi Arabia,Website
ORD-102397,2025-11-03 10:14,C00060,SKU-1004,HDMI cable 1.5m,Cables,1,"Rs 1,300",20,Pakistan,website
ORD-105495,2026-07-15 15:14,C00055,SKU-1006,Laptop stand,Accessories,1,"Rs 4,200",0,Saudi Arabia,Website
ORD-104350,2025-10-01 20:14,C00873,SKU-1005,24 inch monitor,Displays,1,"Rs 32,900",0,Pakistan,Website
ORD-105144,2026-02-19 20:14,C00101,SKU-1001,Mechanical keyboard,Peripherals,1,"Rs 9,800",0,Saudi Arabia,retail
ORD-103836,2026-02-11 10:14,C00102,SKU-1006,Laptop stand,Accessories,1,"Rs 4,200",5,United Arab Emirates,website
ORD-100664,2026-05-09 09:14,C00016,SKU-1002,Wireless mouse,Peripherals,1,"Rs 2,600",0,Saudi Arabia,Website
ORD-103007,2025-11-17 08:14,C00613,SKU-1003,USB-C cable 2m,Cables,1,Rs 850,0,UK,Website
ORD-101968,2026-01-16 07:14,C00124,SKU-1002,Wireless mouse,Peripherals,1,"Rs 2,600",0,Saudi Arabia,Website
ORD-100535,2025-10-15 07:14,C00030,SKU-1004,HDMI cable 1.5m,Cables,1,"Rs 1,300",5,Saudi Arabia,Website
ORD-103302,2025-06-06 20:14,C00455,SKU-1010,65W GaN charger,Power,2,"Rs 3,900",0,PK,website
ORD-102765,2025-12-19 13:14,C00026,SKU-1007,Noise cancelling headset,Audio,1,"Rs 6,900",10,UAE,Website
ORD-100388,2025-07-19 07:14,C00070,SKU-1006,Laptop stand,Accessories,5,"Rs 4,200",0,PK,marketplace
ORD-103275,2025-04-02 12:14,C00338,SKU-1006,Laptop stand,Accessories,2,"Rs 4,200",0,UAE,website
ORD-100038,2025-11-08 11:14,C00267,SKU-1009,Webcam 1080p,Video,1,"Rs 5,400",0,PK,Website
ORD-102272,2025-11-04 10:14,C00014,SKU-1007,Noise cancelling headset,Audio,1,"Rs 6,900",5,United Kingdom,website
ORD-102684,2025-08-14 15:14,C00438,SKU-1001,Mechanical keyboard,Peripherals,1,"Rs 9,800",20,PK,retail
ORD-101674,2026-08-27 14:14,C00844,SKU-1002,Wireless mouse,Peripherals,1,"Rs 2,600",10,UK,Website
ORD-103442,2025-10-22 13:14,C00261,SKU-1001,Mechanical keyboard,Peripherals,1,"Rs 9,800",5,pakistan,website
ORD-102273,2026-03-03 19:14,C00180,SKU-1005,24 inch monitor,Displays,1,"Rs 32,900",20,United Kingdom,website
ORD-100030,2025-11-24 12:14,C00149,SKU-1005,24 inch monitor,Displays,1,"Rs 32,900",5,United Arab Emirates,marketplace
ORD-103927,2025-12-11 13:14,C00542,SKU-1006,Laptop stand,Accessories,1,,0,Saudi Arabia,retail
ORD-104952,2025-08-27 18:14,C00666,SKU-1007,Noise cancelling headset,Audio,1,"Rs 6,900",0,United Kingdom,marketplace
ORD-104832,2026-07-10 09:14,C00693,SKU-1001,Mechanical keyboard,Peripherals,1,"Rs 9,800",5,United Kingdom,retail
ORD-100095,2025-05-26 16:14,C00300,SKU-1009,Webcam 1080p,Video,1,,0,UAE,website
ORD-102559,2025-12-24 15:14,C00291,SKU-1008,1TB portable SSD,Storage,1,"Rs 13,500",5,UAE,Website
ORD-105128,2026-03-29 18:14,C00003,SKU-1003,USB-C cable 2m,Cables,1,Rs 850,0,UAE,marketplace
ORD-100956,2025-12-15 10:14,C00489,SKU-1009,Webcam 1080p,Video,1,"Rs 5,400",0,PK,marketplace
ORD-103542,2026-08-24 18:14,C00131,SKU-1001,Mechanical keyboard,Peripherals,1,"Rs 9,800",0,Pakistan,website
ORD-101867,2025-03-28 10:14,C00042,SKU-1005,24 inch monitor,Displays,1,"Rs 32,900",5,Saudi Arabia,website
ORD-101740,2026-07-26 13:14,C00019,SKU-1005,24 inch monitor,Displays,3,"Rs 32,900",0,United Kingdom,website
ORD-102040,2026-05-18 07:14,C00027,SKU-1007,Noise cancelling headset,Audio,1,"Rs 6,900",0,UAE,website
ORD-105184,2025-12-13 10:14,C00539,SKU-1003,USB-C cable 2m,Cables,1,Rs 850,0,PK,website
ORD-104215,2025-07-29 15:14,C00878,SKU-1008,1TB portable SSD,Storage,1,"Rs 13,500",0,UAE,Website
ORD-104956,2025-04-27 10:14,C00011,SKU-1005,24 inch monitor,Displays,5,"Rs 32,900",0,PK,marketplace
ORD-100633,2025-06-17 13:14,C00356,SKU-1006,Laptop stand,Accessories,1,"Rs 4,200",0,UK,Website
ORD-103859,2026-04-12 20:14,C00228,SKU-1009,Webcam 1080p,Video,1,"Rs 5,400",10,United Kingdom,website
ORD-102731,2025-05-22 14:14,C00058,SKU-1007,Noise cancelling headset,Audio,5,"Rs 6,900",0,United Arab Emirates,website
ORD-105321,2025-09-09 20:14,C00090,SKU-1007,Noise cancelling headset,Audio,1,"Rs 6,900",0,United Arab Emirates,retail
ORD-100029,2025-08-15 17:14,C00028,SKU-1010,65W GaN charger,Power,1,"Rs 3,900",10,Saudi Arabia,Website
ORD-104122,2026-08-23 11:14,C00432,SKU-1007,Noise cancelling headset,Audio,2,"Rs 6,900",5,United Arab Emirates,marketplace
ORD-105464,2026-08-19 18:14,C00365,SKU-1004,HDMI cable 1.5m,Cables,1,"Rs 1,300",0,PK,website
ORD-103615,2025-06-11 15:14,C00525,SKU-1002,Wireless mouse,Peripherals,1,"Rs 2,600",0,PK,Website
ORD-102722,2026-08-24 07:14,C00682,SKU-1004,HDMI cable 1.5m,Cables,1,"Rs 1,300",10,Pakistan,retail
ORD-105717,2025-10-08 08:14,C00602,SKU-1004,HDMI cable 1.5m,Cables,5,"Rs 1,300",0,United Kingdom,Website
ORD-103092,2025-12-06 17:14,C00034,SKU-1009,Webcam 1080p,Video,2,"Rs 5,400",0,PK,marketplace
ORD-102436,2026-03-05 12:14,C00016,SKU-1007,Noise cancelling headset,Audio,1,"Rs 6,900",0,Pakistan,retail
ORD-103586,2025-11-14 16:14,C00838,SKU-1001,Mechanical keyboard,Peripherals,2,"Rs 9,800",5,PK,Website
ORD-100465,2026-07-07 15:14,C00261,SKU-1010,65W GaN charger,Power,2,"Rs 3,900",20,Pakistan,website
ORD-101964,2025-07-18 11:14,C00510,SKU-1010,65W GaN charger,Power,1,,5,United Arab Emirates,website
ORD-100618,2026-06-13 10:14,C00788,SKU-1005,24 inch monitor,Displays,5,"Rs 32,900",0,pakistan,retail
ORD-103848,2025-07-26 18:14,C00220,SKU-1007,Noise cancelling headset,Audio,1,"Rs 6,900",0,Pakistan,Website
ORD-102860,2025-11-13 09:14,C00265,SKU-1007,Noise cancelling headset,Audio,1,"Rs 6,900",10,United Arab Emirates,retail
ORD-101166,08/09/2025,C00543,SKU-1001,Mechanical keyboard,Peripherals,5,"Rs 9,800",0,Saudi Arabia,Website
ORD-100722,2025-12-14 14:14,C00244,SKU-1004,HDMI cable 1.5m,Cables,2,"Rs 1,300",0,United Kingdom,Website
ORD-104592,2025-04-21 07:14,C00038,SKU-1010,65W GaN charger,Power,1,"Rs 3,900",0,Pakistan,marketplace
ORD-103790,2026-05-28 16:14,C00360,SKU-1005,24 inch monitor,Displays,2,,0,pakistan,website
ORD-104101,2026-04-16 07:14,C00274,SKU-1007,Noise cancelling headset,Audio,1,"Rs 6,900",20,United Arab Emirates,website
ORD-104420,2026-03-18 13:14,C00048,SKU-1001,Mechanical keyboard,Peripherals,1,"Rs 9,800",0,United Arab Emirates,website
ORD-102057,2026-02-19 08:14,C00494,SKU-1005,24 inch monitor,Displays,1,"Rs 32,900",0,United Arab Emirates,website
ORD-104224,2025-04-29 12:14,C00758,SKU-1008,1TB portable SSD,Storage,2,"Rs 13,500",5,United Kingdom,retail
ORD-101835,2026-09-05 07:14,C00569,SKU-1006,Laptop stand,Accessories,2,"Rs 4,200",0,pakistan,website
ORD-102897,2026-08-25 16:14,C00022,SKU-1002,Wireless mouse,Peripherals,2,"Rs 2,600",0,PK,Website
ORD-103057,2026-05-23 09:14,C00052,SKU-1004,HDMI cable 1.5m,Cables,1,"Rs 1,300",0,Saudi Arabia,marketplace
ORD-103557,2025-07-02 20:14,C00531,SKU-1010,65W GaN charger,Power,1,"Rs 3,900",0,PK,retail
ORD-105838,2026-05-03 16:14,C00006,SKU-1006,Laptop stand,Accessories,1,"Rs 4,200",0,pakistan,Website
ORD-100352,2026-05-03 11:14,C00152,SKU-1004,HDMI cable 1.5m,Cables,2,"Rs 1,300",0,Pakistan,marketplace
ORD-100540,2026-03-27 17:14,C00715,SKU-1009,Webcam 1080p,Video,1,"Rs 5,400",0,Pakistan,Website
ORD-102876,2026-08-17 13:14,C00878,SKU-1002,Wireless mouse,Peripherals,1,"Rs 2,600",0,UAE,retail
ORD-103303,2025-10-09 19:14,C00283,SKU-1001,Mechanical keyboard,Peripherals,1,"Rs 9,800",0,United Kingdom,retail
ORD-105972,2025-12-07 09:14,C00043,SKU-1001,Mechanical keyboard,Peripherals,1,"Rs 9,800",5,pakistan,retail
ORD-105863,2026-08-18 12:14,C00043,SKU-1006,Laptop stand,Accessories,1,"Rs 4,200",0,PK,Website
ORD-103185,2026-03-28 15:14,C00054,SKU-1009,Webcam 1080p,Video,1,"Rs 5,400",0,United Arab Emirates,website
ORD-101495,2026-06-05 09:14,C00891,SKU-1007,Noise cancelling headset,Audio,1,"Rs 6,900",0,United Kingdom,marketplace
ORD-101809,2026-06-20 08:14,C00696,SKU-1010,65W GaN charger,Power,1,"Rs 3,900",10,Saudi Arabia,Website
ORD-105648,24/07/2026,C00873,SKU-1009,Webcam 1080p,Video,1,"Rs 5,400",5,United Arab Emirates,retail
ORD-105952,2026-02-25 17:14,C00295,SKU-1006,Laptop stand,Accessories,1,"Rs 4,200",0,Pakistan,website
ORD-104631,2025-06-27 12:14,C00004,SKU-1006,Laptop stand,Accessories,1,"Rs 4,200",0,United Arab Emirates,Website
ORD-103702,2026-06-17 14:14,C00202,SKU-1002,Wireless mouse,Peripherals,1,"Rs 2,600",0,Saudi Arabia,retail
ORD-104773,2026-09-11 12:14,C00495,SKU-1002,Wireless mouse,Peripherals,1,"Rs 2,600",0,UAE,retail
ORD-101498,2025-10-08 08:14,C00008,SKU-1008,1TB portable SSD,Storage,1,"Rs 13,500",0,pakistan,website
ORD-101308,2025-10-05 12:14,C00585,SKU-1006,Laptop stand,Accessories,3,"Rs 4,200",10,pakistan,marketplace
ORD-104194,2025-11-02 16:14,C00032,SKU-1009,Webcam 1080p,Video,1,"Rs 5,400",0,Pakistan,retail
ORD-100525,2025-10-25 07:14,C00646,SKU-1007,Noise cancelling headset,Audio,1,"Rs 6,900",10,PK,website
ORD-105709,2025-05-22 10:14,C00359,SKU-1004,HDMI cable 1.5m,Cables,1,"Rs 1,300",5,UAE,marketplace
ORD-103492,2025-08-17 17:14,C00427,SKU-1003,USB-C cable 2m,Cables,1,Rs 850,0,PK,marketplace
ORD-104085,2026-05-31 11:14,C00648,SKU-1006,Laptop stand,Accessories,1,"Rs 4,200",0,Saudi Arabia,retail
ORD-101329,2026-03-12 08:14,C00023,SKU-1009,Webcam 1080p,Video,1,"Rs 5,400",0,UK,marketplace
ORD-104328,2025-06-28 16:14,C00048,SKU-1009,Webcam 1080p,Video,1,"Rs 5,400",10,Saudi Arabia,marketplace
ORD-104760,2026-05-19 08:14,C00194,SKU-1006,Laptop stand,Accessories,3,"Rs 4,200",20,PK,marketplace
ORD-105343,2026-06-20 17:14,C00045,SKU-1009,Webcam 1080p,Video,3,"Rs 5,400",5,Saudi Arabia,website
ORD-103319,2025-12-03 15:14,C00634,SKU-1007,Noise cancelling headset,Audio,2,"Rs 6,900",0,United Kingdom,marketplace
ORD-105974,2025-10-07 15:14,C00849,SKU-1007,Noise cancelling headset,Audio,1,"Rs 6,900",0,United Kingdom,retail
ORD-102206,2025-06-25 19:14,C00043,SKU-1006,Laptop stand,Accessories,-1,"Rs 4,200",0,UK,marketplace
ORD-104797,2026-07-01 09:14,C00516,SKU-1007,Noise cancelling headset,Audio,1,"Rs 6,900",0,Pakistan,retail
ORD-102780,2025-11-30 07:14,C00513,SKU-1007,Noise cancelling headset,Audio,1,"Rs 6,900",0,United Kingdom,marketplace
ORD-102260,2025-10-11 14:14,C00780,SKU-1004,HDMI cable 1.5m,Cables,1,"Rs 1,300",0,Pakistan,marketplace
ORD-105283,2025-10-22 16:14,C00039,SKU-1004,HDMI cable 1.5m,Cables,1,"Rs 1,300",0,Pakistan,marketplace
ORD-105576,2025-09-28 16:14,C00624,SKU-1003,USB-C cable 2m,Cables,1,Rs 850,10,PK,Website
ORD-101860,2026-08-27 07:14,C00746,SKU-1001,Mechanical keyboard,Peripherals,1,"Rs 9,800",0,UK,retail
ORD-100460,2025-05-25 19:14,C00045,SKU-1001,Mechanical keyboard,Peripherals,1,"Rs 9,800",0,UAE,retail
ORD-101457,2025-07-15 17:14,C00056,SKU-1010,65W GaN charger,Power,1,"Rs 3,900",0,PK,Website
ORD-103114,2026-06-06 18:14,C00029,SKU-1002,Wireless mouse,Peripherals,1,"Rs 2,600",10,Pakistan,retail
ORD-102792,2026-03-11 20:14,C00489,SKU-1010,65W GaN charger,Power,1,"Rs 3,900",0,PK,Website
ORD-105575,2025-04-11 08:14,C00011,SKU-1007,Noise cancelling headset,Audio,-1,"Rs 6,900",0,United Arab Emirates,retail
ORD-100416,2026-07-01 16:14,C00047,SKU-1009,Webcam 1080p,Video,1,"Rs 5,400",20,Saudi Arabia,Website
ORD-103754,2025-07-16 18:14,C00032,SKU-1007,Noise cancelling headset,Audio,1,"Rs 6,900",0,UK,website
ORD-103349,2025-10-25 14:14,C00023,SKU-1006,Laptop stand,Accessories,3,"Rs 4,200",0,Saudi Arabia,marketplace
ORD-101573,2026-07-13 07:14,C00423,SKU-1004,HDMI cable 1.5m,Cables,2,"Rs 1,300",0,United Kingdom,Website
ORD-104672,2026-03-03 15:14,C00223,SKU-1009,Webcam 1080p,Video,2,"Rs 5,400",5,Saudi Arabia,Website
ORD-104511,2025-07-14 15:14,C00054,SKU-1002,Wireless mouse,Peripherals,2,"Rs 2,600",20,pakistan,Website
ORD-104582,2025-11-20 10:14,C00125,SKU-1001,Mechanical keyboard,Peripherals,2,"Rs 9,800",0,UAE,website
ORD-104787,23/04/2026,C00451,SKU-1004,HDMI cable 1.5m,Cables,-1,"Rs 1,300",0,United Kingdom,Website
ORD-101813,2026-09-11 14:14,C00443,SKU-1006,Laptop stand,Accessories,1,"Rs 4,200",0,Saudi Arabia,Website
ORD-105524,2026-02-10 10:14,C00301,SKU-1004,HDMI cable 1.5m,Cables,2,"Rs 1,300",0,United Arab Emirates,Website
ORD-101128,2026-07-11 20:14,C00038,SKU-1007,Noise cancelling headset,Audio,1,"Rs 6,900",0,United Arab Emirates,retail
ORD-100779,2025-06-14 07:14,C00003,SKU-1010,65W GaN charger,Power,1,"Rs 3,900",0,UK,website
ORD-102090,2025-10-15 19:14,C00029,SKU-1009,Webcam 1080p,Video,1,"Rs 5,400",0,Saudi Arabia,marketplace
ORD-100094,2025-04-13 10:14,C00027,SKU-1009,Webcam 1080p,Video,1,"Rs 5,400",0,Pakistan,Website
ORD-105437,2026-07-17 11:14,C00836,SKU-1007,Noise cancelling headset,Audio,2,"Rs 6,900",20,United Kingdom,Website
ORD-105245,2026-08-23 09:14,C00053,SKU-1001,Mechanical keyboard,Peripherals,1,"Rs 9,800",0,pakistan,marketplace
ORD-101385,2025-09-30 15:14,C00004,SKU-1008,1TB portable SSD,Storage,1,"Rs 13,500",0,UK,retail
ORD-105699,2025-03-29 10:14,C00160,SKU-1004,HDMI cable 1.5m,Cables,1,"Rs 1,300",10,UAE,marketplace
ORD-104540,2026-01-31 08:14,C00080,SKU-1004,HDMI cable 1.5m,Cables,1,"Rs 1,300",20,United Kingdom,retail
ORD-104117,2026-08-12 12:14,C00001,SKU-1002,Wireless mouse,Peripherals,1,"Rs 2,600",5,United Kingdom,marketplace
ORD-101753,27/04/2025,C00671,SKU-1002,Wireless mouse,Peripherals,1,"Rs 2,600",0,United Arab Emirates,marketplace
ORD-103975,2025-06-01 16:14,C00287,SKU-1009,Webcam 1080p,Video,1,"Rs 5,400",0,UAE,website
ORD-101211,2025-05-06 18:14,C00019,SKU-1010,65W GaN charger,Power,3,"Rs 3,900",0,Saudi Arabia,retail
ORD-101795,2026-08-11 17:14,C00763,SKU-1005,24 inch monitor,Displays,1,"Rs 32,900",5,UAE,website
ORD-100949,2025-03-24 07:14,C00535,SKU-1003,USB-C cable 2m,Cables,1,Rs 850,10,UAE,marketplace
ORD-105910,2026-03-20 18:14,C00030,SKU-1001,Mechanical keyboard,Peripherals,1,"Rs 9,800",0,Saudi Arabia,Website
ORD-100267,2026-08-06 07:14,C00309,SKU-1007,Noise cancelling headset,Audio,1,"Rs 6,900",10,Pakistan,marketplace
ORD-105655,2025-12-01 20:14,C00416,SKU-1001,Mechanical keyboard,Peripherals,2,"Rs 9,800",0,pakistan,Website
ORD-104363,2025-07-17 14:14,C00780,SKU-1009,Webcam 1080p,Video,1,"Rs 5,400",10,United Arab Emirates,Website
ORD-100113,2025-10-21 07:14,C00232,SKU-1009,Webcam 1080p,Video,1,"Rs 5,400",10,UAE,retail
ORD-102771,2026-02-05 20:14,C00026,SKU-1009,Webcam 1080p,Video,1,"Rs 5,400",0,Saudi Arabia,website
ORD-103036,2025-12-10 12:14,,SKU-1007,Noise cancelling headset,Audio,1,"Rs 6,900",10,UK,Website
ORD-103988,2025-05-01 18:14,C00019,SKU-1005,24 inch monitor,Displays,1,"Rs 32,900",0,Saudi Arabia,Website
ORD-100864,2025-05-31 08:14,C00280,SKU-1002,Wireless mouse,Peripherals,1,"Rs 2,600",10,Saudi Arabia,retail
ORD-104501,2025-06-26 07:14,C00025,SKU-1003,USB-C cable 2m,Cables,2,Rs 850,0,United Arab Emirates,website
ORD-102382,2025-04-26 15:14,C00012,SKU-1010,65W GaN charger,Power,1,"Rs 3,900",0,Saudi Arabia,website
ORD-100807,2025-05-22 07:14,C00022,SKU-1002,Wireless mouse,Peripherals,1,"Rs 2,600",0,UAE,marketplace
ORD-104965,2025-10-09 07:14,C00104,SKU-1010,65W GaN charger,Power,3,"Rs 3,900",10,pakistan,retail
ORD-104301,2026-08-17 10:14,C00356,SKU-1006,Laptop stand,Accessories,1,"Rs 4,200",5,United Kingdom,website
ORD-103387,2026-05-28 18:14,C00700,SKU-1008,1TB portable SSD,Storage,2,"Rs 13,500",5,pakistan,retail
ORD-104578,2026-01-18 20:14,C00436,SKU-1008,1TB portable SSD,Storage,1,"Rs 13,500",5,United Arab Emirates,Website
ORD-101306,2025-07-20 18:14,C00510,SKU-1002,Wireless mouse,Peripherals,1,"Rs 2,600",0,United Arab Emirates,marketplace
ORD-103308,2025-03-29 07:14,C00013,SKU-1004,HDMI cable 1.5m,Cables,1,"Rs 1,300",20,PK,marketplace
ORD-105646,2025-06-02 15:14,C00899,SKU-1001,Mechanical keyboard,Peripherals,1,"Rs 9,800",20,UK,retail
ORD-105530,2026-03-05 11:14,C00145,SKU-1005,24 inch monitor,Displays,1,"Rs 32,900",0,UAE,website
ORD-103225,2026-01-06 17:14,C00532,SKU-1005,24 inch monitor,Displays,2,"Rs 32,900",0,United Arab Emirates,marketplace
ORD-103430,2025-07-16 14:14,C00348,SKU-1007,Noise cancelling headset,Audio,1,"Rs 6,900",20,PK,retail
ORD-100513,2025-06-15 12:14,C00130,SKU-1010,65W GaN charger,Power,2,"Rs 3,900",20,Pakistan,marketplace
ORD-102166,2026-01-25 18:14,C00022,SKU-1005,24 inch monitor,Displays,2,"Rs 32,900",0,PK,marketplace
ORD-101608,2025-10-28 12:14,C00228,SKU-1005,24 inch monitor,Displays,2,"Rs 32,900",0,Saudi Arabia,Website
ORD-101487,2025-09-30 19:14,C00723,SKU-1006,Laptop stand,Accessories,1,"Rs 4,200",0,PK,marketplace
ORD-102653,2026-06-24 14:14,C00015,SKU-1004,HDMI cable 1.5m,Cables,1,"Rs 1,300",0,Saudi Arabia,retail
ORD-104346,2025-11-19 17:14,C00705,SKU-1002,Wireless mouse,Peripherals,2,"Rs 2,600",20,pakistan,website
ORD-104704,2025-07-06 12:14,C00022,SKU-1005,24 inch monitor,Displays,1,"Rs 32,900",10,UAE,marketplace
ORD-104021,2025-10-27 09:14,,SKU-1009,Webcam 1080p,Video,1,"Rs 5,400",0,United Kingdom,marketplace
ORD-101638,2025-08-12 13:14,C00216,SKU-1002,Wireless mouse,Peripherals,3,"Rs 2,600",10,Pakistan,retail
ORD-105570,2026-02-12 17:14,C00054,SKU-1001,Mechanical keyboard,Peripherals,1,"Rs 9,800",0,UAE,retail
ORD-100532,03/09/2026,C00029,SKU-1009,Webcam 1080p,Video,1,,5,United Arab Emirates,retail
ORD-105996,2025-09-07 12:14,C00789,SKU-1003,USB-C cable 2m,Cables,1,Rs 850,20,United Arab Emirates,marketplace
ORD-103241,2025-11-23 13:14,C00315,SKU-1005,24 inch monitor,Displays,1,"Rs 32,900",5,Pakistan,Website
ORD-100841,2026-02-15 20:14,C00431,SKU-1008,1TB portable SSD,Storage,1,"Rs 13,500",20,PK,retail
ORD-101412,2025-07-02 11:14,C00245,SKU-1001,Mechanical keyboard,Peripherals,1,"Rs 9,800",5,PK,retail
ORD-101894,2026-05-03 17:14,C00030,SKU-1004,HDMI cable 1.5m,Cables,-1,"Rs 1,300",0,pakistan,marketplace
ORD-103923,2026-06-17 13:14,C00612,SKU-1007,Noise cancelling headset,Audio,1,"Rs 6,900",0,pakistan,website
ORD-103644,2026-04-18 08:14,C00037,SKU-1001,Mechanical keyboard,Peripherals,1,"Rs 9,800",5,PK,retail
ORD-102242,2025-09-19 14:14,C00488,SKU-1009,Webcam 1080p,Video,1,"Rs 5,400",0,PK,Website
ORD-105607,2025-06-09 14:14,C00310,SKU-1002,Wireless mouse,Peripherals,2,"Rs 2,600",0,pakistan,Website
ORD-101433,2026-05-16 19:14,C00445,SKU-1007,Noise cancelling headset,Audio,1,"Rs 6,900",0,Pakistan,Website
ORD-100606,2026-08-27 07:14,C00053,SKU-1007,Noise cancelling headset,Audio,2,"Rs 6,900",10,Saudi Arabia,website
ORD-101520,2025-05-26 12:14,C00557,SKU-1010,65W GaN charger,Power,2,"Rs 3,900",0,UK,marketplace
ORD-105490,2026-06-02 09:14,C00849,SKU-1007,Noise cancelling headset,Audio,1,"Rs 6,900",0,United Kingdom,retail
ORD-105720,2026-06-07 15:14,C00037,SKU-1008,1TB portable SSD,Storage,1,"Rs 13,500",5,PK,Website
ORD-102831,2025-06-22 17:14,C00109,SKU-1010,65W GaN charger,Power,1,"Rs 3,900",0,pakistan,website
ORD-105040,2026-07-01 13:14,C00128,SKU-1002,Wireless mouse,Peripherals,1,"Rs 2,600",0,UAE,retail
ORD-103779,2026-04-18 14:14,C00119,SKU-1003,USB-C cable 2m,Cables,-2,Rs 850,0,United Arab Emirates,marketplace
ORD-101656,2025-03-25 08:14,C00077,SKU-1005,24 inch monitor,Displays,1,"Rs 32,900",0,PK,website
ORD-104459,2025-04-26 09:14,C00512,SKU-1007,Noise cancelling headset,Audio,1,"Rs 6,900",0,Pakistan,retail
ORD-104434,2025-03-22 15:14,C00120,SKU-1003,USB-C cable 2m,Cables,2,Rs 850,0,pakistan,marketplace
ORD-105579,2025-08-17 12:14,C00043,SKU-1006,Laptop stand,Accessories,1,"Rs 4,200",10,United Kingdom,Website
ORD-101010,2025-07-25 14:14,C00653,SKU-1008,1TB portable SSD,Storage,1,"Rs 13,500",0,Saudi Arabia,website
ORD-103446,2025-12-07 10:14,C00860,SKU-1010,65W GaN charger,Power,1,"Rs 3,900",10,UAE,retail
ORD-101671,2025-04-12 16:14,C00707,SKU-1010,65W GaN charger,Power,-1,"Rs 3,900",0,pakistan,retail
ORD-104510,2025-11-30 15:14,C00277,SKU-1004,HDMI cable 1.5m,Cables,1,"Rs 1,300",10,Pakistan,Website
ORD-105140,2025-04-02 12:14,C00317,SKU-1003,USB-C cable 2m,Cables,1,Rs 850,20,Pakistan,website
ORD-103365,2025-10-12 09:14,C00183,SKU-1010,65W GaN charger,Power,3,"Rs 3,900",0,pakistan,marketplace
ORD-103699,2025-07-17 15:14,C00634,SKU-1003,USB-C cable 2m,Cables,3,Rs 850,10,UK,marketplace
ORD-103152,2026-05-07 20:14,C00036,SKU-1010,65W GaN charger,Power,5,"Rs 3,900",0,Pakistan,Website
ORD-102721,2025-11-02 20:14,C00031,SKU-1006,Laptop stand,Accessories,1,"Rs 4,200",0,United Kingdom,marketplace
ORD-101724,2025-08-31 16:14,C00010,SKU-1003,USB-C cable 2m,Cables,1,Rs 850,0,United Arab Emirates,website
ORD-103981,2025-08-16 08:14,C00430,SKU-1003,USB-C cable 2m,Cables,1,Rs 850,0,PK,retail
ORD-100002,2026-05-01 14:14,C00402,SKU-1010,65W GaN charger,Power,1,"Rs 3,900",5,pakistan,website
ORD-101391,2025-09-15 16:14,C00661,SKU-1003,USB-C cable 2m,Cables,1,Rs 850,0,PK,Website
ORD-103972,2025-05-01 13:14,C00037,SKU-1010,65W GaN charger,Power,1,"Rs 3,900",0,United Arab Emirates,retail
ORD-100297,2026-03-12 13:14,C00040,SKU-1001,Mechanical keyboard,Peripherals,2,"Rs 9,800",0,United Kingdom,retail
ORD-104335,2026-08-05 07:14,C00790,SKU-1008,1TB portable SSD,Storage,1,"Rs 13,500",0,PK,website
ORD-104152,2025-12-16 17:14,C00418,SKU-1002,Wireless mouse,Peripherals,1,"Rs 2,600",5,PK,website
ORD-100974,2025-12-15 10:14,C00021,SKU-1009,Webcam 1080p,Video,1,"Rs 5,400",0,pakistan,marketplace
ORD-105970,2025-04-09 13:14,C00013,SKU-1007,Noise cancelling headset,Audio,2,"Rs 6,900",0,Saudi Arabia,marketplace
ORD-100559,19/08/2025,C00168,SKU-1009,Webcam 1080p,Video,1,"Rs 5,400",0,UK,marketplace
ORD-101659,2025-10-05 14:14,C00020,SKU-1002,Wireless mouse,Peripherals,1,"Rs 2,600",0,UAE,marketplace
ORD-100515,2026-06-27 09:14,C00005,SKU-1007,Noise cancelling headset,Audio,1,"Rs 6,900",10,Saudi Arabia,marketplace
ORD-103190,2026-06-27 18:14,C00050,SKU-1001,Mechanical keyboard,Peripherals,1,"Rs 9,800",0,UAE,website
ORD-103396,2025-04-17 16:14,C00232,SKU-1010,65W GaN charger,Power,2,"Rs 3,900",20,United Kingdom,retail
ORD-105537,2026-04-26 12:14,C00269,SKU-1009,Webcam 1080p,Video,1,"Rs 5,400",5,UK,Website
ORD-100992,2025-06-11 18:14,C00008,SKU-1004,HDMI cable 1.5m,Cables,5,"Rs 1,300",0,PK,retail
ORD-103963,2026-07-18 19:14,C00046,SKU-1005,24 inch monitor,Displays,1,"Rs 32,900",5,United Kingdom,marketplace
ORD-104632,2026-01-07 15:14,C00888,SKU-1005,24 inch monitor,Displays,1,"Rs 32,900",0,United Kingdom,website
ORD-102631,2025-09-18 10:14,C00029,SKU-1004,HDMI cable 1.5m,Cables,2,"Rs 1,300",0,PK,retail
ORD-102192,23/07/2025,C00015,SKU-1004,HDMI cable 1.5m,Cables,3,"Rs 1,300",0,Pakistan,retail
ORD-101215,2025-07-05 11:14,C00455,SKU-1006,Laptop stand,Accessories,1,"Rs 4,200",0,UAE,marketplace
ORD-100250,2026-01-24 15:14,C00330,SKU-1010,65W GaN charger,Power,1,"Rs 3,900",0,pakistan,retail
ORD-105760,2025-12-31 11:14,C00008,SKU-1003,USB-C cable 2m,Cables,1,Rs 850,0,PK,marketplace
ORD-103486,2025-05-07 16:14,C00678,SKU-1008,1TB portable SSD,Storage,1,"Rs 13,500",5,pakistan,marketplace
ORD-103090,2025-12-14 14:14,C00046,SKU-1001,Mechanical keyboard,Peripherals,1,"Rs 9,800",0,PK,website
ORD-103735,2025-12-08 14:14,C00058,SKU-1005,24 inch monitor,Displays,1,"Rs 32,900",0,PK,Website
ORD-101681,2026-07-10 12:14,C00859,SKU-1006,Laptop stand,Accessories,2,"Rs 4,200",0,PK,Website
ORD-103044,2026-07-25 19:14,C00755,SKU-1002,Wireless mouse,Peripherals,1,"Rs 2,600",0,Saudi Arabia,Website
ORD-103305,2026-02-19 12:14,C00401,SKU-1001,Mechanical keyboard,Peripherals,5,"Rs 9,800",5,Pakistan,website
ORD-102295,2026-04-02 09:14,C00814,SKU-1002,Wireless mouse,Peripherals,3,"Rs 2,600",0,pakistan,retail
ORD-100295,2025-04-15 13:14,C00031,SKU-1001,Mechanical keyboard,Peripherals,1,"Rs 9,800",0,pakistan,website
ORD-101087,2025-08-21 08:14,C00876,SKU-1005,24 inch monitor,Displays,3,"Rs 32,900",0,United Arab Emirates,website
ORD-102370,2026-05-31 13:14,C00550,SKU-1007,Noise cancelling headset,Audio,2,"Rs 6,900",0,UAE,website
ORD-104989,2025-10-23 09:14,C00612,SKU-1007,Noise cancelling headset,Audio,1,"Rs 6,900",0,United Kingdom,marketplace
ORD-105587,2026-02-05 14:14,C00036,SKU-1009,Webcam 1080p,Video,1,"Rs 5,400",0,United Kingdom,retail
ORD-100923,2026-08-10 18:14,C00139,SKU-1008,1TB portable SSD,Storage,1,"Rs 13,500",0,pakistan,retail
ORD-104706,2025-08-28 14:14,C00034,SKU-1009,Webcam 1080p,Video,1,"Rs 5,400",0,Saudi Arabia,Website
ORD-102576,2025-08-21 09:14,C00048,SKU-1003,USB-C cable 2m,Cables,1,Rs 850,0,PK,retail
ORD-103065,2026-03-10 07:14,C00039,SKU-1005,24 inch monitor,Displays,2,"Rs 32,900",5,PK,Website
ORD-100707,2025-06-16 13:14,C00003,SKU-1002,Wireless mouse,Peripherals,2,"Rs 2,600",0,UAE,marketplace
ORD-105425,2026-01-27 18:14,C00602,SKU-1001,Mechanical keyboard,Peripherals,1,"Rs 9,800",0,UK,website
ORD-101492,2025-09-30 16:14,C00400,SKU-1001,Mechanical keyboard,Peripherals,1,"Rs 9,800",0,United Arab Emirates,retail
ORD-105805,2026-09-08 20:14,C00031,SKU-1003,USB-C cable 2m,Cables,1,Rs 850,0,United Kingdom,website
ORD-104044,2026-04-19 20:14,C00044,SKU-1005,24 inch monitor,Displays,1,"Rs 32,900",0,pakistan,retail
ORD-101569,2026-03-15 12:14,C00049,SKU-1002,Wireless mouse,Peripherals,1,"Rs 2,600",0,UK,website
ORD-101149,2025-10-17 09:14,C00644,SKU-1001,Mechanical keyboard,Peripherals,1,"Rs 9,800",0,United Arab Emirates,website
ORD-104881,2025-07-05 15:14,C00646,SKU-1001,Mechanical keyboard,Peripherals,1,"Rs 9,800",0,UK,Website
ORD-100068,2025-10-26 18:14,C00873,SKU-1002,Wireless mouse,Peripherals,2,"Rs 2,600",0,pakistan,marketplace
ORD-104959,2026-07-16 13:14,C00607,SKU-1007,Noise cancelling headset,Audio,1,"Rs 6,900",20,UK,retail
ORD-102121,2025-11-19 16:14,C00759,SKU-1009,Webcam 1080p,Video,2,"Rs 5,400",5,UAE,Website
ORD-100937,2025-09-30 10:14,C00389,SKU-1007,Noise cancelling headset,Audio,1,"Rs 6,900",0,Pakistan,retail
ORD-102806,2026-04-26 07:14,C00304,SKU-1010,65W GaN charger,Power,1,"Rs 3,900",0,PK,Website
ORD-101239,2026-05-08 10:14,C00048,SKU-1004,HDMI cable 1.5m,Cables,1,"Rs 1,300",0,UAE,marketplace
ORD-100832,2026-08-25 09:14,C00151,SKU-1002,Wireless mouse,Peripherals,1,"Rs 2,600",0,United Arab Emirates,website
ORD-102140,2026-01-02 14:14,C00227,SKU-1009,Webcam 1080p,Video,1,"Rs 5,400",0,pakistan,website
ORD-100231,2025-07-20 13:14,C00006,SKU-1003,USB-C cable 2m,Cables,1,Rs 850,0,Saudi Arabia,Website
ORD-101720,2026-03-23 17:14,C00021,SKU-1003,USB-C cable 2m,Cables,1,,5,Pakistan,Website
ORD-104024,2025-11-30 18:14,C00743,SKU-1008,1TB portable SSD,Storage,1,"Rs 13,500",5,PK,Website
ORD-101879,2025-11-19 17:14,C00160,SKU-1008,1TB portable SSD,Storage,2,"Rs 13,500",0,PK,marketplace
ORD-104091,2025-05-08 13:14,C00030,SKU-1005,24 inch monitor,Displays,1,"Rs 32,900",0,Saudi Arabia,marketplace
ORD-100384,2026-04-18 20:14,C00435,SKU-1005,24 inch monitor,Displays,1,"Rs 32,900",0,Pakistan,marketplace
ORD-105229,2026-02-07 09:14,C00312,SKU-1010,65W GaN charger,Power,1,"Rs 3,900",0,pakistan,retail
ORD-102834,2026-05-28 14:14,C00588,SKU-1004,HDMI cable 1.5m,Cables,1,"Rs 1,300",10,PK,Website
ORD-104312,2026-06-30 09:14,C00466,SKU-1008,1TB portable SSD,Storage,2,"Rs 13,500",0,United Arab Emirates,Website
ORD-101344,2025-11-26 12:14,C00811,SKU-1004,HDMI cable 1.5m,Cables,3,"Rs 1,300",0,Pakistan,Website
ORD-104067,2026-01-08 16:14,C00168,SKU-1001,Mechanical keyboard,Peripherals,1,"Rs 9,800",0,UK,retail
ORD-101380,2025-07-19 07:14,C00665,SKU-1007,Noise cancelling headset,Audio,1,"Rs 6,900",0,United Arab Emirates,Website
ORD-104136,2026-03-09 11:14,C00041,SKU-1005,24 inch monitor,Displays,1,"Rs 32,900",0,Pakistan,Website
ORD-104562,2026-03-21 12:14,C00026,SKU-1009,Webcam 1080p,Video,2,"Rs 5,400",5,UK,website
ORD-105022,2026-05-17 14:14,C00029,SKU-1001,Mechanical keyboard,Peripherals,1,"Rs 9,800",20,pakistan,Website
ORD-103701,2025-05-20 18:14,C00164,SKU-1004,HDMI cable 1.5m,Cables,1,"Rs 1,300",0,UAE,Website
ORD-102812,2025-04-11 20:14,C00145,SKU-1009,Webcam 1080p,Video,1,"Rs 5,400",5,United Arab Emirates,marketplace
ORD-105196,2026-07-28 11:14,C00527,SKU-1001,Mechanical keyboard,Peripherals,1,"Rs 9,800",5,Saudi Arabia,website
ORD-101221,2026-07-02 20:14,C00218,SKU-1002,Wireless mouse,Peripherals,1,"Rs 2,600",0,PK,Website
ORD-102175,2025-12-27 17:14,C00038,SKU-1004,HDMI cable 1.5m,Cables,1,"Rs 1,300",0,UAE,Website
ORD-104142,2025-11-25 10:14,,SKU-1009,Webcam 1080p,Video,-1,"Rs 5,400",0,United Arab Emirates,marketplace
ORD-102786,2025-10-03 11:14,C00803,SKU-1002,Wireless mouse,Peripherals,1,"Rs 2,600",0,PK,marketplace
ORD-104225,2025-12-03 17:14,C00532,SKU-1005,24 inch monitor,Displays,1,"Rs 32,900",0,United Arab Emirates,website
ORD-100959,2025-09-03 14:14,C00859,SKU-1001,Mechanical keyboard,Peripherals,1,"Rs 9,800",0,Saudi Arabia,website
ORD-104780,2025-08-13 07:14,C00835,SKU-1004,HDMI cable 1.5m,Cables,2,"Rs 1,300",0,Pakistan,Website
ORD-105235,2025-05-08 16:14,C00014,SKU-1001,Mechanical keyboard,Peripherals,1,"Rs 9,800",0,Pakistan,website
ORD-101705,2025-05-21 08:14,C00130,SKU-1005,24 inch monitor,Displays,1,"Rs 32,900",0,United Arab Emirates,website
ORD-105055,2025-08-16 08:14,C00103,SKU-1007,Noise cancelling headset,Audio,1,"Rs 6,900",0,PK,marketplace
ORD-101601,2026-03-07 11:14,C00129,SKU-1006,Laptop stand,Accessories,1,"Rs 4,200",10,United Kingdom,retail
ORD-100459,2026-05-21 08:14,C00545,SKU-1007,Noise cancelling headset,Audio,1,"Rs 6,900",0,United Arab Emirates,Website
ORD-101617,2025-10-14 08:14,C00200,SKU-1009,Webcam 1080p,Video,1,"Rs 5,400",0,pakistan,website
ORD-102628,2025-08-03 10:14,C00687,SKU-1008,1TB portable SSD,Storage,1,"Rs 13,500",0,UK,retail
ORD-102761,2026-04-05 10:14,C00677,SKU-1009,Webcam 1080p,Video,1,"Rs 5,400",5,UAE,website
ORD-105727,2025-07-31 12:14,C00368,SKU-1003,USB-C cable 2m,Cables,2,Rs 850,0,United Kingdom,Website
ORD-105534,2026-02-04 19:14,,SKU-1010,65W GaN charger,Power,1,"Rs 3,900",5,pakistan,retail
ORD-103934,2026-07-30 14:14,C00032,SKU-1003,USB-C cable 2m,Cables,2,Rs 850,10,Saudi Arabia,retail
ORD-105176,2025-11-20 17:14,C00822,SKU-1008,1TB portable SSD,Storage,1,"Rs 13,500",20,UAE,Website
ORD-101257,2025-07-28 10:14,C00042,SKU-1003,USB-C cable 2m,Cables,1,Rs 850,5,UK,marketplace
ORD-101309,2025-10-08 12:14,C00720,SKU-1007,Noise cancelling headset,Audio,2,,10,PK,retail
ORD-102908,16/12/2025,C00810,SKU-1005,24 inch monitor,Displays,2,"Rs 32,900",0,United Kingdom,retail
ORD-105457,2025-12-18 17:14,C00840,SKU-1010,65W GaN charger,Power,1,"Rs 3,900",0,pakistan,marketplace
ORD-103881,2025-06-30 20:14,C00003,SKU-1004,HDMI cable 1.5m,Cables,1,"Rs 1,300",0,Pakistan,marketplace
ORD-103909,2025-12-05 12:14,C00298,SKU-1007,Noise cancelling headset,Audio,1,"Rs 6,900",5,UAE,Website
ORD-103408,2025-08-11 20:14,C00418,SKU-1009,Webcam 1080p,Video,1,"Rs 5,400",0,United Arab Emirates,website
ORD-102366,2026-05-03 15:14,C00090,SKU-1005,24 inch monitor,Displays,1,"Rs 32,900",0,PK,retail
ORD-101420,2025-05-19 14:14,C00002,SKU-1002,Wireless mouse,Peripherals,1,"Rs 2,600",5,Saudi Arabia,retail
ORD-104755,2026-08-23 08:14,C00048,SKU-1003,USB-C cable 2m,Cables,1,Rs 850,0,United Kingdom,retail
ORD-104022,2026-04-14 17:14,C00720,SKU-1001,Mechanical keyboard,Peripherals,2,"Rs 9,800",10,United Arab Emirates,website
ORD-100577,2026-01-03 07:14,C00291,SKU-1005,24 inch monitor,Displays,1,"Rs 32,900",5,pakistan,website
ORD-105158,2026-06-24 10:14,C00059,SKU-1005,24 inch monitor,Displays,1,"Rs 32,900",0,United Arab Emirates,marketplace
ORD-103407,2025-06-09 20:14,C00206,SKU-1004,HDMI cable 1.5m,Cables,1,"Rs 1,300",0,PK,marketplace
ORD-100917,2025-10-19 18:14,C00019,SKU-1010,65W GaN charger,Power,1,"Rs 3,900",0,UAE,Website
ORD-102530,2025-10-27 18:14,C00055,SKU-1005,24 inch monitor,Displays,1,"Rs 32,900",0,United Arab Emirates,website
ORD-104408,2025-03-29 11:14,C00041,SKU-1002,Wireless mouse,Peripherals,1,"Rs 2,600",5,United Arab Emirates,retail
ORD-104508,2026-03-03 17:14,C00587,SKU-1005,24 inch monitor,Displays,2,"Rs 32,900",0,UAE,website
ORD-103132,2025-08-03 13:14,C00184,SKU-1006,Laptop stand,Accessories,1,"Rs 4,200",10,UAE,retail
ORD-101286,2025-12-29 17:14,C00002,SKU-1009,Webcam 1080p,Video,1,"Rs 5,400",5,Pakistan,Website
ORD-104493,2026-08-03 17:14,C00432,SKU-1006,Laptop stand,Accessories,1,"Rs 4,200",0,United Arab Emirates,marketplace
ORD-102136,2025-05-14 08:14,C00251,SKU-1010,65W GaN charger,Power,1,"Rs 3,900",0,pakistan,retail
ORD-105018,2025-06-14 18:14,C00013,SKU-1007,Noise cancelling headset,Audio,1,"Rs 6,900",5,UK,marketplace
ORD-103462,2026-04-15 11:14,C00594,SKU-1004,HDMI cable 1.5m,Cables,1,"Rs 1,300",0,Pakistan,website
ORD-101220,2025-05-06 18:14,C00407,SKU-1007,Noise cancelling headset,Audio,1,"Rs 6,900",0,pakistan,website
ORD-104625,23/07/2025,C00039,SKU-1004,HDMI cable 1.5m,Cables,1,"Rs 1,300",20,Saudi Arabia,retail
ORD-105515,2025-11-28 13:14,C00761,SKU-1006,Laptop stand,Accessories,1,"Rs 4,200",0,United Kingdom,retail
ORD-104298,2026-03-30 18:14,C00015,SKU-1010,65W GaN charger,Power,1,"Rs 3,900",5,UAE,marketplace
ORD-105521,2025-03-24 07:14,C00639,SKU-1005,24 inch monitor,Displays,1,"Rs 32,900",0,pakistan,Website
ORD-103340,2025-04-10 07:14,C00635,SKU-1006,Laptop stand,Accessories,1,"Rs 4,200",0,United Kingdom,Website
ORD-100239,2025-11-08 14:14,C00172,SKU-1007,Noise cancelling headset,Audio,1,"Rs 6,900",0,UK,retail
ORD-100554,2026-06-02 14:14,C00229,SKU-1004,HDMI cable 1.5m,Cables,1,"Rs 1,300",5,UAE,marketplace
ORD-105661,2026-01-02 18:14,C00631,SKU-1005,24 inch monitor,Displays,1,"Rs 32,900",0,UAE,website
ORD-102645,2026-08-24 14:14,C00104,SKU-1004,HDMI cable 1.5m,Cables,1,"Rs 1,300",20,UK,retail
ORD-103172,2025-04-10 16:14,C00554,SKU-1007,Noise cancelling headset,Audio,1,"Rs 6,900",0,pakistan,website
ORD-105633,2026-03-03 09:14,C00639,SKU-1008,1TB portable SSD,Storage,1,"Rs 13,500",5,United Kingdom,website
ORD-103376,2026-08-17 20:14,C00018,SKU-1004,HDMI cable 1.5m,Cables,1,"Rs 1,300",5,United Arab Emirates,marketplace
ORD-101944,2026-07-31 19:14,C00056,SKU-1010,65W GaN charger,Power,3,"Rs 3,900",0,pakistan,retail
ORD-103935,2025-12-18 08:14,C00859,SKU-1001,Mechanical keyboard,Peripherals,1,"Rs 9,800",20,Saudi Arabia,marketplace
ORD-101332,2025-08-25 08:14,C00029,SKU-1002,Wireless mouse,Peripherals,2,"Rs 2,600",10,UAE,Website
ORD-102690,2026-03-27 09:14,C00150,SKU-1004,HDMI cable 1.5m,Cables,1,"Rs 1,300",0,Pakistan,Website
ORD-102025,2025-04-13 18:14,C00272,SKU-1010,65W GaN charger,Power,2,"Rs 3,900",0,United Kingdom,retail
ORD-103267,2025-05-25 07:14,C00681,SKU-1008,1TB portable SSD,Storage,1,"Rs 13,500",0,United Arab Emirates,retail
ORD-103120,2026-05-28 08:14,C00357,SKU-1001,Mechanical keyboard,Peripherals,1,"Rs 9,800",0,Saudi Arabia,website
ORD-105715,2025-07-11 09:14,C00847,SKU-1007,Noise cancelling headset,Audio,1,"Rs 6,900",0,United Arab Emirates,retail
ORD-103253,2026-08-23 13:14,C00004,SKU-1005,24 inch monitor,Displays,1,"Rs 32,900",0,Saudi Arabia,Website
ORD-103879,2025-04-13 16:14,C00011,SKU-1006,Laptop stand,Accessories,1,"Rs 4,200",0,Pakistan,website
ORD-102463,2026-08-12 10:14,C00068,SKU-1004,HDMI cable 1.5m,Cables,2,"Rs 1,300",0,Pakistan,website
ORD-101929,2026-03-10 14:14,C00761,SKU-1008,1TB portable SSD,Storage,1,"Rs 13,500",0,United Kingdom,marketplace
ORD-105778,2026-09-11 17:14,C00024,SKU-1004,HDMI cable 1.5m,Cables,2,"Rs 1,300",0,PK,website
ORD-103971,2026-07-06 18:14,C00044,SKU-1001,Mechanical keyboard,Peripherals,2,"Rs 9,800",5,United Kingdom,marketplace
ORD-101154,2025-10-31 17:14,C00647,SKU-1009,Webcam 1080p,Video,1,"Rs 5,400",10,Saudi Arabia,website
ORD-105242,2026-01-29 13:14,C00885,SKU-1010,65W GaN charger,Power,1,"Rs 3,900",10,UAE,retail
ORD-102525,2025-07-21 10:14,C00008,SKU-1004,HDMI cable 1.5m,Cables,1,"Rs 1,300",0,UK,retail
ORD-103913,2026-04-30 20:14,C00020,SKU-1008,1TB portable SSD,Storage,2,"Rs 13,500",0,United Kingdom,website
ORD-103508,2025-11-25 18:14,C00005,SKU-1001,Mechanical keyboard,Peripherals,1,"Rs 9,800",10,Saudi Arabia,retail
ORD-100044,2025-08-21 15:14,C00490,SKU-1009,Webcam 1080p,Video,2,"Rs 5,400",10,Saudi Arabia,website
ORD-103826,2026-06-28 20:14,C00548,SKU-1007,Noise cancelling headset,Audio,1,"Rs 6,900",0,United Kingdom,marketplace
ORD-105755,2025-05-14 18:14,,SKU-1003,USB-C cable 2m,Cables,2,Rs 850,0,Saudi Arabia,Website
ORD-105936,2025-05-21 16:14,C00525,SKU-1005,24 inch monitor,Displays,1,"Rs 32,900",0,PK,retail
ORD-101485,2026-01-18 10:14,C00007,SKU-1009,Webcam 1080p,Video,1,"Rs 5,400",20,pakistan,website
ORD-105955,2025-07-25 15:14,C00492,SKU-1003,USB-C cable 2m,Cables,1,Rs 850,0,United Kingdom,Website
ORD-102940,2025-08-24 19:14,C00442,SKU-1008,1TB portable SSD,Storage,2,"Rs 13,500",5,UAE,Website
ORD-101331,2025-10-25 11:14,C00418,SKU-1005,24 inch monitor,Displays,2,"Rs 32,900",20,UK,website
ORD-103134,2026-07-31 08:14,C00209,SKU-1007,Noise cancelling headset,Audio,1,"Rs 6,900",0,pakistan,website
ORD-105964,02/01/2026,C00045,SKU-1010,65W GaN charger,Power,1,"Rs 3,900",0,UK,marketplace
ORD-105988,2026-07-09 20:14,C00026,SKU-1001,Mechanical keyboard,Peripherals,1,"Rs 9,800",5,UK,retail
ORD-104878,2026-03-06 15:14,C00058,SKU-1003,USB-C cable 2m,Cables,2,Rs 850,5,UK,Website
ORD-103082,2026-07-20 12:14,C00008,SKU-1005,24 inch monitor,Displays,1,"Rs 32,900",10,Saudi Arabia,website
ORD-100614,2026-04-10 18:14,C00045,SKU-1004,HDMI cable 1.5m,Cables,2,"Rs 1,300",0,pakistan,retail
ORD-100118,2026-04-27 15:14,C00033,SKU-1002,Wireless mouse,Peripherals,1,"Rs 2,600",5,United Kingdom,retail
ORD-102800,2025-09-12 17:14,C00513,SKU-1010,65W GaN charger,Power,1,"Rs 3,900",0,UK,Website
ORD-105526,2025-08-02 18:14,C00200,SKU-1010,65W GaN charger,Power,1,"Rs 3,900",0,United Kingdom,Website
ORD-100993,2026-01-26 09:14,C00174,SKU-1008,1TB portable SSD,Storage,2,"Rs 13,500",0,United Kingdom,retail
ORD-103037,2026-05-02 16:14,C00577,SKU-1009,Webcam 1080p,Video,2,"Rs 5,400",5,Pakistan,retail
ORD-103555,2025-10-02 18:14,C00688,SKU-1001,Mechanical keyboard,Peripherals,3,"Rs 9,800",0,UK,marketplace
ORD-102167,2025-08-10 19:14,C00036,SKU-1007,Noise cancelling headset,Audio,1,"Rs 6,900",0,United Arab Emirates,marketplace
ORD-103386,21/06/2025,C00055,SKU-1005,24 inch monitor,Displays,1,"Rs 32,900",0,Pakistan,retail
ORD-102979,2025-10-15 08:14,C00849,SKU-1008,1TB portable SSD,Storage,1,"Rs 13,500",0,Pakistan,retail
ORD-102636,2026-07-17 18:14,C00048,SKU-1006,Laptop stand,Accessories,1,"Rs 4,200",5,UK,retail
ORD-104051,2025-07-15 09:14,C00816,SKU-1005,24 inch monitor,Displays,1,"Rs 32,900",5,UAE,retail
ORD-101537,2026-01-01 10:14,C00012,SKU-1009,Webcam 1080p,Video,2,"Rs 5,400",0,UK,website
ORD-100918,2025-09-29 07:14,C00348,SKU-1008,1TB portable SSD,Storage,1,"Rs 13,500",0,Pakistan,website
ORD-103633,2025-11-05 18:14,C00138,SKU-1006,Laptop stand,Accessories,1,"Rs 4,200",0,PK,website
ORD-103426,2025-11-17 14:14,C00341,SKU-1003,USB-C cable 2m,Cables,3,Rs 850,0,pakistan,retail
ORD-105799,2026-02-10 12:14,C00001,SKU-1007,Noise cancelling headset,Audio,1,"Rs 6,900",10,Saudi Arabia,retail
ORD-100435,2026-01-28 18:14,C00423,SKU-1008,1TB portable SSD,Storage,1,"Rs 13,500",5,United Kingdom,Website
ORD-102481,2026-06-24 16:14,C00059,SKU-1002,Wireless mouse,Peripherals,1,"Rs 2,600",5,UK,retail
ORD-101269,2025-11-03 12:14,C00183,SKU-1004,HDMI cable 1.5m,Cables,1,"Rs 1,300",20,Pakistan,website
ORD-102540,2025-07-10 07:14,C00123,SKU-1010,65W GaN charger,Power,3,"Rs 3,900",5,United Kingdom,Website
ORD-101176,26/08/2026,C00644,SKU-1008,1TB portable SSD,Storage,1,"Rs 13,500",5,United Arab Emirates,Website
ORD-105433,2026-01-25 07:14,C00787,SKU-1008,1TB portable SSD,Storage,1,"Rs 13,500",0,pakistan,website
ORD-101903,30/06/2025,C00005,SKU-1010,65W GaN charger,Power,1,"Rs 3,900",0,UAE,retail
ORD-104564,2026-02-24 08:14,C00218,SKU-1003,USB-C cable 2m,Cables,1,Rs 850,10,PK,website
ORD-102104,2025-07-06 07:14,C00182,SKU-1004,HDMI cable 1.5m,Cables,1,"Rs 1,300",0,pakistan,marketplace
ORD-100096,2026-02-06 08:14,C00024,SKU-1001,Mechanical keyboard,Peripherals,1,"Rs 9,800",5,UK,marketplace
ORD-104372,2026-01-09 20:14,C00781,SKU-1010,65W GaN charger,Power,1,"Rs 3,900",0,United Arab Emirates,retail
ORD-100877,2025-07-31 17:14,C00019,SKU-1005,24 inch monitor,Displays,5,"Rs 32,900",5,Pakistan,website
ORD-102662,2026-02-02 10:14,C00726,SKU-1009,Webcam 1080p,Video,5,"Rs 5,400",10,United Kingdom,Website
ORD-100160,2025-05-16 11:14,C00052,SKU-1007,Noise cancelling headset,Audio,1,"Rs 6,900",0,UAE,Website
ORD-104386,2026-05-03 16:14,C00389,SKU-1007,Noise cancelling headset,Audio,1,"Rs 6,900",0,Saudi Arabia,website
ORD-104602,18/05/2026,C00665,SKU-1010,65W GaN charger,Power,-3,"Rs 3,900",0,UK,website
ORD-104768,2026-01-23 08:14,C00175,SKU-1002,Wireless mouse,Peripherals,2,"Rs 2,600",0,PK,retail
ORD-104458,2025-09-07 20:14,C00445,SKU-1008,1TB portable SSD,Storage,1,"Rs 13,500",0,pakistan,retail
ORD-101583,2025-05-07 08:14,C00807,SKU-1004,HDMI cable 1.5m,Cables,1,"Rs 1,300",10,pakistan,Website
ORD-102070,2025-08-31 20:14,C00046,SKU-1010,65W GaN charger,Power,1,"Rs 3,900",0,UK,Website
ORD-101462,2025-08-18 15:14,C00282,SKU-1009,Webcam 1080p,Video,1,"Rs 5,400",10,PK,Website
ORD-103564,2026-06-19 09:14,C00026,SKU-1001,Mechanical keyboard,Peripherals,-1,"Rs 9,800",10,UAE,retail
ORD-102872,2026-06-10 08:14,C00006,SKU-1008,1TB portable SSD,Storage,1,"Rs 13,500",0,United Kingdom,Website
ORD-101844,2026-06-22 13:14,C00053,SKU-1006,Laptop stand,Accessories,2,"Rs 4,200",10,UAE,Website
ORD-104567,2026-02-08 07:14,C00528,SKU-1005,24 inch monitor,Displays,1,"Rs 32,900",0,Pakistan,website
ORD-104228,2026-08-06 16:14,C00667,SKU-1007,Noise cancelling headset,Audio,1,"Rs 6,900",5,Pakistan,retail
ORD-105802,2025-04-21 14:14,C00013,SKU-1010,65W GaN charger,Power,1,"Rs 3,900",10,United Kingdom,retail
ORD-102296,2025-06-11 13:14,C00819,SKU-1010,65W GaN charger,Power,1,"Rs 3,900",0,United Kingdom,retail
ORD-103725,2025-09-16 12:14,C00636,SKU-1003,USB-C cable 2m,Cables,3,Rs 850,0,United Arab Emirates,website
ORD-101217,2026-06-18 12:14,C00188,SKU-1002,Wireless mouse,Peripherals,1,"Rs 2,600",0,UAE,retail
ORD-105756,2025-05-23 13:14,C00851,SKU-1008,1TB portable SSD,Storage,1,"Rs 13,500",0,Pakistan,website
ORD-100401,2025-11-16 20:14,C00024,SKU-1005,24 inch monitor,Displays,3,"Rs 32,900",0,pakistan,marketplace
ORD-100781,2026-03-31 12:14,C00726,SKU-1001,Mechanical keyboard,Peripherals,1,"Rs 9,800",0,pakistan,retail
ORD-102533,2025-04-11 11:14,C00061,SKU-1009,Webcam 1080p,Video,1,"Rs 5,400",5,UAE,Website
ORD-100272,2025-07-26 09:14,C00006,SKU-1005,24 inch monitor,Displays,1,"Rs 32,900",0,UK,marketplace
ORD-102180,2026-08-30 18:14,C00667,SKU-1001,Mechanical keyboard,Peripherals,1,"Rs 9,800",0,United Kingdom,retail
ORD-101793,2026-08-16 18:14,C00015,SKU-1001,Mechanical keyboard,Peripherals,2,"Rs 9,800",0,UK,retail
ORD-102719,2025-10-27 20:14,C00712,SKU-1006,Laptop stand,Accessories,1,"Rs 4,200",0,UK,Website
ORD-105956,2026-08-15 16:14,C00599,SKU-1003,USB-C cable 2m,Cables,1,Rs 850,5,Saudi Arabia,website
ORD-103198,2025-06-07 12:14,C00497,SKU-1007,Noise cancelling headset,Audio,2,"Rs 6,900",0,United Kingdom,marketplace
ORD-100271,2026-05-02 11:14,C00725,SKU-1009,Webcam 1080p,Video,1,"Rs 5,400",0,United Kingdom,marketplace
ORD-101194,2026-01-31 07:14,C00012,SKU-1010,65W GaN charger,Power,3,"Rs 3,900",0,Pakistan,retail
ORD-103935,2025-12-18 08:14,C00859,SKU-1001,Mechanical keyboard,Peripherals,1,"Rs 9,800",20,Saudi Arabia,marketplace
ORD-105916,2026-04-01 12:14,C00003,SKU-1010,65W GaN charger,Power,2,"Rs 3,900",0,Pakistan,retail
ORD-102489,2025-11-23 09:14,C00523,SKU-1005,24 inch monitor,Displays,1,"Rs 32,900",0,Saudi Arabia,marketplace
ORD-102763,2025-07-17 11:14,C00391,SKU-1007,Noise cancelling headset,Audio,1,"Rs 6,900",0,UAE,website
ORD-103416,2025-06-14 17:14,C00016,SKU-1002,Wireless mouse,Peripherals,3,"Rs 2,600",10,PK,marketplace
ORD-103237,2025-06-22 17:14,C00143,SKU-1010,65W GaN charger,Power,1,"Rs 3,900",0,Pakistan,website
ORD-105129,2025-09-29 18:14,C00484,SKU-1008,1TB portable SSD,Storage,-1,"Rs 13,500",10,United Kingdom,website
ORD-101800,2026-04-17 11:14,C00691,SKU-1009,Webcam 1080p,Video,2,"Rs 5,400",0,Saudi Arabia,Website
ORD-103177,2025-06-29 16:14,C00018,SKU-1006,Laptop stand,Accessories,2,"Rs 4,200",20,Saudi Arabia,marketplace
ORD-103734,2026-09-06 16:14,C00024,SKU-1002,Wireless mouse,Peripherals,1,"Rs 2,600",0,Pakistan,retail
ORD-102699,2025-03-29 20:14,C00452,SKU-1009,Webcam 1080p,Video,1,"Rs 5,400",0,United Kingdom,retail
ORD-102758,2025-10-11 10:14,C00017,SKU-1005,24 inch monitor,Displays,1,"Rs 32,900",10,pakistan,Website
ORD-104019,2026-03-12 11:14,C00052,SKU-1005,24 inch monitor,Displays,1,"Rs 32,900",5,Saudi Arabia,Website
ORD-101429,2026-04-17 14:14,C00008,SKU-1005,24 inch monitor,Displays,2,"Rs 32,900",0,Pakistan,marketplace
ORD-100834,2026-06-03 12:14,C00896,SKU-1004,HDMI cable 1.5m,Cables,1,"Rs 1,300",0,UAE,retail
ORD-100620,2026-01-20 14:14,C00060,SKU-1004,HDMI cable 1.5m,Cables,1,"Rs 1,300",0,United Arab Emirates,website
ORD-103686,2026-01-05 14:14,,SKU-1005,24 inch monitor,Displays,1,"Rs 32,900",0,UAE,retail
ORD-100590,2025-03-29 19:14,C00138,SKU-1008,1TB portable SSD,Storage,1,"Rs 13,500",0,Pakistan,website
ORD-105541,2025-04-14 18:14,C00201,SKU-1007,Noise cancelling headset,Audio,1,"Rs 6,900",0,United Kingdom,website
ORD-105349,2026-06-21 10:14,C00498,SKU-1006,Laptop stand,Accessories,1,"Rs 4,200",0,Saudi Arabia,website
ORD-105876,2025-07-13 15:14,C00044,SKU-1002,Wireless mouse,Peripherals,1,"Rs 2,600",0,Saudi Arabia,website
ORD-101927,2026-03-09 11:14,C00047,SKU-1003,USB-C cable 2m,Cables,1,Rs 850,0,PK,marketplace
ORD-100059,2025-10-02 09:14,C00689,SKU-1002,Wireless mouse,Peripherals,1,"Rs 2,600",20,pakistan,website
ORD-100608,23/10/2025,C00031,SKU-1008,1TB portable SSD,Storage,1,"Rs 13,500",0,Pakistan,website
ORD-104031,2026-02-17 20:14,C00672,SKU-1010,65W GaN charger,Power,1,"Rs 3,900",10,UK,website
ORD-103600,2025-06-28 09:14,C00036,SKU-1003,USB-C cable 2m,Cables,1,Rs 850,0,Pakistan,Website
ORD-101811,2026-08-21 19:14,C00033,SKU-1004,HDMI cable 1.5m,Cables,1,"Rs 1,300",5,United Kingdom,website
ORD-104492,2025-04-09 19:14,C00028,SKU-1004,HDMI cable 1.5m,Cables,1,"Rs 1,300",10,United Arab Emirates,retail
ORD-103481,2025-07-13 18:14,C00642,SKU-1001,Mechanical keyboard,Peripherals,1,"Rs 9,800",20,Pakistan,website
ORD-104415,2026-08-18 15:14,C00016,SKU-1010,65W GaN charger,Power,1,"Rs 3,900",20,Saudi Arabia,retail
ORD-100504,2025-07-28 10:14,C00679,SKU-1006,Laptop stand,Accessories,1,"Rs 4,200",5,United Arab Emirates,retail
ORD-104596,2026-07-22 12:14,C00572,SKU-1010,65W GaN charger,Power,-2,"Rs 3,900",0,pakistan,retail
ORD-105514,2026-04-25 15:14,C00171,SKU-1009,Webcam 1080p,Video,1,"Rs 5,400",0,UAE,marketplace
ORD-105382,2025-07-16 10:14,C00473,SKU-1001,Mechanical keyboard,Peripherals,2,"Rs 9,800",20,United Kingdom,marketplace
ORD-101026,2026-07-18 13:14,C00414,SKU-1002,Wireless mouse,Peripherals,1,"Rs 2,600",0,Saudi Arabia,retail
ORD-102305,2025-06-14 17:14,C00370,SKU-1010,65W GaN charger,Power,2,"Rs 3,900",0,United Arab Emirates,Website
ORD-105572,2026-06-18 15:14,C00440,SKU-1003,USB-C cable 2m,Cables,1,Rs 850,0,PK,website
ORD-105255,2025-10-21 17:14,C00209,SKU-1010,65W GaN charger,Power,1,"Rs 3,900",0,UK,Website
ORD-104123,2026-04-08 09:14,C00275,SKU-1002,Wireless mouse,Peripherals,1,"Rs 2,600",0,United Kingdom,website
ORD-104179,2025-09-09 18:14,C00390,SKU-1001,Mechanical keyboard,Peripherals,1,"Rs 9,800",20,UAE,Website
ORD-104782,12/07/2026,C00054,SKU-1008,1TB portable SSD,Storage,1,"Rs 13,500",0,United Kingdom,Website
ORD-102954,2025-09-24 10:14,C00019,SKU-1002,Wireless mouse,Peripherals,1,"Rs 2,600",0,UK,retail
ORD-100265,2026-05-07 08:14,C00017,SKU-1005,24 inch monitor,Displays,1,"Rs 32,900",0,United Arab Emirates,retail
ORD-105829,2026-05-12 19:14,C00492,SKU-1005,24 inch monitor,Displays,2,"Rs 32,900",0,PK,retail
ORD-100953,2025-12-10 12:14,C00292,SKU-1004,HDMI cable 1.5m,Cables,1,"Rs 1,300",5,United Kingdom,website
ORD-105944,2025-04-29 14:14,C00335,SKU-1002,Wireless mouse,Peripherals,1,"Rs 2,600",10,Pakistan,marketplace
ORD-102626,2026-07-20 15:14,C00684,SKU-1007,Noise cancelling headset,Audio,1,"Rs 6,900",10,Saudi Arabia,marketplace
ORD-103966,2026-01-16 08:14,C00370,SKU-1002,Wireless mouse,Peripherals,1,"Rs 2,600",5,pakistan,retail
ORD-102207,2025-07-10 14:14,C00115,SKU-1001,Mechanical keyboard,Peripherals,1,"Rs 9,800",0,Pakistan,website
ORD-105078,2026-08-15 14:14,C00056,SKU-1002,Wireless mouse,Peripherals,2,"Rs 2,600",0,PK,website
ORD-100678,2025-08-04 07:14,C00726,SKU-1005,24 inch monitor,Displays,2,"Rs 32,900",10,UK,Website
ORD-104242,2026-08-04 13:14,C00069,SKU-1005,24 inch monitor,Displays,1,"Rs 32,900",0,UAE,website
ORD-105494,2025-08-16 09:14,C00053,SKU-1007,Noise cancelling headset,Audio,-1,"Rs 6,900",20,pakistan,marketplace
ORD-104407,2026-06-25 10:14,C00029,SKU-1008,1TB portable SSD,Storage,1,"Rs 13,500",0,UAE,Website
ORD-102322,19/05/2025,C00614,SKU-1002,Wireless mouse,Peripherals,2,"Rs 2,600",0,Pakistan,Website
ORD-103189,2025-05-14 11:14,C00007,SKU-1007,Noise cancelling headset,Audio,1,"Rs 6,900",0,pakistan,retail
ORD-104193,2025-05-22 14:14,C00059,SKU-1006,Laptop stand,Accessories,1,"Rs 4,200",0,UAE,retail
ORD-101735,2025-10-18 10:14,C00502,SKU-1001,Mechanical keyboard,Peripherals,2,"Rs 9,800",0,Pakistan,website
ORD-103233,2025-09-04 20:14,C00023,SKU-1005,24 inch monitor,Displays,1,"Rs 32,900",0,UAE,website
ORD-105043,2026-06-11 15:14,C00326,SKU-1003,USB-C cable 2m,Cables,-1,Rs 850,0,United Arab Emirates,Website
ORD-104586,2026-05-01 18:14,C00019,SKU-1002,Wireless mouse,Peripherals,1,"Rs 2,600",0,United Kingdom,retail
ORD-100232,2025-06-03 08:14,C00053,SKU-1004,HDMI cable 1.5m,Cables,1,"Rs 1,300",20,United Arab Emirates,Website
ORD-102661,2025-06-25 19:14,C00596,SKU-1009,Webcam 1080p,Video,1,"Rs 5,400",10,United Arab Emirates,retail
ORD-101885,2026-08-11 18:14,C00672,SKU-1007,Noise cancelling headset,Audio,1,"Rs 6,900",0,UK,marketplace
ORD-103304,2026-09-03 12:14,C00090,SKU-1003,USB-C cable 2m,Cables,1,Rs 850,20,PK,marketplace
ORD-101999,2026-07-11 17:14,C00703,SKU-1005,24 inch monitor,Displays,1,"Rs 32,900",0,Pakistan,marketplace
ORD-105267,21/07/2026,C00524,SKU-1006,Laptop stand,Accessories,1,"Rs 4,200",0,United Kingdom,Website
ORD-102921,2025-08-08 10:14,C00708,SKU-1004,HDMI cable 1.5m,Cables,1,"Rs 1,300",0,United Kingdom,Website
ORD-105651,2025-07-19 10:14,C00851,SKU-1007,Noise cancelling headset,Audio,1,"Rs 6,900",20,United Kingdom,Website
ORD-101815,2025-05-15 17:14,C00679,SKU-1005,24 inch monitor,Displays,2,"Rs 32,900",0,Saudi Arabia,Website
ORD-101335,2025-11-07 07:14,C00639,SKU-1003,USB-C cable 2m,Cables,1,Rs 850,5,United Kingdom,retail
ORD-105405,2026-06-09 20:14,C00012,SKU-1008,1TB portable SSD,Storage,1,"Rs 13,500",0,Saudi Arabia,marketplace
ORD-100287,2025-10-29 17:14,C00539,SKU-1009,Webcam 1080p,Video,1,"Rs 5,400",10,pakistan,website
ORD-101984,2026-02-20 09:14,C00648,SKU-1002,Wireless mouse,Peripherals,3,"Rs 2,600",0,United Kingdom,Website
ORD-101312,2025-04-23 08:14,C00013,SKU-1008,1TB portable SSD,Storage,1,"Rs 13,500",5,pakistan,retail
ORD-101545,2026-03-16 14:14,C00264,SKU-1010,65W GaN charger,Power,1,"Rs 3,900",0,PK,Website
ORD-103983,2026-04-26 17:14,C00247,SKU-1002,Wireless mouse,Peripherals,2,"Rs 2,600",0,pakistan,marketplace
ORD-104988,2025-03-27 13:14,C00560,SKU-1005,24 inch monitor,Displays,1,"Rs 32,900",0,UK,Website
ORD-100880,2026-07-17 13:14,C00522,SKU-1004,HDMI cable 1.5m,Cables,1,"Rs 1,300",10,Saudi Arabia,retail
ORD-103841,2026-02-04 10:14,C00388,SKU-1001,Mechanical keyboard,Peripherals,1,"Rs 9,800",0,pakistan,retail
ORD-101436,2026-02-11 09:14,C00279,SKU-1002,Wireless mouse,Peripherals,2,"Rs 2,600",0,United Arab Emirates,marketplace
ORD-104852,2026-02-15 11:14,C00192,SKU-1002,Wireless mouse,Peripherals,1,"Rs 2,600",20,Pakistan,website
ORD-101609,22/08/2025,C00380,SKU-1005,24 inch monitor,Displays,1,"Rs 32,900",0,Saudi Arabia,retail
ORD-102695,2026-03-28 14:14,C00330,SKU-1010,65W GaN charger,Power,-1,"Rs 3,900",20,United Kingdom,Website
ORD-104742,2026-01-29 18:14,C00201,SKU-1006,Laptop stand,Accessories,2,"Rs 4,200",10,pakistan,website
ORD-100727,2026-07-03 10:14,C00001,SKU-1007,Noise cancelling headset,Audio,1,"Rs 6,900",0,Pakistan,retail
ORD-101488,2026-08-04 07:14,C00585,SKU-1005,24 inch monitor,Displays,1,"Rs 32,900",0,pakistan,website
ORD-105316,2026-06-16 15:14,C00016,SKU-1007,Noise cancelling headset,Audio,1,"Rs 6,900",20,UK,website
ORD-101590,2026-08-31 15:14,C00072,SKU-1008,1TB portable SSD,Storage,1,"Rs 13,500",0,pakistan,retail
ORD-102084,2026-06-28 10:14,C00031,SKU-1002,Wireless mouse,Peripherals,1,"Rs 2,600",5,UK,website
ORD-100213,16/02/2026,C00046,SKU-1006,Laptop stand,Accessories,1,"Rs 4,200",20,Saudi Arabia,retail
ORD-100822,2025-06-16 07:14,C00035,SKU-1010,65W GaN charger,Power,1,"Rs 3,900",0,Saudi Arabia,marketplace
ORD-102750,2026-02-03 09:14,C00896,SKU-1001,Mechanical keyboard,Peripherals,1,"Rs 9,800",20,United Arab Emirates,website
ORD-101992,2025-06-02 17:14,C00181,SKU-1007,Noise cancelling headset,Audio,2,"Rs 6,900",0,UAE,Website
ORD-104432,2025-10-25 19:14,C00052,SKU-1001,Mechanical keyboard,Peripherals,1,"Rs 9,800",0,United Kingdom,marketplace
ORD-101319,25/05/2026,C00217,SKU-1005,24 inch monitor,Displays,2,"Rs 32,900",5,Pakistan,marketplace
ORD-100201,2025-04-18 20:14,C00029,SKU-1009,Webcam 1080p,Video,-2,"Rs 5,400",0,Saudi Arabia,retail
ORD-102793,2025-06-27 13:14,C00001,SKU-1003,USB-C cable 2m,Cables,5,Rs 850,0,UK,website
ORD-102078,2026-04-07 15:14,C00014,SKU-1004,HDMI cable 1.5m,Cables,1,"Rs 1,300",0,PK,retail
ORD-103638,20/06/2025,C00349,SKU-1008,1TB portable SSD,Storage,2,"Rs 13,500",0,Pakistan,marketplace
ORD-101560,2025-06-03 19:14,C00733,SKU-1006,Laptop stand,Accessories,1,"Rs 4,200",10,pakistan,website
ORD-102870,2025-05-19 12:14,C00010,SKU-1010,65W GaN charger,Power,1,"Rs 3,900",0,Pakistan,retail
ORD-102985,2026-02-03 20:14,C00898,SKU-1001,Mechanical keyboard,Peripherals,1,"Rs 9,800",0,pakistan,Website
ORD-100903,2025-06-03 14:14,C00048,SKU-1005,24 inch monitor,Displays,1,"Rs 32,900",0,Saudi Arabia,marketplace
ORD-103507,2026-07-03 14:14,C00120,SKU-1003,USB-C cable 2m,Cables,1,Rs 850,5,United Kingdom,Website
ORD-101475,2025-04-28 20:14,C00302,SKU-1008,1TB portable SSD,Storage,1,"Rs 13,500",0,UAE,website
ORD-105319,2025-12-20 09:14,C00782,SKU-1008,1TB portable SSD,Storage,1,"Rs 13,500",0,Saudi Arabia,Website
ORD-101891,2026-05-11 10:14,C00028,SKU-1008,1TB portable SSD,Storage,1,"Rs 13,500",0,pakistan,website
ORD-101612,2025-10-13 10:14,C00175,SKU-1009,Webcam 1080p,Video,2,"Rs 5,400",0,United Arab Emirates,website
ORD-100609,2025-10-24 11:14,C00024,SKU-1007,Noise cancelling headset,Audio,3,"Rs 6,900",0,Saudi Arabia,retail
ORD-104317,2025-05-06 13:14,C00052,SKU-1010,65W GaN charger,Power,3,"Rs 3,900",0,United Arab Emirates,Website
ORD-105421,2025-11-19 12:14,C00025,SKU-1009,Webcam 1080p,Video,2,"Rs 5,400",0,UK,Website
ORD-103831,2025-04-20 11:14,C00057,SKU-1001,Mechanical keyboard,Peripherals,1,"Rs 9,800",0,UAE,retail
ORD-102465,2026-05-09 19:14,C00017,SKU-1008,1TB portable SSD,Storage,1,"Rs 13,500",0,Saudi Arabia,website
ORD-104260,2025-06-17 12:14,C00797,SKU-1009,Webcam 1080p,Video,1,"Rs 5,400",0,pakistan,marketplace
ORD-101599,2025-09-30 18:14,C00025,SKU-1003,USB-C cable 2m,Cables,1,Rs 850,0,PK,Website
ORD-105815,2025-10-22 19:14,C00872,SKU-1004,HDMI cable 1.5m,Cables,1,"Rs 1,300",0,pakistan,retail
ORD-105865,2026-02-14 07:14,C00531,SKU-1007,Noise cancelling headset,Audio,5,"Rs 6,900",0,PK,website
ORD-103413,2025-10-09 18:14,C00610,SKU-1005,24 inch monitor,Displays,1,"Rs 32,900",0,United Arab Emirates,Website
ORD-101388,2026-01-08 13:14,C00168,SKU-1007,Noise cancelling headset,Audio,1,"Rs 6,900",5,Saudi Arabia,website
ORD-101886,2025-08-12 16:14,C00033,SKU-1001,Mechanical keyboard,Peripherals,1,"Rs 9,800",0,PK,marketplace
ORD-100422,2025-08-16 13:14,C00007,SKU-1002,Wireless mouse,Peripherals,1,"Rs 2,600",0,Saudi Arabia,Website
ORD-105757,2025-11-24 07:14,C00009,SKU-1006,Laptop stand,Accessories,1,"Rs 4,200",5,United Kingdom,Website
ORD-104695,2026-06-15 13:14,C00020,SKU-1003,USB-C cable 2m,Cables,1,Rs 850,5,Pakistan,marketplace
ORD-105644,2026-06-01 18:14,C00840,SKU-1008,1TB portable SSD,Storage,3,"Rs 13,500",0,UAE,Website
ORD-104813,2026-03-27 16:14,C00046,SKU-1003,USB-C cable 2m,Cables,1,Rs 850,0,Pakistan,retail
ORD-100682,2026-04-05 20:14,C00827,SKU-1006,Laptop stand,Accessories,2,"Rs 4,200",0,PK,retail
ORD-105914,2026-05-04 17:14,C00406,SKU-1002,Wireless mouse,Peripherals,1,"Rs 2,600",0,UK,website
ORD-105307,2026-04-28 07:14,C00276,SKU-1007,Noise cancelling headset,Audio,1,"Rs 6,900",0,pakistan,website
ORD-101324,2025-11-22 19:14,C00033,SKU-1009,Webcam 1080p,Video,1,"Rs 5,400",5,UAE,website
ORD-105046,2026-04-20 10:14,C00005,SKU-1010,65W GaN charger,Power,1,"Rs 3,900",0,UK,retail
ORD-100819,2026-03-12 12:14,C00037,SKU-1002,Wireless mouse,Peripherals,1,"Rs 2,600",5,Pakistan,website
ORD-100612,2026-04-16 13:14,C00411,SKU-1002,Wireless mouse,Peripherals,2,"Rs 2,600",0,pakistan,Website
ORD-105028,2026-05-24 08:14,C00330,SKU-1002,Wireless mouse,Peripherals,1,"Rs 2,600",0,Saudi Arabia,retail
ORD-101799,2026-03-27 19:14,C00438,SKU-1002,Wireless mouse,Peripherals,1,"Rs 2,600",0,Pakistan,marketplace
ORD-101449,2025-07-26 20:14,C00046,SKU-1001,Mechanical keyboard,Peripherals,2,"Rs 9,800",0,UK,Website
ORD-104660,2025-07-11 16:14,C00563,SKU-1006,Laptop stand,Accessories,1,"Rs 4,200",10,pakistan,marketplace
ORD-105469,2026-03-30 10:14,C00098,SKU-1001,Mechanical keyboard,Peripherals,1,"Rs 9,800",0,PK,website
ORD-102675,2025-12-11 14:14,C00397,SKU-1009,Webcam 1080p,Video,1,"Rs 5,400",0,pakistan,marketplace
ORD-102578,2025-11-25 17:14,C00034,SKU-1002,Wireless mouse,Peripherals,-3,"Rs 2,600",10,United Arab Emirates,website
ORD-104997,2026-05-18 18:14,C00033,SKU-1010,65W GaN charger,Power,1,"Rs 3,900",0,UK,Website
ORD-104170,2025-05-05 11:14,C00444,SKU-1007,Noise cancelling headset,Audio,1,"Rs 6,900",0,Pakistan,marketplace
ORD-104995,2026-02-05 20:14,C00003,SKU-1001,Mechanical keyboard,Peripherals,2,"Rs 9,800",0,Saudi Arabia,retail
ORD-100373,2025-04-13 11:14,C00435,SKU-1005,24 inch monitor,Displays,1,"Rs 32,900",0,Saudi Arabia,retail
ORD-104491,2025-07-25 18:14,C00464,SKU-1002,Wireless mouse,Peripherals,1,"Rs 2,600",0,UK,Website
ORD-102892,2026-02-11 19:14,C00025,SKU-1010,65W GaN charger,Power,1,"Rs 3,900",10,pakistan,Website
ORD-103609,2025-09-27 17:14,C00038,SKU-1010,65W GaN charger,Power,1,"Rs 3,900",0,pakistan,marketplace
ORD-105995,2026-08-06 07:14,C00641,SKU-1002,Wireless mouse,Peripherals,1,"Rs 2,600",0,UK,retail
ORD-102023,2026-09-10 13:14,C00094,SKU-1002,Wireless mouse,Peripherals,1,"Rs 2,600",0,Saudi Arabia,marketplace
ORD-100226,2025-07-06 15:14,C00011,SKU-1005,24 inch monitor,Displays,5,"Rs 32,900",10,United Kingdom,retail
ORD-104223,2025-09-27 17:14,C00738,SKU-1005,24 inch monitor,Displays,3,"Rs 32,900",5,Saudi Arabia,Website
ORD-105890,2026-02-28 20:14,C00786,SKU-1009,Webcam 1080p,Video,1,"Rs 5,400",10,Pakistan,marketplace
ORD-102246,2025-04-22 17:14,C00034,SKU-1005,24 inch monitor,Displays,1,"Rs 32,900",0,United Arab Emirates,website
ORD-101011,2025-10-07 09:14,C00014,SKU-1001,Mechanical keyboard,Peripherals,2,"Rs 9,800",5,United Arab Emirates,Website
ORD-103573,2025-04-15 08:14,C00741,SKU-1006,Laptop stand,Accessories,1,"Rs 4,200",0,Saudi Arabia,Website
ORD-105505,09/02/2026,C00611,SKU-1008,1TB portable SSD,Storage,1,"Rs 13,500",0,Pakistan,Website
ORD-104622,2025-03-28 08:14,C00010,SKU-1008,1TB portable SSD,Storage,1,"Rs 13,500",0,UK,retail
ORD-101248,2026-01-04 11:14,C00523,SKU-1007,Noise cancelling headset,Audio,2,"Rs 6,900",0,UAE,Website
ORD-105951,2025-11-02 15:14,C00037,SKU-1001,Mechanical keyboard,Peripherals,1,"Rs 9,800",5,PK,marketplace
ORD-105932,2025-07-18 12:14,C00202,SKU-1004,HDMI cable 1.5m,Cables,1,"Rs 1,300",10,United Kingdom,retail
ORD-105869,2025-07-03 13:14,C00487,SKU-1010,65W GaN charger,Power,1,"Rs 3,900",10,United Arab Emirates,website
ORD-101337,2026-05-22 08:14,C00003,SKU-1010,65W GaN charger,Power,2,"Rs 3,900",0,UAE,website
ORD-101028,2025-04-30 15:14,C00015,SKU-1010,65W GaN charger,Power,3,"Rs 3,900",20,United Kingdom,marketplace
ORD-103285,2026-07-17 20:14,C00014,SKU-1001,Mechanical keyboard,Peripherals,1,"Rs 9,800",0,pakistan,marketplace
ORD-103690,2026-09-11 14:14,C00419,SKU-1010,65W GaN charger,Power,1,"Rs 3,900",0,Saudi Arabia,marketplace
ORD-104007,2025-10-24 16:14,C00331,SKU-1010,65W GaN charger,Power,2,"Rs 3,900",20,UK,website
ORD-103046,2026-07-07 19:14,C00055,SKU-1008,1TB portable SSD,Storage,1,"Rs 13,500",0,PK,retail
ORD-105072,2026-09-12 16:14,C00059,SKU-1002,Wireless mouse,Peripherals,1,"Rs 2,600",10,UK,retail
ORD-103597,2026-05-02 17:14,C00487,SKU-1008,1TB portable SSD,Storage,1,"Rs 13,500",0,Pakistan,retail
ORD-105376,2026-08-15 20:14,C00067,SKU-1009,Webcam 1080p,Video,1,"Rs 5,400",0,PK,website
ORD-104801,2025-03-27 10:14,C00792,SKU-1004,HDMI cable 1.5m,Cables,1,"Rs 1,300",0,PK,retail
ORD-100184,2026-08-11 20:14,C00529,SKU-1010,65W GaN charger,Power,1,"Rs 3,900",10,pakistan,website
ORD-102775,2025-10-22 09:14,C00572,SKU-1003,USB-C cable 2m,Cables,1,Rs 850,0,PK,retail
ORD-102650,2026-06-23 18:14,C00029,SKU-1002,Wireless mouse,Peripherals,2,"Rs 2,600",0,UAE,retail
ORD-104395,2025-09-19 20:14,C00678,SKU-1001,Mechanical keyboard,Peripherals,2,"Rs 9,800",0,PK,Website
ORD-103049,2025-09-13 08:14,C00623,SKU-1006,Laptop stand,Accessories,1,"Rs 4,200",5,United Kingdom,website
ORD-102777,2025-05-04 18:14,C00048,SKU-1009,Webcam 1080p,Video,1,"Rs 5,400",0,pakistan,retail
ORD-103485,2026-01-20 14:14,C00066,SKU-1009,Webcam 1080p,Video,1,"Rs 5,400",0,United Kingdom,retail
ORD-100229,2025-06-03 19:14,C00597,SKU-1008,1TB portable SSD,Storage,2,"Rs 13,500",0,pakistan,marketplace
ORD-102214,2025-04-16 16:14,C00386,SKU-1001,Mechanical keyboard,Peripherals,3,"Rs 9,800",0,pakistan,marketplace
ORD-100689,2026-08-22 10:14,C00347,SKU-1007,Noise cancelling headset,Audio,1,"Rs 6,900",5,Saudi Arabia,retail
ORD-101271,05/07/2026,C00390,SKU-1008,1TB portable SSD,Storage,1,,10,UAE,Website
ORD-104097,2025-06-04 13:14,C00518,SKU-1002,Wireless mouse,Peripherals,-1,"Rs 2,600",0,United Kingdom,Website
ORD-101780,2026-03-05 11:14,C00040,SKU-1010,65W GaN charger,Power,1,"Rs 3,900",0,pakistan,website
ORD-103553,2026-07-26 07:14,C00029,SKU-1003,USB-C cable 2m,Cables,2,Rs 850,0,PK,website
ORD-103158,2026-08-19 13:14,C00100,SKU-1010,65W GaN charger,Power,1,"Rs 3,900",0,PK,marketplace
ORD-103830,2025-07-18 08:14,C00035,SKU-1003,USB-C cable 2m,Cables,1,Rs 850,0,United Kingdom,Website
ORD-104035,2025-07-24 17:14,C00040,SKU-1002,Wireless mouse,Peripherals,2,"Rs 2,600",0,United Kingdom,website
ORD-101969,2025-11-09 08:14,C00045,SKU-1007,Noise cancelling headset,Audio,1,"Rs 6,900",0,pakistan,retail
ORD-101838,2025-12-27 12:14,C00297,SKU-1005,24 inch monitor,Displays,1,"Rs 32,900",0,Pakistan,Website
ORD-100126,2026-03-18 16:14,C00338,SKU-1009,Webcam 1080p,Video,1,"Rs 5,400",0,United Arab Emirates,website
ORD-105990,2026-07-18 17:14,C00873,SKU-1006,Laptop stand,Accessories,-1,"Rs 4,200",0,Saudi Arabia,website
ORD-102037,2025-07-31 15:14,C00243,SKU-1002,Wireless mouse,Peripherals,-1,"Rs 2,600",0,Saudi Arabia,retail
ORD-103592,2025-03-26 17:14,C00734,SKU-1006,Laptop stand,Accessories,1,"Rs 4,200",0,UK,marketplace
ORD-103431,2025-06-12 17:14,C00486,SKU-1001,Mechanical keyboard,Peripherals,1,"Rs 9,800",0,United Kingdom,retail
ORD-104509,2026-04-29 11:14,C00232,SKU-1003,USB-C cable 2m,Cables,1,Rs 850,0,UAE,marketplace
ORD-104939,2026-08-15 10:14,C00024,SKU-1001,Mechanical keyboard,Peripherals,3,"Rs 9,800",5,United Arab Emirates,marketplace
ORD-103593,2026-02-03 18:14,C00643,SKU-1006,Laptop stand,Accessories,2,"Rs 4,200",0,UAE,website
ORD-103846,2026-05-19 17:14,C00456,SKU-1010,65W GaN charger,Power,2,"Rs 3,900",0,Saudi Arabia,website
ORD-104816,2026-01-30 10:14,C00244,SKU-1001,Mechanical keyboard,Peripherals,1,"Rs 9,800",0,United Kingdom,retail
ORD-105271,2025-10-07 20:14,C00734,SKU-1001,Mechanical keyboard,Peripherals,2,"Rs 9,800",5,Saudi Arabia,Website
ORD-103610,2026-05-30 13:14,C00028,SKU-1006,Laptop stand,Accessories,1,"Rs 4,200",0,PK,website
ORD-103629,2026-01-31 20:14,C00032,SKU-1003,USB-C cable 2m,Cables,1,Rs 850,0,United Kingdom,website
ORD-102236,2026-03-02 20:14,C00017,SKU-1002,Wireless mouse,Peripherals,1,"Rs 2,600",0,PK,retail
ORD-100403,2026-06-23 17:14,C00063,SKU-1001,Mechanical keyboard,Peripherals,1,"Rs 9,800",0,United Arab Emirates,retail
ORD-101652,2025-12-29 10:14,C00222,SKU-1001,Mechanical keyboard,Peripherals,1,"Rs 9,800",10,Pakistan,marketplace
ORD-102193,2025-08-23 14:14,C00019,SKU-1009,Webcam 1080p,Video,3,"Rs 5,400",0,pakistan,retail
ORD-105656,2025-06-29 07:14,C00675,SKU-1004,HDMI cable 1.5m,Cables,1,"Rs 1,300",0,Pakistan,marketplace
ORD-101503,2026-08-01 20:14,C00009,SKU-1002,Wireless mouse,Peripherals,2,"Rs 2,600",5,PK,Website
ORD-105582,2025-08-13 10:14,C00136,SKU-1002,Wireless mouse,Peripherals,1,"Rs 2,600",0,United Kingdom,marketplace
ORD-103794,2025-06-18 11:14,C00053,SKU-1004,HDMI cable 1.5m,Cables,1,"Rs 1,300",0,UAE,marketplace
ORD-104568,2026-01-06 09:14,C00054,SKU-1003,USB-C cable 2m,Cables,1,Rs 850,0,United Arab Emirates,website
ORD-100152,2025-09-06 11:14,C00047,SKU-1004,HDMI cable 1.5m,Cables,1,"Rs 1,300",0,PK,marketplace
ORD-100815,2026-08-16 16:14,C00140,SKU-1001,Mechanical keyboard,Peripherals,1,"Rs 9,800",0,PK,website
ORD-105886,2026-01-21 16:14,C00351,SKU-1001,Mechanical keyboard,Peripherals,3,"Rs 9,800",5,Saudi Arabia,retail
ORD-102945,2025-10-28 20:14,C00052,SKU-1008,1TB portable SSD,Storage,1,"Rs 13,500",0,pakistan,website
ORD-100892,2026-06-16 09:14,C00220,SKU-1007,Noise cancelling headset,Audio,1,"Rs 6,900",0,PK,website
ORD-103943,2025-06-24 13:14,C00019,SKU-1003,USB-C cable 2m,Cables,1,Rs 850,0,UK,website
ORD-104293,2025-06-01 10:14,C00600,SKU-1010,65W GaN charger,Power,1,"Rs 3,900",0,United Kingdom,website
ORD-102008,2025-11-28 15:14,C00425,SKU-1007,Noise cancelling headset,Audio,1,"Rs 6,900",20,UAE,website
ORD-101093,2026-04-29 20:14,C00010,SKU-1007,Noise cancelling headset,Audio,1,"Rs 6,900",0,PK,website
ORD-105177,2025-06-04 11:14,C00420,SKU-1007,Noise cancelling headset,Audio,1,"Rs 6,900",0,Saudi Arabia,retail
ORD-103313,2026-01-21 15:14,C00667,SKU-1001,Mechanical keyboard,Peripherals,1,"Rs 9,800",0,UAE,website
ORD-102711,2025-12-18 17:14,C00704,SKU-1004,HDMI cable 1.5m,Cables,1,"Rs 1,300",20,UK,Website
ORD-100734,18/06/2026,C00460,SKU-1002,Wireless mouse,Peripherals,2,"Rs 2,600",0,UAE,Website
ORD-104590,2025-07-16 08:14,C00031,SKU-1006,Laptop stand,Accessories,1,"Rs 4,200",0,United Arab Emirates,marketplace
ORD-100516,2026-08-08 20:14,C00034,SKU-1004,HDMI cable 1.5m,Cables,1,"Rs 1,300",0,Saudi Arabia,Website
ORD-100926,2026-02-15 10:14,C00562,SKU-1002,Wireless mouse,Peripherals,1,"Rs 2,600",0,Saudi Arabia,retail
ORD-101557,2025-07-09 09:14,C00119,SKU-1003,USB-C cable 2m,Cables,2,Rs 850,0,Pakistan,retail
ORD-100842,2025-04-03 14:14,C00008,SKU-1002,Wireless mouse,Peripherals,1,"Rs 2,600",0,United Arab Emirates,Website
ORD-102414,2026-06-21 11:14,C00241,SKU-1008,1TB portable SSD,Storage,1,"Rs 13,500",0,UAE,retail
ORD-101532,2026-07-26 18:14,C00118,SKU-1008,1TB portable SSD,Storage,2,"Rs 13,500",0,United Kingdom,Website
ORD-104761,2025-04-25 07:14,C00774,SKU-1008,1TB portable SSD,Storage,2,"Rs 13,500",0,Pakistan,website
ORD-103332,14/10/2025,C00369,SKU-1002,Wireless mouse,Peripherals,1,"Rs 2,600",0,PK,marketplace
ORD-102118,2025-07-01 09:14,C00806,SKU-1005,24 inch monitor,Displays,1,"Rs 32,900",0,PK,website
ORD-104572,2026-09-08 12:14,C00173,SKU-1007,Noise cancelling headset,Audio,1,"Rs 6,900",0,Pakistan,Website
ORD-105496,2025-09-30 10:14,C00161,SKU-1005,24 inch monitor,Displays,1,"Rs 32,900",5,pakistan,Website
ORD-103755,2026-07-01 07:14,C00057,SKU-1005,24 inch monitor,Displays,1,"Rs 32,900",5,pakistan,website
ORD-105601,2025-12-14 07:14,C00310,SKU-1004,HDMI cable 1.5m,Cables,2,"Rs 1,300",0,UAE,website
ORD-101032,2026-08-11 07:14,C00722,SKU-1004,HDMI cable 1.5m,Cables,1,"Rs 1,300",0,UK,retail
ORD-102064,2025-05-23 16:14,C00012,SKU-1009,Webcam 1080p,Video,-1,"Rs 5,400",5,United Arab Emirates,Website
ORD-101133,2025-07-12 20:14,C00009,SKU-1002,Wireless mouse,Peripherals,2,"Rs 2,600",0,Pakistan,Website
ORD-104356,2026-02-20 16:14,C00006,SKU-1007,Noise cancelling headset,Audio,1,"Rs 6,900",0,United Kingdom,website
ORD-102867,07/05/2025,C00038,SKU-1005,24 inch monitor,Displays,1,"Rs 32,900",0,UAE,website
ORD-103223,2026-08-16 16:14,C00152,SKU-1005,24 inch monitor,Displays,1,"Rs 32,900",0,UAE,retail
ORD-105860,2025-12-27 10:14,C00078,SKU-1009,Webcam 1080p,Video,2,"Rs 5,400",0,PK,retail
ORD-104030,2026-01-25 20:14,C00125,SKU-1009,Webcam 1080p,Video,1,"Rs 5,400",5,UK,Website
ORD-104900,2026-05-22 12:14,C00437,SKU-1003,USB-C cable 2m,Cables,1,Rs 850,10,Saudi Arabia,retail
ORD-105136,2025-10-19 15:14,C00674,SKU-1002,Wireless mouse,Peripherals,1,"Rs 2,600",20,United Kingdom,Website
ORD-100706,2026-01-17 14:14,C00578,SKU-1008,1TB portable SSD,Storage,3,"Rs 13,500",0,Pakistan,Website
ORD-100720,2026-04-03 09:14,C00837,SKU-1007,Noise cancelling headset,Audio,1,"Rs 6,900",0,PK,marketplace
ORD-104791,2025-05-22 08:14,C00408,SKU-1009,Webcam 1080p,Video,3,"Rs 5,400",5,UAE,retail
ORD-105590,2026-01-13 13:14,C00053,SKU-1001,Mechanical keyboard,Peripherals,1,"Rs 9,800",0,PK,website
ORD-103672,2026-02-18 10:14,C00330,SKU-1007,Noise cancelling headset,Audio,1,"Rs 6,900",0,PK,retail
ORD-104066,2026-07-18 13:14,C00570,SKU-1002,Wireless mouse,Peripherals,3,"Rs 2,600",0,pakistan,website
ORD-101374,2025-05-21 20:14,C00314,SKU-1010,65W GaN charger,Power,1,"Rs 3,900",20,Saudi Arabia,Website
ORD-103138,2026-02-22 15:14,C00448,SKU-1002,Wireless mouse,Peripherals,1,"Rs 2,600",0,United Kingdom,retail
ORD-101473,2025-10-14 11:14,C00012,SKU-1006,Laptop stand,Accessories,1,"Rs 4,200",0,United Arab Emirates,marketplace
ORD-105738,2026-07-02 08:14,C00030,SKU-1005,24 inch monitor,Displays,1,"Rs 32,900",0,pakistan,marketplace
ORD-104487,2026-08-11 10:14,C00030,SKU-1009,Webcam 1080p,Video,1,"Rs 5,400",0,Saudi Arabia,retail
ORD-105913,2025-07-04 12:14,C00032,SKU-1007,Noise cancelling headset,Audio,1,"Rs 6,900",0,UK,website
ORD-104011,2026-06-16 12:14,C00035,SKU-1009,Webcam 1080p,Video,1,"Rs 5,400",0,UAE,retail
ORD-102856,2026-02-19 13:14,C00019,SKU-1007,Noise cancelling headset,Audio,2,"Rs 6,900",0,UAE,website
ORD-105436,2026-02-06 15:14,C00024,SKU-1010,65W GaN charger,Power,5,"Rs 3,900",5,UAE,marketplace
ORD-102837,2025-08-09 12:14,C00041,SKU-1005,24 inch monitor,Displays,2,"Rs 32,900",0,UK,Website
ORD-101534,2025-04-08 19:14,C00719,SKU-1003,USB-C cable 2m,Cables,3,Rs 850,0,pakistan,retail
ORD-103658,2025-03-24 13:14,C00056,SKU-1006,Laptop stand,Accessories,1,"Rs 4,200",0,Saudi Arabia,website
ORD-104858,20/04/2026,C00712,SKU-1009,Webcam 1080p,Video,1,"Rs 5,400",0,Saudi Arabia,Website
ORD-102041,2025-04-01 16:14,C00003,SKU-1010,65W GaN charger,Power,2,"Rs 3,900",5,PK,website
ORD-102441,2025-07-20 08:14,C00040,SKU-1001,Mechanical keyboard,Peripherals,1,"Rs 9,800",10,United Kingdom,retail
ORD-101174,2026-05-22 08:14,C00243,SKU-1003,USB-C cable 2m,Cables,1,Rs 850,0,United Kingdom,marketplace
ORD-102106,2025-08-04 17:14,C00705,SKU-1006,Laptop stand,Accessories,2,"Rs 4,200",0,United Arab Emirates,Website
ORD-102335,2025-06-27 16:14,C00046,SKU-1008,1TB portable SSD,Storage,2,"Rs 13,500",10,Pakistan,website
ORD-100825,2026-07-10 16:14,C00650,SKU-1003,USB-C cable 2m,Cables,3,Rs 850,5,Saudi Arabia,website
ORD-100221,2026-03-09 14:14,C00329,SKU-1007,Noise cancelling headset,Audio,1,"Rs 6,900",0,Saudi Arabia,Website
ORD-100115,2025-06-06 17:14,C00100,SKU-1003,USB-C cable 2m,Cables,1,Rs 850,0,pakistan,Website
ORD-101437,2025-04-27 16:14,C00016,SKU-1009,Webcam 1080p,Video,1,"Rs 5,400",0,pakistan,Website
ORD-104846,09/09/2025,C00721,SKU-1008,1TB portable SSD,Storage,1,"Rs 13,500",0,UAE,Website
ORD-101153,2026-05-26 13:14,C00047,SKU-1006,Laptop stand,Accessories,1,"Rs 4,200",0,United Kingdom,website
ORD-102629,2026-02-20 07:14,C00010,SKU-1001,Mechanical keyboard,Peripherals,1,,0,United Arab Emirates,Website
ORD-104025,2025-08-20 15:14,C00481,SKU-1001,Mechanical keyboard,Peripherals,2,"Rs 9,800",0,UK,marketplace
ORD-103763,2026-09-05 17:14,C00051,SKU-1005,24 inch monitor,Displays,1,"Rs 32,900",0,Pakistan,marketplace
ORD-100867,2026-04-02 09:14,C00029,SKU-1009,Webcam 1080p,Video,2,"Rs 5,400",0,UK,website
ORD-104551,2025-07-28 14:14,C00526,SKU-1008,1TB portable SSD,Storage,1,"Rs 13,500",0,pakistan,website
ORD-104339,2026-05-13 08:14,C00052,SKU-1006,Laptop stand,Accessories,5,"Rs 4,200",0,PK,Website
ORD-102120,2025-03-24 13:14,C00259,SKU-1007,Noise cancelling headset,Audio,1,"Rs 6,900",0,UAE,website
ORD-105763,2026-07-17 13:14,C00092,SKU-1001,Mechanical keyboard,Peripherals,2,"Rs 9,800",0,UK,Website
ORD-102362,2026-05-14 19:14,C00031,SKU-1002,Wireless mouse,Peripherals,1,"Rs 2,600",0,PK,website
ORD-104125,2025-05-30 19:14,C00018,SKU-1006,Laptop stand,Accessories,1,"Rs 4,200",0,United Kingdom,retail
ORD-102403,2025-03-24 16:14,C00728,SKU-1004,HDMI cable 1.5m,Cables,1,"Rs 1,300",0,UK,marketplace
ORD-105693,2025-06-16 15:14,C00028,SKU-1004,HDMI cable 1.5m,Cables,2,"Rs 1,300",0,pakistan,marketplace
ORD-103276,2026-01-08 11:14,C00388,SKU-1009,Webcam 1080p,Video,1,"Rs 5,400",0,pakistan,Website
ORD-105896,2026-08-13 17:14,C00370,SKU-1008,1TB portable SSD,Storage,3,"Rs 13,500",5,UK,retail
ORD-105768,2025-04-14 19:14,C00011,SKU-1001,Mechanical keyboard,Peripherals,2,"Rs 9,800",0,United Kingdom,marketplace
ORD-104912,2026-01-16 07:14,C00400,SKU-1006,Laptop stand,Accessories,1,"Rs 4,200",0,UAE,marketplace
ORD-105007,2026-03-13 15:14,C00037,SKU-1008,1TB portable SSD,Storage,1,"Rs 13,500",0,Pakistan,Website
ORD-101622,27/08/2025,C00836,SKU-1002,Wireless mouse,Peripherals,1,"Rs 2,600",0,United Kingdom,marketplace
ORD-101126,2025-05-17 16:14,C00001,SKU-1003,USB-C cable 2m,Cables,2,Rs 850,0,United Arab Emirates,retail
ORD-101739,14/12/2025,C00098,SKU-1003,USB-C cable 2m,Cables,1,Rs 850,5,UK,retail
ORD-101134,2025-10-18 14:14,C00028,SKU-1008,1TB portable SSD,Storage,1,"Rs 13,500",5,Pakistan,website
ORD-103832,2025-06-20 08:14,C00023,SKU-1004,HDMI cable 1.5m,Cables,1,"Rs 1,300",10,UK,retail
ORD-103440,2026-05-28 11:14,C00613,SKU-1007,Noise cancelling headset,Audio,1,"Rs 6,900",20,PK,marketplace
ORD-102814,2025-07-31 08:14,C00040,SKU-1005,24 inch monitor,Displays,1,"Rs 32,900",5,Saudi Arabia,Website
ORD-103355,2026-03-11 12:14,C00146,SKU-1005,24 inch monitor,Displays,1,"Rs 32,900",0,Saudi Arabia,Website
ORD-104229,2025-09-20 16:14,C00017,SKU-1004,HDMI cable 1.5m,Cables,1,"Rs 1,300",0,Saudi Arabia,Website
ORD-103635,2025-04-17 16:14,C00772,SKU-1004,HDMI cable 1.5m,Cables,2,"Rs 1,300",0,United Arab Emirates,marketplace
ORD-105033,2026-07-17 08:14,C00274,SKU-1007,Noise cancelling headset,Audio,2,"Rs 6,900",20,Saudi Arabia,marketplace
ORD-102620,2026-04-02 11:14,C00050,SKU-1005,24 inch monitor,Displays,2,"Rs 32,900",5,PK,Website
ORD-105122,2025-07-30 13:14,C00044,SKU-1002,Wireless mouse,Peripherals,1,"Rs 2,600",0,Saudi Arabia,Website
ORD-102275,2025-05-06 07:14,C00652,SKU-1003,USB-C cable 2m,Cables,1,Rs 850,10,Saudi Arabia,website
ORD-100902,2026-06-29 12:14,C00032,SKU-1004,HDMI cable 1.5m,Cables,3,"Rs 1,300",0,UAE,website
ORD-100490,2025-05-27 13:14,C00836,SKU-1006,Laptop stand,Accessories,2,,5,PK,retail
ORD-101382,2025-11-05 16:14,C00333,SKU-1010,65W GaN charger,Power,1,"Rs 3,900",0,UAE,retail
ORD-102715,2025-04-01 07:14,C00854,SKU-1007,Noise cancelling headset,Audio,1,"Rs 6,900",0,pakistan,retail
ORD-100234,2025-09-23 19:14,C00346,SKU-1003,USB-C cable 2m,Cables,1,Rs 850,0,UAE,website
ORD-100066,2025-09-27 08:14,C00017,SKU-1006,Laptop stand,Accessories,1,"Rs 4,200",10,Pakistan,marketplace
ORD-101509,2026-03-10 12:14,C00017,SKU-1006,Laptop stand,Accessories,1,"Rs 4,200",5,PK,website
ORD-103427,2026-04-09 07:14,C00013,SKU-1001,Mechanical keyboard,Peripherals,3,"Rs 9,800",20,Pakistan,Website
ORD-100391,2026-07-14 10:14,C00564,SKU-1007,Noise cancelling headset,Audio,1,"Rs 6,900",5,Pakistan,retail
ORD-100631,2025-07-22 08:14,C00136,SKU-1002,Wireless mouse,Peripherals,1,"Rs 2,600",0,United Arab Emirates,Website
ORD-101727,2026-01-19 19:14,C00537,SKU-1004,HDMI cable 1.5m,Cables,1,"Rs 1,300",0,UAE,retail
ORD-101363,2026-03-26 18:14,C00049,SKU-1005,24 inch monitor,Displays,1,"Rs 32,900",0,Saudi Arabia,Website
ORD-104757,2025-09-13 10:14,C00680,SKU-1009,Webcam 1080p,Video,1,"Rs 5,400",0,UAE,retail
ORD-101852,2025-05-27 15:14,C00042,SKU-1005,24 inch monitor,Displays,5,"Rs 32,900",0,Saudi Arabia,retail
ORD-102343,2026-05-19 16:14,C00729,SKU-1005,24 inch monitor,Displays,1,"Rs 32,900",0,pakistan,retail
ORD-104549,2025-11-07 13:14,C00801,SKU-1004,HDMI cable 1.5m,Cables,1,"Rs 1,300",0,UAE,marketplace
ORD-103583,2026-01-27 10:14,C00593,SKU-1001,Mechanical keyboard,Peripherals,1,"Rs 9,800",5,Pakistan,retail
ORD-100397,2026-05-28 19:14,C00048,SKU-1010,65W GaN charger,Power,2,"Rs 3,900",0,PK,marketplace
ORD-104973,2026-02-05 13:14,C00345,SKU-1002,Wireless mouse,Peripherals,2,"Rs 2,600",0,UK,website
ORD-101639,2026-04-07 12:14,C00539,SKU-1008,1TB portable SSD,Storage,1,"Rs 13,500",0,United Arab Emirates,marketplace
ORD-103548,2026-08-20 14:14,C00218,SKU-1009,Webcam 1080p,Video,1,"Rs 5,400",0,Saudi Arabia,Website
ORD-105104,2025-12-05 19:14,C00662,SKU-1008,1TB portable SSD,Storage,1,"Rs 13,500",0,United Kingdom,retail
ORD-103809,2026-03-18 09:14,C00559,SKU-1010,65W GaN charger,Power,2,"Rs 3,900",0,United Kingdom,Website
ORD-102216,2026-02-11 13:14,C00857,SKU-1001,Mechanical keyboard,Peripherals,2,"Rs 9,800",10,United Arab Emirates,Website
ORD-100616,28/03/2025,C00421,SKU-1007,Noise cancelling headset,Audio,1,"Rs 6,900",5,Saudi Arabia,marketplace
ORD-102352,2025-03-26 07:14,C00030,SKU-1002,Wireless mouse,Peripherals,3,"Rs 2,600",0,Pakistan,marketplace
ORD-101038,2025-04-13 09:14,C00479,SKU-1010,65W GaN charger,Power,1,"Rs 3,900",5,United Arab Emirates,marketplace
ORD-103803,2026-06-15 18:14,C00030,SKU-1002,Wireless mouse,Peripherals,1,,10,UK,Website
ORD-103992,2026-02-09 16:14,C00530,SKU-1005,24 inch monitor,Displays,1,"Rs 32,900",0,United Kingdom,Website
ORD-101688,2026-03-12 07:14,C00714,SKU-1010,65W GaN charger,Power,1,"Rs 3,900",0,Pakistan,Website
ORD-104545,2025-09-27 08:14,C00161,SKU-1001,Mechanical keyboard,Peripherals,1,"Rs 9,800",0,UAE,retail
ORD-100203,2025-08-19 14:14,C00314,SKU-1003,USB-C cable 2m,Cables,2,Rs 850,10,Saudi Arabia,Website
ORD-105884,2025-11-09 15:14,C00356,SKU-1009,Webcam 1080p,Video,3,"Rs 5,400",5,Saudi Arabia,marketplace
ORD-105629,2026-03-11 13:14,C00653,SKU-1004,HDMI cable 1.5m,Cables,1,"Rs 1,300",0,United Kingdom,website
ORD-101689,2026-01-08 20:14,C00002,SKU-1010,65W GaN charger,Power,1,"Rs 3,900",0,Saudi Arabia,Website
ORD-103381,2026-09-11 15:14,C00495,SKU-1003,USB-C cable 2m,Cables,2,Rs 850,0,UK,website
ORD-103310,2026-04-21 19:14,C00227,SKU-1008,1TB portable SSD,Storage,1,"Rs 13,500",10,Pakistan,Website
ORD-102520,2025-05-28 10:14,C00701,SKU-1001,Mechanical keyboard,Peripherals,1,"Rs 9,800",0,Saudi Arabia,marketplace
ORD-102412,2026-03-05 08:14,C00024,SKU-1006,Laptop stand,Accessories,1,"Rs 4,200",20,Pakistan,website
ORD-105323,2026-02-05 08:14,C00323,SKU-1008,1TB portable SSD,Storage,1,"Rs 13,500",0,United Kingdom,marketplace
ORD-101645,2025-10-30 16:14,C00158,SKU-1008,1TB portable SSD,Storage,1,"Rs 13,500",0,Pakistan,Website
ORD-102119,2025-04-11 11:14,C00459,SKU-1005,24 inch monitor,Displays,2,"Rs 32,900",0,UK,Website
ORD-104693,2026-07-16 08:14,C00143,SKU-1007,Noise cancelling headset,Audio,1,"Rs 6,900",0,United Arab Emirates,Website
ORD-105097,2026-03-25 14:14,C00015,SKU-1006,Laptop stand,Accessories,2,"Rs 4,200",0,United Arab Emirates,retail
ORD-100890,2026-06-10 11:14,C00456,SKU-1009,Webcam 1080p,Video,1,"Rs 5,400",0,United Arab Emirates,website
ORD-101423,2025-10-04 07:14,C00041,SKU-1004,HDMI cable 1.5m,Cables,2,"Rs 1,300",5,PK,marketplace
ORD-104063,2026-06-16 14:14,C00147,SKU-1005,24 inch monitor,Displays,1,"Rs 32,900",0,UAE,website
ORD-103016,2026-02-17 12:14,C00867,SKU-1001,Mechanical keyboard,Peripherals,1,"Rs 9,800",0,pakistan,Website
ORD-101536,2026-05-18 13:14,C00013,SKU-1001,Mechanical keyboard,Peripherals,2,"Rs 9,800",10,United Kingdom,Website
ORD-104957,2025-08-27 09:14,C00373,SKU-1009,Webcam 1080p,Video,1,"Rs 5,400",20,pakistan,retail
ORD-100500,2026-04-01 10:14,C00017,SKU-1004,HDMI cable 1.5m,Cables,3,"Rs 1,300",0,Saudi Arabia,website
ORD-105642,2025-04-24 12:14,C00567,SKU-1006,Laptop stand,Accessories,1,"Rs 4,200",5,Pakistan,website
ORD-103081,2025-09-04 16:14,C00533,SKU-1008,1TB portable SSD,Storage,1,"Rs 13,500",0,Saudi Arabia,marketplace
ORD-103497,2025-11-13 13:14,C00029,SKU-1002,Wireless mouse,Peripherals,1,"Rs 2,600",0,pakistan,marketplace
ORD-102363,2025-06-21 11:14,C00136,SKU-1003,USB-C cable 2m,Cables,1,Rs 850,0,PK,retail
ORD-105630,2025-10-20 12:14,C00018,SKU-1005,24 inch monitor,Displays,1,"Rs 32,900",0,UAE,retail
ORD-100013,2025-06-05 08:14,C00420,SKU-1002,Wireless mouse,Peripherals,1,"Rs 2,600",0,United Kingdom,retail
ORD-105428,2026-02-23 09:14,C00793,SKU-1002,Wireless mouse,Peripherals,1,"Rs 2,600",0,United Arab Emirates,Website
ORD-105735,2025-06-16 20:14,C00060,SKU-1009,Webcam 1080p,Video,1,"Rs 5,400",0,Saudi Arabia,Website
ORD-104750,2025-12-29 08:14,C00288,SKU-1002,Wireless mouse,Peripherals,-1,"Rs 2,600",0,United Kingdom,retail
ORD-101521,2026-02-20 13:14,C00730,SKU-1007,Noise cancelling headset,Audio,1,"Rs 6,900",0,PK,retail
ORD-102748,2026-09-04 11:14,C00018,SKU-1004,HDMI cable 1.5m,Cables,1,"Rs 1,300",0,UAE,marketplace
ORD-105536,2025-04-08 10:14,C00517,SKU-1010,65W GaN charger,Power,1,"Rs 3,900",0,Pakistan,marketplace
ORD-102949,2026-08-31 11:14,C00039,SKU-1004,HDMI cable 1.5m,Cables,1,"Rs 1,300",0,UAE,retail
ORD-104121,06/01/2026,C00821,SKU-1007,Noise cancelling headset,Audio,1,"Rs 6,900",0,Saudi Arabia,retail
ORD-102341,2026-05-20 19:14,C00463,SKU-1006,Laptop stand,Accessories,1,"Rs 4,200",0,UK,website
ORD-101342,2026-08-26 12:14,C00721,SKU-1004,HDMI cable 1.5m,Cables,1,"Rs 1,300",0,United Kingdom,Website
ORD-104884,2025-11-16 16:14,C00035,SKU-1005,24 inch monitor,Displays,1,"Rs 32,900",0,Saudi Arabia,retail
ORD-104936,2025-05-20 15:14,C00757,SKU-1007,Noise cancelling headset,Audio,1,"Rs 6,900",0,UK,retail
ORD-103584,2025-04-25 15:14,C00330,SKU-1005,24 inch monitor,Displays,1,"Rs 32,900",0,pakistan,marketplace
ORD-103785,2025-09-28 11:14,C00609,SKU-1009,Webcam 1080p,Video,3,"Rs 5,400",0,United Kingdom,website
ORD-100928,16/08/2026,C00328,SKU-1003,USB-C cable 2m,Cables,1,Rs 850,0,United Kingdom,website
ORD-102450,2026-02-19 11:14,C00686,SKU-1010,65W GaN charger,Power,1,"Rs 3,900",5,Pakistan,Website
ORD-105105,2025-08-10 11:14,C00269,SKU-1006,Laptop stand,Accessories,5,"Rs 4,200",0,pakistan,website
ORD-100998,2025-08-18 12:14,C00086,SKU-1002,Wireless mouse,Peripherals,1,"Rs 2,600",20,Pakistan,retail
ORD-102772,2025-07-15 11:14,C00429,SKU-1003,USB-C cable 2m,Cables,1,Rs 850,5,PK,website
ORD-102367,2025-11-24 09:14,C00311,SKU-1001,Mechanical keyboard,Peripherals,1,"Rs 9,800",0,PK,Website
ORD-104685,2025-08-03 15:14,C00200,SKU-1005,24 inch monitor,Displays,1,"Rs 32,900",0,pakistan,retail
ORD-100190,2026-09-06 07:14,C00001,SKU-1009,Webcam 1080p,Video,5,"Rs 5,400",0,pakistan,retail
ORD-105435,2026-01-20 20:14,C00023,SKU-1006,Laptop stand,Accessories,-1,"Rs 4,200",0,United Kingdom,marketplace
ORD-104616,2026-06-14 08:14,C00176,SKU-1003,USB-C cable 2m,Cables,1,Rs 850,0,United Arab Emirates,retail
ORD-101558,2026-01-07 18:14,C00743,SKU-1002,Wireless mouse,Peripherals,1,"Rs 2,600",0,UK,website
ORD-101395,2026-08-26 11:14,C00778,SKU-1006,Laptop stand,Accessories,1,"Rs 4,200",0,United Kingdom,website
ORD-102674,2026-01-02 09:14,C00417,SKU-1004,HDMI cable 1.5m,Cables,1,"Rs 1,300",0,PK,Website
ORD-104103,2026-05-09 19:14,C00029,SKU-1004,HDMI cable 1.5m,Cables,1,"Rs 1,300",0,Pakistan,Website
ORD-102470,2025-07-18 17:14,C00287,SKU-1002,Wireless mouse,Peripherals,1,"Rs 2,600",0,UAE,retail
ORD-103337,2025-07-28 15:14,C00034,SKU-1005,24 inch monitor,Displays,1,"Rs 32,900",0,pakistan,retail
ORD-102964,2025-05-03 13:14,C00468,SKU-1002,Wireless mouse,Peripherals,2,"Rs 2,600",0,Saudi Arabia,Website
ORD-103083,2026-08-22 10:14,C00572,SKU-1002,Wireless mouse,Peripherals,1,"Rs 2,600",10,Pakistan,marketplace
ORD-102902,2026-07-14 11:14,C00029,SKU-1007,Noise cancelling headset,Audio,2,"Rs 6,900",0,Saudi Arabia,website
ORD-104775,2026-02-22 16:14,C00782,SKU-1010,65W GaN charger,Power,1,"Rs 3,900",0,pakistan,website
ORD-102733,2026-03-20 20:14,C00483,SKU-1006,Laptop stand,Accessories,1,"Rs 4,200",5,United Arab Emirates,retail
ORD-103666,2026-05-22 20:14,C00762,SKU-1004,HDMI cable 1.5m,Cables,1,"Rs 1,300",5,PK,Website
ORD-100050,2025-07-11 10:14,C00801,SKU-1007,Noise cancelling headset,Audio,1,"Rs 6,900",0,Pakistan,website
ORD-103125,2025-04-14 08:14,C00189,SKU-1001,Mechanical keyboard,Peripherals,1,"Rs 9,800",10,pakistan,Website
ORD-104318,2025-12-01 18:14,C00885,SKU-1006,Laptop stand,Accessories,3,"Rs 4,200",0,Pakistan,retail
ORD-100244,2026-07-15 08:14,C00248,SKU-1006,Laptop stand,Accessories,1,"Rs 4,200",0,Pakistan,marketplace
ORD-102563,2025-08-19 11:14,C00043,SKU-1010,65W GaN charger,Power,1,"Rs 3,900",0,PK,marketplace
ORD-101665,2025-05-27 08:14,C00062,SKU-1007,Noise cancelling headset,Audio,2,"Rs 6,900",0,PK,Website
ORD-105373,2026-05-18 19:14,C00013,SKU-1002,Wireless mouse,Peripherals,1,"Rs 2,600",10,UAE,retail
ORD-101132,2025-03-23 08:14,C00039,SKU-1007,Noise cancelling headset,Audio,2,"Rs 6,900",5,UAE,Website
ORD-100774,2026-03-01 13:14,C00404,SKU-1003,USB-C cable 2m,Cables,1,Rs 850,0,United Arab Emirates,retail
ORD-103654,2025-07-22 08:14,C00746,SKU-1010,65W GaN charger,Power,1,"Rs 3,900",0,UK,marketplace
ORD-100296,2026-04-06 08:14,C00680,SKU-1004,HDMI cable 1.5m,Cables,5,"Rs 1,300",0,United Kingdom,marketplace
ORD-105395,2026-07-14 09:14,C00408,SKU-1007,Noise cancelling headset,Audio,3,"Rs 6,900",0,Saudi Arabia,marketplace
ORD-102032,23/01/2026,C00202,SKU-1006,Laptop stand,Accessories,1,"Rs 4,200",5,Pakistan,website
ORD-101598,2025-07-12 18:14,C00026,SKU-1009,Webcam 1080p,Video,2,"Rs 5,400",0,United Arab Emirates,marketplace
ORD-104137,2025-10-20 08:14,C00049,SKU-1004,HDMI cable 1.5m,Cables,2,"Rs 1,300",10,UK,website
ORD-102565,2025-07-28 15:14,C00263,SKU-1007,Noise cancelling headset,Audio,3,"Rs 6,900",5,United Arab Emirates,Website
ORD-100340,2025-05-03 18:14,C00151,SKU-1001,Mechanical keyboard,Peripherals,1,"Rs 9,800",0,Saudi Arabia,marketplace
ORD-100146,2025-09-14 17:14,C00415,SKU-1009,Webcam 1080p,Video,1,"Rs 5,400",0,Pakistan,website
ORD-105967,2025-06-22 07:14,C00002,SKU-1005,24 inch monitor,Displays,2,"Rs 32,900",20,Pakistan,retail
ORD-104862,2026-08-19 18:14,C00416,SKU-1007,Noise cancelling headset,Audio,1,"Rs 6,900",0,UAE,website
ORD-102601,2026-01-30 11:14,C00503,SKU-1005,24 inch monitor,Displays,1,"Rs 32,900",0,UK,website
ORD-102007,2025-11-08 13:14,C00322,SKU-1009,Webcam 1080p,Video,2,"Rs 5,400",0,UAE,marketplace
ORD-102830,11/05/2026,C00046,SKU-1004,HDMI cable 1.5m,Cables,3,"Rs 1,300",5,UK,website
ORD-105734,2026-05-06 11:14,C00024,SKU-1008,1TB portable SSD,Storage,2,"Rs 13,500",0,United Kingdom,retail
ORD-102879,2026-08-22 19:14,C00114,SKU-1004,HDMI cable 1.5m,Cables,2,"Rs 1,300",0,PK,retail
ORD-104454,2025-12-13 18:14,C00447,SKU-1002,Wireless mouse,Peripherals,2,"Rs 2,600",0,UAE,marketplace
ORD-103868,14/12/2025,C00053,SKU-1001,Mechanical keyboard,Peripherals,2,"Rs 9,800",10,Pakistan,Website
ORD-100206,2025-03-29 19:14,C00001,SKU-1005,24 inch monitor,Displays,1,"Rs 32,900",0,PK,marketplace
ORD-101229,2026-08-02 11:14,C00200,SKU-1009,Webcam 1080p,Video,2,"Rs 5,400",0,PK,website
ORD-101152,2025-11-16 09:14,C00013,SKU-1005,24 inch monitor,Displays,1,"Rs 32,900",10,UAE,website
ORD-103360,2025-06-12 08:14,C00018,SKU-1007,Noise cancelling headset,Audio,1,,0,UAE,Website
ORD-105935,2025-07-02 15:14,C00043,SKU-1002,Wireless mouse,Peripherals,1,"Rs 2,600",0,Saudi Arabia,website
ORD-103437,2026-01-07 16:14,C00022,SKU-1005,24 inch monitor,Displays,1,"Rs 32,900",0,UAE,retail
ORD-101837,2026-07-20 12:14,C00660,SKU-1005,24 inch monitor,Displays,1,"Rs 32,900",5,United Kingdom,retail
ORD-105788,2025-12-19 12:14,C00486,SKU-1003,USB-C cable 2m,Cables,1,Rs 850,5,Saudi Arabia,Website
ORD-100911,2025-12-24 07:14,C00027,SKU-1004,HDMI cable 1.5m,Cables,2,"Rs 1,300",10,pakistan,website
ORD-105843,2026-04-29 19:14,C00828,SKU-1008,1TB portable SSD,Storage,1,"Rs 13,500",0,UAE,website
ORD-103133,2025-05-03 12:14,C00465,SKU-1007,Noise cancelling headset,Audio,1,"Rs 6,900",0,Pakistan,Website
ORD-102138,2025-12-12 17:14,C00413,SKU-1001,Mechanical keyboard,Peripherals,2,,0,Pakistan,Website
ORD-104425,2026-05-19 11:14,C00036,SKU-1004,HDMI cable 1.5m,Cables,1,"Rs 1,300",0,Saudi Arabia,Website
ORD-102177,2025-12-25 13:14,C00024,SKU-1010,65W GaN charger,Power,1,"Rs 3,900",10,Pakistan,marketplace
ORD-101142,16/07/2025,C00037,SKU-1009,Webcam 1080p,Video,2,"Rs 5,400",5,United Kingdom,retail
ORD-105776,2025-10-27 14:14,C00292,SKU-1004,HDMI cable 1.5m,Cables,1,"Rs 1,300",10,pakistan,retail
ORD-102939,2025-08-29 07:14,C00174,SKU-1002,Wireless mouse,Peripherals,1,"Rs 2,600",0,Pakistan,website
ORD-101827,2026-02-17 19:14,C00275,SKU-1004,HDMI cable 1.5m,Cables,3,"Rs 1,300",0,UAE,website
ORD-100378,2026-04-24 18:14,C00886,SKU-1002,Wireless mouse,Peripherals,1,"Rs 2,600",10,Pakistan,marketplace
ORD-103105,2025-06-13 11:14,C00053,SKU-1005,24 inch monitor,Displays,1,"Rs 32,900",0,PK,retail
ORD-104639,2025-10-20 09:14,C00380,SKU-1007,Noise cancelling headset,Audio,5,"Rs 6,900",5,Saudi Arabia,Website
ORD-100126,2026-03-18 16:14,C00338,SKU-1009,Webcam 1080p,Video,1,"Rs 5,400",0,United Arab Emirates,website
ORD-101105,2026-05-30 10:14,C00252,SKU-1009,Webcam 1080p,Video,1,"Rs 5,400",5,Saudi Arabia,marketplace
ORD-104157,2025-11-14 10:14,C00001,SKU-1009,Webcam 1080p,Video,2,"Rs 5,400",0,pakistan,marketplace
ORD-105344,2025-07-01 17:14,C00001,SKU-1003,USB-C cable 2m,Cables,5,Rs 850,0,United Kingdom,retail
ORD-105191,2026-07-17 13:14,C00060,SKU-1005,24 inch monitor,Displays,1,"Rs 32,900",5,pakistan,marketplace
ORD-103828,2025-07-30 14:14,C00575,SKU-1009,Webcam 1080p,Video,2,,0,UAE,retail
ORD-100539,2025-07-22 07:14,C00528,SKU-1006,Laptop stand,Accessories,1,"Rs 4,200",0,UK,Website
ORD-104759,2026-07-19 19:14,C00540,SKU-1007,Noise cancelling headset,Audio,1,"Rs 6,900",0,Pakistan,marketplace
ORD-100528,2025-04-29 11:14,C00348,SKU-1002,Wireless mouse,Peripherals,2,"Rs 2,600",0,pakistan,website
ORD-100494,2026-06-29 16:14,C00457,SKU-1007,Noise cancelling headset,Audio,1,"Rs 6,900",10,United Arab Emirates,retail
ORD-101828,2026-05-12 18:14,C00017,SKU-1009,Webcam 1080p,Video,2,"Rs 5,400",0,UAE,retail
ORD-102669,2025-05-12 08:14,C00003,SKU-1005,24 inch monitor,Displays,5,"Rs 32,900",0,UK,Website
ORD-102583,2025-09-15 19:14,C00007,SKU-1005,24 inch monitor,Displays,1,"Rs 32,900",0,UK,marketplace
ORD-102917,2025-10-25 14:14,C00268,SKU-1004,HDMI cable 1.5m,Cables,1,"Rs 1,300",5,UAE,marketplace
ORD-105509,2025-05-06 20:14,C00202,SKU-1006,Laptop stand,Accessories,1,"Rs 4,200",10,pakistan,retail
ORD-100433,2025-08-14 17:14,C00014,SKU-1009,Webcam 1080p,Video,-2,"Rs 5,400",0,Saudi Arabia,marketplace
ORD-102660,2025-09-24 07:14,C00589,SKU-1002,Wireless mouse,Peripherals,2,"Rs 2,600",0,pakistan,website
ORD-101941,2026-07-25 17:14,C00038,SKU-1009,Webcam 1080p,Video,1,"Rs 5,400",10,PK,Website
ORD-100294,2025-06-18 19:14,C00785,SKU-1009,Webcam 1080p,Video,1,"Rs 5,400",0,UAE,retail
ORD-100398,2026-04-18 19:14,C00018,SKU-1006,Laptop stand,Accessories,3,"Rs 4,200",0,UAE,retail
ORD-103513,2026-08-05 10:14,C00485,SKU-1009,Webcam 1080p,Video,3,"Rs 5,400",0,United Arab Emirates,Website
ORD-103199,2025-09-23 17:14,C00347,SKU-1009,Webcam 1080p,Video,1,"Rs 5,400",0,UAE,website
ORD-100157,2026-08-04 15:14,C00376,SKU-1004,HDMI cable 1.5m,Cables,2,"Rs 1,300",0,United Arab Emirates,website
ORD-100645,2025-04-22 11:14,C00647,SKU-1008,1TB portable SSD,Storage,1,"Rs 13,500",0,pakistan,retail
ORD-104006,2026-09-04 17:14,C00049,SKU-1010,65W GaN charger,Power,-1,"Rs 3,900",0,pakistan,Website
ORD-100426,2026-08-31 15:14,C00308,SKU-1005,24 inch monitor,Displays,1,"Rs 32,900",0,PK,retail
ORD-105363,2025-05-11 11:14,C00034,SKU-1002,Wireless mouse,Peripherals,1,"Rs 2,600",0,Saudi Arabia,Website
ORD-105226,2025-10-16 08:14,C00277,SKU-1005,24 inch monitor,Displays,1,"Rs 32,900",0,Pakistan,Website
ORD-102053,2026-01-04 14:14,C00180,SKU-1004,HDMI cable 1.5m,Cables,1,"Rs 1,300",0,UAE,marketplace
ORD-101920,2026-01-01 18:14,C00576,SKU-1004,HDMI cable 1.5m,Cables,1,"Rs 1,300",5,PK,Website
ORD-102651,2025-06-09 11:14,C00049,SKU-1007,Noise cancelling headset,Audio,1,"Rs 6,900",0,PK,marketplace
ORD-105024,2026-08-23 09:14,C00725,SKU-1004,HDMI cable 1.5m,Cables,1,"Rs 1,300",0,Saudi Arabia,retail
ORD-103677,2025-07-07 19:14,C00046,SKU-1009,Webcam 1080p,Video,5,"Rs 5,400",0,UK,retail
ORD-100741,2026-03-08 14:14,C00469,SKU-1003,USB-C cable 2m,Cables,2,Rs 850,0,Pakistan,marketplace
ORD-101006,2025-10-08 19:14,C00290,SKU-1006,Laptop stand,Accessories,1,"Rs 4,200",0,Saudi Arabia,retail
ORD-101135,2026-08-30 16:14,C00098,SKU-1003,USB-C cable 2m,Cables,1,Rs 850,20,Pakistan,website
ORD-105798,2025-07-17 13:14,C00520,SKU-1007,Noise cancelling headset,Audio,1,"Rs 6,900",0,UK,retail
ORD-104014,2026-03-29 11:14,C00519,SKU-1006,Laptop stand,Accessories,1,"Rs 4,200",5,UK,retail
ORD-104831,2025-09-04 09:14,C00866,SKU-1007,Noise cancelling headset,Audio,3,"Rs 6,900",0,pakistan,website
ORD-104793,2026-02-26 13:14,C00039,SKU-1004,HDMI cable 1.5m,Cables,1,"Rs 1,300",0,Saudi Arabia,retail
ORD-104915,2025-07-27 07:14,C00035,SKU-1002,Wireless mouse,Peripherals,2,"Rs 2,600",0,Pakistan,marketplace
ORD-101578,2025-09-17 12:14,C00729,SKU-1001,Mechanical keyboard,Peripherals,1,"Rs 9,800",0,UAE,marketplace
ORD-103063,2025-10-14 11:14,C00069,SKU-1001,Mechanical keyboard,Peripherals,1,"Rs 9,800",0,PK,Website
ORD-100965,2025-10-15 15:14,C00293,SKU-1002,Wireless mouse,Peripherals,1,"Rs 2,600",0,UAE,marketplace
ORD-105568,2025-08-05 16:14,C00183,SKU-1002,Wireless mouse,Peripherals,1,"Rs 2,600",0,Saudi Arabia,marketplace
ORD-105657,2025-06-04 14:14,C00048,SKU-1005,24 inch monitor,Displays,1,"Rs 32,900",0,United Arab Emirates,website
ORD-101078,07/05/2026,C00057,SKU-1003,USB-C cable 2m,Cables,1,Rs 850,5,United Arab Emirates,Website
ORD-100333,2026-01-13 15:14,C00850,SKU-1010,65W GaN charger,Power,1,"Rs 3,900",5,United Kingdom,website
ORD-104354,2026-03-28 20:14,C00751,SKU-1007,Noise cancelling headset,Audio,1,"Rs 6,900",0,Pakistan,marketplace
ORD-105680,2025-08-27 15:14,C00046,SKU-1002,Wireless mouse,Peripherals,1,"Rs 2,600",0,UK,Website
ORD-105269,2025-07-29 12:14,C00058,SKU-1006,Laptop stand,Accessories,1,"Rs 4,200",0,United Kingdom,Website
ORD-103367,2025-05-10 16:14,C00005,SKU-1005,24 inch monitor,Displays,1,"Rs 32,900",0,United Arab Emirates,retail
ORD-100922,2025-09-28 14:14,C00046,SKU-1006,Laptop stand,Accessories,2,"Rs 4,200",0,United Kingdom,retail
ORD-100402,2025-05-24 13:14,C00054,SKU-1010,65W GaN charger,Power,1,"Rs 3,900",0,United Arab Emirates,retail
ORD-101251,2026-06-07 12:14,C00898,SKU-1008,1TB portable SSD,Storage,1,"Rs 13,500",0,pakistan,website
ORD-104281,2026-01-14 18:14,C00013,SKU-1009,Webcam 1080p,Video,1,"Rs 5,400",20,Pakistan,marketplace
ORD-103378,2026-03-26 14:14,C00043,SKU-1001,Mechanical keyboard,Peripherals,1,"Rs 9,800",10,Pakistan,marketplace
ORD-100407,2026-02-05 18:14,C00397,SKU-1008,1TB portable SSD,Storage,1,"Rs 13,500",10,United Arab Emirates,marketplace
ORD-101296,2025-05-10 14:14,C00780,SKU-1006,Laptop stand,Accessories,2,"Rs 4,200",20,Saudi Arabia,website
ORD-105672,2025-05-22 17:14,C00512,SKU-1007,Noise cancelling headset,Audio,1,"Rs 6,900",0,UK,website
ORD-101259,2025-08-06 11:14,C00045,SKU-1009,Webcam 1080p,Video,1,"Rs 5,400",0,UAE,retail
ORD-102364,2026-01-09 08:14,C00059,SKU-1009,Webcam 1080p,Video,1,"Rs 5,400",0,United Arab Emirates,website
ORD-101102,2025-08-19 16:14,C00173,SKU-1002,Wireless mouse,Peripherals,1,"Rs 2,600",0,Saudi Arabia,website
ORD-101907,2025-10-27 17:14,C00385,SKU-1002,Wireless mouse,Peripherals,2,"Rs 2,600",10,Pakistan,retail
ORD-103379,2026-02-14 13:14,C00356,SKU-1005,24 inch monitor,Displays,1,"Rs 32,900",0,United Arab Emirates,retail
ORD-103880,2025-11-29 17:14,C00885,SKU-1001,Mechanical keyboard,Peripherals,1,"Rs 9,800",0,Pakistan,marketplace
ORD-101016,2025-09-18 14:14,C00550,SKU-1010,65W GaN charger,Power,1,"Rs 3,900",0,PK,marketplace
ORD-100615,2025-07-27 16:14,C00569,SKU-1002,Wireless mouse,Peripherals,1,"Rs 2,600",0,Saudi Arabia,Website
ORD-100313,2026-05-06 15:14,C00008,SKU-1001,Mechanical keyboard,Peripherals,1,"Rs 9,800",0,United Arab Emirates,website
ORD-102301,2026-04-19 17:14,C00248,SKU-1009,Webcam 1080p,Video,3,"Rs 5,400",0,UK,Website
ORD-100679,2025-07-29 15:14,C00056,SKU-1007,Noise cancelling headset,Audio,2,"Rs 6,900",5,Saudi Arabia,retail
ORD-103195,2026-04-18 07:14,C00462,SKU-1006,Laptop stand,Accessories,1,"Rs 4,200",0,UAE,retail
ORD-101621,2026-04-09 09:14,C00053,SKU-1004,HDMI cable 1.5m,Cables,1,"Rs 1,300",0,United Arab Emirates,marketplace
ORD-100859,2026-01-16 09:14,C00033,SKU-1005,24 inch monitor,Displays,2,"Rs 32,900",10,Saudi Arabia,marketplace
ORD-102022,2026-02-16 14:14,C00783,SKU-1003,USB-C cable 2m,Cables,1,Rs 850,0,pakistan,retail
ORD-102077,2025-11-08 09:14,C00604,SKU-1004,HDMI cable 1.5m,Cables,1,"Rs 1,300",0,pakistan,website
ORD-105754,02/08/2026,C00049,SKU-1005,24 inch monitor,Displays,1,"Rs 32,900",0,pakistan,Website
ORD-105205,2026-06-17 17:14,C00056,SKU-1006,Laptop stand,Accessories,1,"Rs 4,200",0,PK,marketplace
ORD-104400,2026-07-12 20:14,C00431,SKU-1001,Mechanical keyboard,Peripherals,1,"Rs 9,800",0,United Kingdom,marketplace
ORD-105837,2026-05-07 16:14,C00612,SKU-1007,Noise cancelling headset,Audio,1,"Rs 6,900",0,United Kingdom,website
ORD-105557,2026-07-26 20:14,C00264,SKU-1003,USB-C cable 2m,Cables,2,Rs 850,0,Saudi Arabia,marketplace
ORD-103570,2025-06-29 11:14,C00012,SKU-1006,Laptop stand,Accessories,1,"Rs 4,200",10,United Kingdom,Website
ORD-101171,2026-02-04 20:14,C00035,SKU-1001,Mechanical keyboard,Peripherals,1,"Rs 9,800",0,UK,website
ORD-104528,2025-08-08 19:14,C00618,SKU-1001,Mechanical keyboard,Peripherals,1,"Rs 9,800",0,Saudi Arabia,website
ORD-101163,2025-04-13 16:14,C00054,SKU-1008,1TB portable SSD,Storage,1,"Rs 13,500",0,PK,retail
ORD-104338,2026-06-07 15:14,C00244,SKU-1001,Mechanical keyboard,Peripherals,1,"Rs 9,800",5,United Kingdom,website
ORD-103500,2025-07-08 10:14,C00420,SKU-1007,Noise cancelling headset,Audio,2,"Rs 6,900",0,UAE,website
ORD-104237,2026-03-21 11:14,C00014,SKU-1003,USB-C cable 2m,Cables,1,Rs 850,0,UAE,website
ORD-103213,2026-02-05 17:14,C00365,SKU-1001,Mechanical keyboard,Peripherals,1,"Rs 9,800",0,UK,retail
ORD-105228,2026-06-05 18:14,C00879,SKU-1002,Wireless mouse,Peripherals,1,"Rs 2,600",0,UK,marketplace
ORD-101283,2025-12-14 09:14,C00594,SKU-1005,24 inch monitor,Displays,1,"Rs 32,900",5,United Arab Emirates,marketplace
ORD-101497,2025-08-30 18:14,C00379,SKU-1006,Laptop stand,Accessories,1,"Rs 4,200",0,PK,website
ORD-101018,2025-09-13 08:14,C00137,SKU-1001,Mechanical keyboard,Peripherals,1,"Rs 9,800",0,United Kingdom,marketplace
ORD-100531,2025-09-08 18:14,C00041,SKU-1004,HDMI cable 1.5m,Cables,1,"Rs 1,300",0,PK,retail
ORD-102320,2026-06-27 11:14,C00044,SKU-1001,Mechanical keyboard,Peripherals,1,"Rs 9,800",0,Saudi Arabia,Website
ORD-102871,2026-01-27 09:14,C00016,SKU-1002,Wireless mouse,Peripherals,3,"Rs 2,600",5,Pakistan,marketplace
ORD-102819,2025-09-20 16:14,C00758,SKU-1006,Laptop stand,Accessories,2,"Rs 4,200",0,United Arab Emirates,marketplace
ORD-102683,2026-02-07 15:14,C00013,SKU-1003,USB-C cable 2m,Cables,5,Rs 850,0,United Kingdom,retail
ORD-104971,2025-04-20 07:14,C00272,SKU-1007,Noise cancelling headset,Audio,-1,"Rs 6,900",0,UK,retail
ORD-101847,2025-08-26 17:14,C00102,SKU-1007,Noise cancelling headset,Audio,2,"Rs 6,900",10,UK,retail
ORD-104088,15/09/2025,C00058,SKU-1009,Webcam 1080p,Video,1,"Rs 5,400",5,UAE,marketplace
ORD-100636,2025-04-28 08:14,C00122,SKU-1007,Noise cancelling headset,Audio,1,"Rs 6,900",0,Saudi Arabia,marketplace
ORD-102729,2025-08-07 07:14,C00685,SKU-1003,USB-C cable 2m,Cables,1,Rs 850,5,Saudi Arabia,Website
ORD-105302,2026-08-05 15:14,C00298,SKU-1010,65W GaN charger,Power,1,"Rs 3,900",0,pakistan,Website
ORD-101858,2026-06-28 17:14,C00722,SKU-1007,Noise cancelling headset,Audio,1,"Rs 6,900",10,United Arab Emirates,marketplace
ORD-105466,2025-11-05 20:14,C00816,SKU-1009,Webcam 1080p,Video,1,"Rs 5,400",0,pakistan,marketplace
ORD-105584,2025-09-18 12:14,C00825,SKU-1005,24 inch monitor,Displays,2,"Rs 32,900",5,pakistan,Website
ORD-101410,2026-01-09 07:14,C00017,SKU-1007,Noise cancelling headset,Audio,1,"Rs 6,900",5,UK,marketplace
ORD-103353,2026-05-23 16:14,C00592,SKU-1010,65W GaN charger,Power,1,"Rs 3,900",0,PK,retail
ORD-104220,2026-04-27 10:14,C00085,SKU-1004,HDMI cable 1.5m,Cables,1,"Rs 1,300",10,pakistan,website
ORD-105522,2026-02-22 08:14,C00057,SKU-1005,24 inch monitor,Displays,1,"Rs 32,900",0,United Arab Emirates,retail
ORD-105145,2025-10-17 07:14,C00353,SKU-1009,Webcam 1080p,Video,2,"Rs 5,400",0,pakistan,Website
ORD-103066,2025-04-06 14:14,C00390,SKU-1009,Webcam 1080p,Video,1,"Rs 5,400",0,United Kingdom,Website
ORD-101054,2025-10-02 14:14,C00119,SKU-1010,65W GaN charger,Power,5,"Rs 3,900",0,United Kingdom,Website
ORD-101313,2025-07-14 20:14,C00377,SKU-1005,24 inch monitor,Displays,1,"Rs 32,900",0,United Arab Emirates,website
ORD-102990,2025-07-26 11:14,C00019,SKU-1007,Noise cancelling headset,Audio,1,"Rs 6,900",0,Pakistan,retail
ORD-102400,2026-04-08 17:14,C00046,SKU-1007,Noise cancelling headset,Audio,1,"Rs 6,900",10,pakistan,retail
ORD-102821,2025-08-06 08:14,C00345,SKU-1005,24 inch monitor,Displays,2,"Rs 32,900",5,UAE,website
ORD-104008,2025-04-18 16:14,C00007,SKU-1003,USB-C cable 2m,Cables,1,Rs 850,0,United Arab Emirates,retail
ORD-101071,2026-06-07 14:14,C00090,SKU-1009,Webcam 1080p,Video,3,"Rs 5,400",0,PK,website
ORD-105079,2025-07-11 12:14,C00034,SKU-1008,1TB portable SSD,Storage,1,"Rs 13,500",0,pakistan,marketplace
ORD-104102,2026-05-21 18:14,C00729,SKU-1006,Laptop stand,Accessories,1,"Rs 4,200",5,UAE,Website
ORD-105615,2025-08-05 13:14,C00243,SKU-1010,65W GaN charger,Power,1,"Rs 3,900",0,United Arab Emirates,Website
ORD-100056,2026-06-10 20:14,C00510,SKU-1007,Noise cancelling headset,Audio,1,"Rs 6,900",0,Pakistan,website
ORD-103352,2026-05-14 07:14,C00055,SKU-1002,Wireless mouse,Peripherals,1,"Rs 2,600",0,United Kingdom,Website
ORD-102263,2025-03-23 07:14,C00637,SKU-1001,Mechanical keyboard,Peripherals,1,"Rs 9,800",0,United Arab Emirates,website
ORD-101924,2026-04-20 16:14,C00203,SKU-1003,USB-C cable 2m,Cables,1,Rs 850,5,UAE,retail
ORD-104393,2025-05-05 10:14,C00048,SKU-1002,Wireless mouse,Peripherals,1,"Rs 2,600",0,United Arab Emirates,retail
ORD-104525,2026-03-24 16:14,C00465,SKU-1005,24 inch monitor,Displays,1,"Rs 32,900",0,United Arab Emirates,website
ORD-104321,2025-06-15 08:14,C00169,SKU-1002,Wireless mouse,Peripherals,1,"Rs 2,600",0,Saudi Arabia,retail
ORD-104864,2026-05-22 20:14,C00096,SKU-1005,24 inch monitor,Displays,2,"Rs 32,900",20,Pakistan,Website
ORD-103793,2026-01-07 11:14,C00346,SKU-1007,Noise cancelling headset,Audio,2,"Rs 6,900",5,United Kingdom,marketplace
ORD-105417,2025-12-05 09:14,C00003,SKU-1002,Wireless mouse,Peripherals,2,"Rs 2,600",10,Saudi Arabia,Website
ORD-102970,2025-04-02 20:14,C00050,SKU-1010,65W GaN charger,Power,3,"Rs 3,900",0,Saudi Arabia,retail
ORD-104853,2026-07-07 13:14,C00349,SKU-1001,Mechanical keyboard,Peripherals,1,"Rs 9,800",0,United Kingdom,marketplace
ORD-101185,2026-05-10 17:14,C00358,SKU-1005,24 inch monitor,Displays,2,"Rs 32,900",0,PK,retail
ORD-105409,2025-04-03 14:14,C00005,SKU-1008,1TB portable SSD,Storage,1,"Rs 13,500",0,United Kingdom,website
ORD-104045,2025-08-22 20:14,C00703,SKU-1008,1TB portable SSD,Storage,1,"Rs 13,500",0,Saudi Arabia,retail
ORD-105225,21/04/2025,C00055,SKU-1006,Laptop stand,Accessories,2,"Rs 4,200",0,Saudi Arabia,website
ORD-103374,2026-08-29 14:14,C00312,SKU-1001,Mechanical keyboard,Peripherals,1,"Rs 9,800",0,United Arab Emirates,marketplace
ORD-103390,2026-02-03 19:14,C00111,SKU-1005,24 inch monitor,Displays,2,"Rs 32,900",20,Saudi Arabia,Website
ORD-100358,2025-10-29 13:14,C00343,SKU-1005,24 inch monitor,Displays,1,"Rs 32,900",0,United Kingdom,Website
ORD-103292,2025-06-17 15:14,C00201,SKU-1007,Noise cancelling headset,Audio,2,"Rs 6,900",5,UK,Website
ORD-103930,2026-02-28 20:14,C00739,SKU-1004,HDMI cable 1.5m,Cables,2,"Rs 1,300",10,United Arab Emirates,retail
ORD-100672,2025-10-23 13:14,C00382,SKU-1006,Laptop stand,Accessories,1,"Rs 4,200",0,UAE,Website
ORD-103774,2025-08-18 17:14,C00010,SKU-1003,USB-C cable 2m,Cables,1,Rs 850,0,PK,marketplace
ORD-103884,2025-10-09 08:14,C00007,SKU-1010,65W GaN charger,Power,1,"Rs 3,900",10,PK,website
ORD-101743,2025-09-13 17:14,C00833,SKU-1006,Laptop stand,Accessories,1,"Rs 4,200",10,UK,Website
ORD-102184,2026-09-12 07:14,C00499,SKU-1003,USB-C cable 2m,Cables,1,Rs 850,0,Saudi Arabia,marketplace
ORD-100292,2025-06-21 09:14,C00037,SKU-1005,24 inch monitor,Displays,1,"Rs 32,900",0,PK,marketplace
ORD-100085,2025-07-22 14:14,C00595,SKU-1010,65W GaN charger,Power,2,"Rs 3,900",0,UAE,Website
ORD-105256,2026-08-13 12:14,C00562,SKU-1008,1TB portable SSD,Storage,1,"Rs 13,500",0,Saudi Arabia,website
ORD-100943,2025-12-15 20:14,C00722,SKU-1008,1TB portable SSD,Storage,3,"Rs 13,500",5,United Arab Emirates,marketplace
ORD-100130,2025-07-25 20:14,C00764,SKU-1001,Mechanical keyboard,Peripherals,1,"Rs 9,800",0,United Kingdom,marketplace
ORD-100155,2026-09-02 11:14,C00418,SKU-1009,Webcam 1080p,Video,2,"Rs 5,400",20,PK,marketplace
ORD-101523,2026-04-27 11:14,C00634,SKU-1009,Webcam 1080p,Video,1,"Rs 5,400",0,PK,website
ORD-104000,2025-09-30 18:14,C00473,SKU-1004,HDMI cable 1.5m,Cables,1,"Rs 1,300",5,pakistan,Website
ORD-105204,2025-11-10 07:14,C00761,SKU-1008,1TB portable SSD,Storage,1,"Rs 13,500",10,United Arab Emirates,website
ORD-100217,2026-05-09 08:14,C00688,SKU-1006,Laptop stand,Accessories,3,"Rs 4,200",5,Pakistan,marketplace
ORD-105728,2025-03-31 12:14,C00171,SKU-1005,24 inch monitor,Displays,5,"Rs 32,900",10,Pakistan,retail
ORD-102966,2025-10-14 10:14,C00001,SKU-1005,24 inch monitor,Displays,1,"Rs 32,900",0,United Arab Emirates,Website
ORD-105614,2026-05-13 15:14,C00234,SKU-1007,Noise cancelling headset,Audio,1,"Rs 6,900",0,pakistan,marketplace
ORD-102874,2025-11-01 12:14,C00834,SKU-1010,65W GaN charger,Power,1,"Rs 3,900",0,UK,marketplace
ORD-100260,2026-04-17 15:14,C00037,SKU-1006,Laptop stand,Accessories,1,"Rs 4,200",0,United Kingdom,website
ORD-104379,2026-01-18 19:14,C00034,SKU-1006,Laptop stand,Accessories,1,"Rs 4,200",10,UAE,retail
ORD-103724,07/04/2026,C00703,SKU-1001,Mechanical keyboard,Peripherals,1,"Rs 9,800",0,pakistan,Website
ORD-105906,2026-01-24 15:14,C00515,SKU-1010,65W GaN charger,Power,1,"Rs 3,900",0,Saudi Arabia,Website
ORD-103875,2025-07-27 07:14,C00079,SKU-1008,1TB portable SSD,Storage,1,"Rs 13,500",0,UK,marketplace
ORD-105527,2025-09-29 13:14,C00014,SKU-1001,Mechanical keyboard,Peripherals,1,"Rs 9,800",0,PK,Website
ORD-105357,2026-03-18 10:14,C00057,SKU-1010,65W GaN charger,Power,5,"Rs 3,900",20,UAE,website
ORD-102223,2025-04-12 12:14,C00014,SKU-1005,24 inch monitor,Displays,2,"Rs 32,900",0,PK,retail
ORD-100467,2026-08-04 08:14,C00150,SKU-1005,24 inch monitor,Displays,2,"Rs 32,900",0,UK,retail
ORD-100476,2025-08-19 11:14,C00562,SKU-1004,HDMI cable 1.5m,Cables,1,"Rs 1,300",0,Pakistan,Website
ORD-103665,2026-03-20 16:14,C00740,SKU-1009,Webcam 1080p,Video,1,"Rs 5,400",5,PK,website
ORD-103870,2025-10-29 20:14,C00038,SKU-1006,Laptop stand,Accessories,1,"Rs 4,200",0,UK,Website
ORD-100499,2026-08-31 15:14,C00488,SKU-1005,24 inch monitor,Displays,-2,"Rs 32,900",0,pakistan,Website
ORD-100498,2026-02-21 18:14,C00055,SKU-1003,USB-C cable 2m,Cables,2,Rs 850,5,PK,Website
ORD-101275,2025-05-17 10:14,C00016,SKU-1006,Laptop stand,Accessories,1,"Rs 4,200",0,PK,website
ORD-104182,2025-05-13 12:14,C00060,SKU-1002,Wireless mouse,Peripherals,5,"Rs 2,600",5,United Arab Emirates,retail
ORD-105286,2026-09-07 18:14,C00019,SKU-1002,Wireless mouse,Peripherals,2,"Rs 2,600",5,Saudi Arabia,Website
ORD-103821,2026-04-13 14:14,C00048,SKU-1007,Noise cancelling headset,Audio,2,"Rs 6,900",0,United Kingdom,retail
ORD-102971,2026-03-31 09:14,C00039,SKU-1009,Webcam 1080p,Video,1,"Rs 5,400",0,United Kingdom,retail
ORD-103256,2025-12-07 18:14,C00466,SKU-1006,Laptop stand,Accessories,1,"Rs 4,200",0,pakistan,Website
ORD-102373,2025-11-04 09:14,C00104,SKU-1008,1TB portable SSD,Storage,1,"Rs 13,500",0,PK,retail
ORD-100696,2025-10-18 15:14,C00027,SKU-1002,Wireless mouse,Peripherals,1,"Rs 2,600",5,PK,retail
ORD-103421,2025-10-19 14:14,C00586,SKU-1005,24 inch monitor,Displays,1,"Rs 32,900",5,Saudi Arabia,marketplace
ORD-103529,2026-05-24 18:14,C00280,SKU-1008,1TB portable SSD,Storage,1,"Rs 13,500",0,pakistan,marketplace
ORD-100179,2025-10-29 15:14,C00840,SKU-1006,Laptop stand,Accessories,1,"Rs 4,200",10,United Arab Emirates,retail
ORD-105331,2025-09-04 08:14,C00036,SKU-1010,65W GaN charger,Power,2,"Rs 3,900",0,Saudi Arabia,retail
ORD-103493,2025-09-12 12:14,C00165,SKU-1008,1TB portable SSD,Storage,2,"Rs 13,500",20,PK,retail
ORD-101554,2026-06-07 18:14,C00719,SKU-1004,HDMI cable 1.5m,Cables,1,"Rs 1,300",10,UAE,Website
ORD-103323,2025-08-18 13:14,C00251,SKU-1005,24 inch monitor,Displays,1,"Rs 32,900",0,Saudi Arabia,Website
ORD-103604,2026-06-24 14:14,C00303,SKU-1007,Noise cancelling headset,Audio,1,"Rs 6,900",5,UK,Website
ORD-102989,2026-05-15 10:14,C00424,SKU-1009,Webcam 1080p,Video,3,"Rs 5,400",0,UK,marketplace
ORD-101546,2026-05-13 19:14,C00002,SKU-1004,HDMI cable 1.5m,Cables,2,"Rs 1,300",0,United Arab Emirates,website
ORD-104547,2025-10-13 18:14,C00060,SKU-1004,HDMI cable 1.5m,Cables,3,"Rs 1,300",0,UK,retail
ORD-102829,2026-08-21 08:14,C00493,SKU-1001,Mechanical keyboard,Peripherals,3,"Rs 9,800",0,Pakistan,website
ORD-101502,2025-07-26 18:14,C00014,SKU-1009,Webcam 1080p,Video,1,"Rs 5,400",20,Pakistan,marketplace
ORD-101408,2026-08-25 12:14,C00047,SKU-1002,Wireless mouse,Peripherals,2,"Rs 2,600",0,United Arab Emirates,website
ORD-104358,2026-05-01 20:14,C00283,SKU-1005,24 inch monitor,Displays,1,"Rs 32,900",0,pakistan,website
ORD-100847,2026-03-10 18:14,C00423,SKU-1004,HDMI cable 1.5m,Cables,1,"Rs 1,300",0,Saudi Arabia,marketplace
ORD-100316,2025-12-03 16:14,C00746,SKU-1003,USB-C cable 2m,Cables,1,Rs 850,0,UK,Website
ORD-105989,2026-05-06 07:14,C00031,SKU-1004,HDMI cable 1.5m,Cables,1,"Rs 1,300",0,Saudi Arabia,Website
ORD-104994,2026-08-15 14:14,C00009,SKU-1006,Laptop stand,Accessories,2,"Rs 4,200",0,United Arab Emirates,website
ORD-104656,2026-07-11 20:14,C00051,SKU-1005,24 inch monitor,Displays,1,"Rs 32,900",0,Saudi Arabia,retail
ORD-104661,2026-03-28 09:14,C00721,SKU-1006,Laptop stand,Accessories,2,"Rs 4,200",0,Pakistan,retail
ORD-100291,14/08/2026,C00221,SKU-1002,Wireless mouse,Peripherals,1,"Rs 2,600",0,Saudi Arabia,website
ORD-103211,2026-06-02 16:14,C00043,SKU-1010,65W GaN charger,Power,1,"Rs 3,900",0,pakistan,retail
ORD-102790,2026-03-13 19:14,C00671,SKU-1007,Noise cancelling headset,Audio,1,"Rs 6,900",20,PK,retail
ORD-102953,2025-08-23 14:14,C00103,SKU-1009,Webcam 1080p,Video,1,"Rs 5,400",0,Pakistan,marketplace
ORD-105519,2025-12-22 07:14,C00097,SKU-1009,Webcam 1080p,Video,1,"Rs 5,400",10,pakistan,retail
ORD-100795,2025-05-24 09:14,C00073,SKU-1004,HDMI cable 1.5m,Cables,1,"Rs 1,300",0,United Arab Emirates,website
ORD-102096,2026-08-25 10:14,C00021,SKU-1010,65W GaN charger,Power,1,"Rs 3,900",5,pakistan,marketplace
ORD-105905,2026-05-19 14:14,C00030,SKU-1002,Wireless mouse,Peripherals,1,"Rs 2,600",0,Pakistan,website
ORD-105975,2025-10-30 15:14,C00370,SKU-1001,Mechanical keyboard,Peripherals,2,"Rs 9,800",5,United Kingdom,retail
ORD-100288,2025-06-03 11:14,C00326,SKU-1001,Mechanical keyboard,Peripherals,1,"Rs 9,800",0,United Kingdom,retail
ORD-103435,2025-10-25 07:14,C00053,SKU-1009,Webcam 1080p,Video,3,"Rs 5,400",0,UAE,marketplace
ORD-100853,2026-03-21 13:14,C00742,SKU-1002,Wireless mouse,Peripherals,1,"Rs 2,600",0,Pakistan,Website
ORD-104497,2025-08-11 13:14,C00250,SKU-1004,HDMI cable 1.5m,Cables,1,"Rs 1,300",0,UK,retail
ORD-102229,2025-09-27 07:14,C00181,SKU-1003,USB-C cable 2m,Cables,2,,10,United Kingdom,Website
ORD-103708,2026-04-06 16:14,C00217,SKU-1007,Noise cancelling headset,Audio,2,"Rs 6,900",0,PK,website
ORD-103572,2025-08-19 07:14,C00052,SKU-1007,Noise cancelling headset,Audio,1,"Rs 6,900",0,PK,Website
ORD-100800,2026-09-11 15:14,C00719,SKU-1007,Noise cancelling headset,Audio,2,"Rs 6,900",5,pakistan,website
ORD-105701,2026-01-30 09:14,C00052,SKU-1008,1TB portable SSD,Storage,1,"Rs 13,500",10,pakistan,Website
ORD-100739,2025-12-25 08:14,C00479,SKU-1002,Wireless mouse,Peripherals,1,"Rs 2,600",0,UAE,Website
ORD-102211,2025-10-21 15:14,C00046,SKU-1005,24 inch monitor,Displays,1,"Rs 32,900",5,United Arab Emirates,Website
ORD-103334,2025-11-06 13:14,C00030,SKU-1007,Noise cancelling headset,Audio,1,"Rs 6,900",0,pakistan,marketplace
ORD-105412,2026-03-29 16:14,C00613,SKU-1003,USB-C cable 2m,Cables,2,Rs 850,0,UAE,marketplace
ORD-105945,2025-05-03 19:14,C00035,SKU-1009,Webcam 1080p,Video,2,"Rs 5,400",0,UAE,retail
ORD-103021,2026-07-11 20:14,C00836,SKU-1008,1TB portable SSD,Storage,1,"Rs 13,500",5,United Kingdom,retail
ORD-104664,2025-05-26 16:14,C00052,SKU-1004,HDMI cable 1.5m,Cables,1,"Rs 1,300",0,UK,marketplace
ORD-101345,2025-05-05 20:14,C00256,SKU-1002,Wireless mouse,Peripherals,2,"Rs 2,600",0,United Arab Emirates,retail
ORD-103820,2026-04-26 07:14,C00372,SKU-1005,24 inch monitor,Displays,1,"Rs 32,900",5,Pakistan,marketplace
ORD-100502,2025-11-15 08:14,C00027,SKU-1003,USB-C cable 2m,Cables,2,Rs 850,0,UK,retail
ORD-101451,2026-01-12 15:14,C00396,SKU-1005,24 inch monitor,Displays,1,"Rs 32,900",0,UK,retail
ORD-104566,2025-06-15 18:14,C00011,SKU-1005,24 inch monitor,Displays,1,"Rs 32,900",0,UAE,retail
ORD-104665,2025-03-30 18:14,C00036,SKU-1010,65W GaN charger,Power,1,"Rs 3,900",0,United Arab Emirates,retail
ORD-103695,2025-04-30 08:14,C00033,SKU-1001,Mechanical keyboard,Peripherals,1,"Rs 9,800",0,United Kingdom,website
ORD-104130,2025-08-02 11:14,C00578,SKU-1001,Mechanical keyboard,Peripherals,2,"Rs 9,800",0,pakistan,Website
ORD-105110,2025-05-05 15:14,C00241,SKU-1001,Mechanical keyboard,Peripherals,1,"Rs 9,800",0,pakistan,retail
ORD-104595,2026-06-17 13:14,C00058,SKU-1007,Noise cancelling headset,Audio,1,"Rs 6,900",10,PK,retail
ORD-105827,2025-11-12 19:14,C00349,SKU-1004,HDMI cable 1.5m,Cables,3,"Rs 1,300",5,Saudi Arabia,Website
ORD-103238,2025-09-08 12:14,C00010,SKU-1003,USB-C cable 2m,Cables,1,Rs 850,0,PK,Website
ORD-105282,2025-11-11 08:14,C00171,SKU-1001,Mechanical keyboard,Peripherals,1,"Rs 9,800",5,pakistan,website
ORD-101086,14/06/2026,C00173,SKU-1006,Laptop stand,Accessories,2,"Rs 4,200",0,United Arab Emirates,website
ORD-104533,23/04/2025,C00786,SKU-1003,USB-C cable 2m,Cables,1,Rs 850,0,UAE,website
ORD-101367,2026-01-20 11:14,C00504,SKU-1005,24 inch monitor,Displays,2,"Rs 32,900",0,UK,website
ORD-105513,2025-09-01 11:14,C00766,SKU-1007,Noise cancelling headset,Audio,1,"Rs 6,900",0,UAE,website
ORD-100578,2026-01-02 19:14,C00026,SKU-1001,Mechanical keyboard,Peripherals,1,"Rs 9,800",10,United Kingdom,marketplace
ORD-105695,2026-04-14 14:14,C00194,SKU-1002,Wireless mouse,Peripherals,2,"Rs 2,600",0,Pakistan,Website
ORD-100327,2026-07-17 19:14,C00108,SKU-1010,65W GaN charger,Power,1,"Rs 3,900",10,pakistan,marketplace
ORD-104303,29/01/2026,C00519,SKU-1004,HDMI cable 1.5m,Cables,1,"Rs 1,300",10,UAE,website
ORD-104838,2026-05-15 20:14,C00159,SKU-1002,Wireless mouse,Peripherals,1,"Rs 2,600",0,PK,retail
ORD-100814,2026-05-19 08:14,C00029,SKU-1007,Noise cancelling headset,Audio,1,"Rs 6,900",0,Saudi Arabia,Website
ORD-103451,05/01/2026,C00024,SKU-1010,65W GaN charger,Power,1,"Rs 3,900",0,Saudi Arabia,marketplace
ORD-100450,2026-07-02 07:14,C00628,SKU-1008,1TB portable SSD,Storage,2,"Rs 13,500",0,United Kingdom,marketplace
ORD-103936,2026-07-10 19:14,C00001,SKU-1002,Wireless mouse,Peripherals,1,"Rs 2,600",20,Pakistan,Website
ORD-101501,2025-10-24 20:14,C00002,SKU-1009,Webcam 1080p,Video,3,"Rs 5,400",5,UAE,Website
ORD-100473,2025-08-01 08:14,C00836,SKU-1004,HDMI cable 1.5m,Cables,5,"Rs 1,300",10,United Arab Emirates,website
ORD-103916,2026-07-17 17:14,C00436,SKU-1008,1TB portable SSD,Storage,1,"Rs 13,500",5,PK,Website
ORD-100702,2025-07-23 07:14,C00013,SKU-1006,Laptop stand,Accessories,2,"Rs 4,200",0,Pakistan,website
ORD-103405,2026-09-03 17:14,C00321,SKU-1002,Wireless mouse,Peripherals,5,"Rs 2,600",0,United Arab Emirates,Website
ORD-102349,2025-08-28 20:14,C00864,SKU-1006,Laptop stand,Accessories,2,"Rs 4,200",0,United Kingdom,Website
ORD-100740,2026-07-14 15:14,C00042,SKU-1004,HDMI cable 1.5m,Cables,1,"Rs 1,300",0,United Kingdom,marketplace
ORD-105544,2025-10-07 20:14,C00055,SKU-1009,Webcam 1080p,Video,1,"Rs 5,400",0,UK,retail
ORD-101673,2025-09-07 09:14,C00289,SKU-1003,USB-C cable 2m,Cables,1,Rs 850,10,pakistan,website
ORD-105917,2026-02-20 18:14,C00701,SKU-1007,Noise cancelling headset,Audio,1,"Rs 6,900",0,UAE,Website
ORD-102562,2025-09-29 13:14,C00728,SKU-1008,1TB portable SSD,Storage,1,"Rs 13,500",5,Saudi Arabia,website
ORD-100794,2025-09-23 14:14,C00769,SKU-1007,Noise cancelling headset,Audio,1,"Rs 6,900",5,Pakistan,retail
ORD-103420,2025-11-25 18:14,C00029,SKU-1004,HDMI cable 1.5m,Cables,1,"Rs 1,300",0,United Kingdom,Website
ORD-100410,2026-07-01 20:14,C00010,SKU-1006,Laptop stand,Accessories,3,"Rs 4,200",0,Saudi Arabia,marketplace
ORD-104553,2025-08-09 20:14,C00262,SKU-1006,Laptop stand,Accessories,-1,"Rs 4,200",0,Pakistan,marketplace
ORD-102547,2026-02-13 13:14,C00031,SKU-1004,HDMI cable 1.5m,Cables,2,"Rs 1,300",5,United Kingdom,website
ORD-100360,2025-04-17 08:14,C00005,SKU-1002,Wireless mouse,Peripherals,1,"Rs 2,600",0,Pakistan,Website
ORD-103316,2026-06-27 17:14,C00032,SKU-1001,Mechanical keyboard,Peripherals,1,"Rs 9,800",0,UK,Website
ORD-105190,2025-06-20 16:14,C00672,SKU-1001,Mechanical keyboard,Peripherals,1,"Rs 9,800",0,United Arab Emirates,marketplace
ORD-101954,2026-08-05 17:14,C00027,SKU-1003,USB-C cable 2m,Cables,2,Rs 850,0,Saudi Arabia,Website
ORD-100382,26/04/2025,C00417,SKU-1003,USB-C cable 2m,Cables,2,Rs 850,5,Saudi Arabia,retail
ORD-105669,2025-10-12 15:14,C00023,SKU-1004,HDMI cable 1.5m,Cables,2,"Rs 1,300",0,United Kingdom,Website
ORD-102427,2025-04-12 16:14,C00031,SKU-1003,USB-C cable 2m,Cables,2,Rs 850,0,pakistan,marketplace
ORD-105957,2025-09-19 08:14,C00039,SKU-1003,USB-C cable 2m,Cables,2,Rs 850,0,pakistan,website
ORD-104278,2025-09-19 07:14,C00813,SKU-1007,Noise cancelling headset,Audio,1,"Rs 6,900",0,United Kingdom,marketplace
ORD-103683,2026-07-23 17:14,C00177,SKU-1006,Laptop stand,Accessories,2,"Rs 4,200",0,UAE,website
ORD-103131,2025-12-31 17:14,C00113,SKU-1008,1TB portable SSD,Storage,1,"Rs 13,500",0,United Kingdom,marketplace
ORD-105835,2025-12-02 12:14,C00289,SKU-1008,1TB portable SSD,Storage,1,"Rs 13,500",10,Pakistan,website
ORD-100874,2025-11-02 15:14,C00376,SKU-1004,HDMI cable 1.5m,Cables,1,"Rs 1,300",0,UK,retail
ORD-103368,2026-07-12 10:14,C00630,SKU-1009,Webcam 1080p,Video,1,"Rs 5,400",5,United Kingdom,Website
ORD-103159,2026-08-07 10:14,C00392,SKU-1001,Mechanical keyboard,Peripherals,1,"Rs 9,800",5,United Arab Emirates,website
ORD-105834,2025-09-08 10:14,C00335,SKU-1010,65W GaN charger,Power,1,"Rs 3,900",5,United Kingdom,website
ORD-102840,2025-04-10 11:14,C00205,SKU-1008,1TB portable SSD,Storage,5,"Rs 13,500",0,PK,marketplace
ORD-105211,2025-05-13 08:14,,SKU-1002,Wireless mouse,Peripherals,2,"Rs 2,600",0,United Kingdom,website
ORD-102937,2026-07-29 07:14,C00404,SKU-1010,65W GaN charger,Power,1,"Rs 3,900",10,United Kingdom,retail
ORD-101982,2026-04-24 10:14,C00034,SKU-1005,24 inch monitor,Displays,1,"Rs 32,900",0,UAE,website
ORD-100619,2025-05-17 19:14,C00011,SKU-1003,USB-C cable 2m,Cables,2,Rs 850,0,Saudi Arabia,website
ORD-100426,2026-08-31 15:14,C00308,SKU-1005,24 inch monitor,Displays,1,"Rs 32,900",0,PK,retail
ORD-100281,2025-09-05 19:14,C00767,SKU-1004,HDMI cable 1.5m,Cables,1,"Rs 1,300",10,United Kingdom,retail
ORD-100784,2025-11-07 17:14,C00016,SKU-1003,USB-C cable 2m,Cables,5,Rs 850,5,UAE,Website
ORD-103186,2025-04-22 12:14,C00010,SKU-1002,Wireless mouse,Peripherals,1,"Rs 2,600",5,UAE,retail
ORD-102720,2025-07-17 19:14,C00047,SKU-1005,24 inch monitor,Displays,1,"Rs 32,900",5,United Arab Emirates,website
ORD-105934,2025-07-21 16:14,C00168,SKU-1010,65W GaN charger,Power,1,"Rs 3,900",0,UK,Website
ORD-105388,2026-06-10 07:14,C00011,SKU-1002,Wireless mouse,Peripherals,2,"Rs 2,600",10,UK,marketplace
ORD-103997,2026-02-03 18:14,C00286,SKU-1010,65W GaN charger,Power,1,"Rs 3,900",20,Pakistan,Website
ORD-102226,06/06/2025,C00630,SKU-1004,HDMI cable 1.5m,Cables,5,"Rs 1,300",10,United Arab Emirates,website
ORD-103060,2025-09-25 20:14,C00002,SKU-1003,USB-C cable 2m,Cables,-1,Rs 850,0,United Kingdom,marketplace
ORD-103917,2026-03-31 10:14,C00025,SKU-1006,Laptop stand,Accessories,3,"Rs 4,200",0,United Kingdom,Website
ORD-102913,2025-04-10 12:14,C00547,SKU-1008,1TB portable SSD,Storage,1,"Rs 13,500",0,Pakistan,retail
ORD-100708,2025-10-30 17:14,C00438,SKU-1003,USB-C cable 2m,Cables,2,Rs 850,10,pakistan,retail
ORD-102976,2025-12-21 11:14,C00040,SKU-1004,HDMI cable 1.5m,Cables,1,"Rs 1,300",0,Saudi Arabia,Website
ORD-101637,2025-12-02 16:14,C00292,SKU-1001,Mechanical keyboard,Peripherals,5,"Rs 9,800",0,UK,website
ORD-101791,2026-03-23 07:14,C00746,SKU-1005,24 inch monitor,Displays,2,"Rs 32,900",0,Saudi Arabia,website
ORD-102308,2025-07-14 14:14,C00021,SKU-1008,1TB portable SSD,Storage,2,"Rs 13,500",0,pakistan,marketplace
ORD-105166,2026-04-03 07:14,C00273,SKU-1009,Webcam 1080p,Video,1,"Rs 5,400",0,Pakistan,marketplace
ORD-104409,2026-05-17 14:14,C00698,SKU-1001,Mechanical keyboard,Peripherals,1,"Rs 9,800",5,pakistan,retail
ORD-101422,2025-08-13 19:14,C00006,SKU-1010,65W GaN charger,Power,-1,"Rs 3,900",0,pakistan,Website
ORD-105915,2026-07-29 14:14,C00075,SKU-1003,USB-C cable 2m,Cables,1,Rs 850,0,PK,Website
ORD-104441,2025-07-20 19:14,C00044,SKU-1010,65W GaN charger,Power,1,"Rs 3,900",0,Pakistan,website
ORD-104077,2025-05-18 12:14,C00056,SKU-1004,HDMI cable 1.5m,Cables,3,"Rs 1,300",0,PK,Website
ORD-101219,2025-11-02 13:14,C00595,SKU-1001,Mechanical keyboard,Peripherals,1,"Rs 9,800",0,United Kingdom,website
ORD-101921,2025-09-02 18:14,C00079,SKU-1007,Noise cancelling headset,Audio,1,"Rs 6,900",0,pakistan,retail
ORD-104910,2026-03-26 11:14,C00100,SKU-1008,1TB portable SSD,Storage,2,"Rs 13,500",0,United Arab Emirates,marketplace
ORD-101203,2025-10-15 07:14,C00034,SKU-1007,Noise cancelling headset,Audio,2,"Rs 6,900",0,Saudi Arabia,website
ORD-100571,2026-01-10 15:14,C00131,SKU-1010,65W GaN charger,Power,1,"Rs 3,900",0,Saudi Arabia,Website
ORD-101434,2025-04-12 17:14,C00728,SKU-1009,Webcam 1080p,Video,1,"Rs 5,400",10,Saudi Arabia,marketplace
ORD-104666,2025-05-10 20:14,C00764,SKU-1005,24 inch monitor,Displays,1,"Rs 32,900",20,PK,website
ORD-100169,2025-10-27 16:14,C00204,SKU-1008,1TB portable SSD,Storage,2,"Rs 13,500",0,PK,Website
ORD-100869,06/04/2026,C00655,SKU-1007,Noise cancelling headset,Audio,2,"Rs 6,900",0,Pakistan,marketplace
ORD-101141,2026-03-03 16:14,C00647,SKU-1004,HDMI cable 1.5m,Cables,1,"Rs 1,300",5,United Kingdom,Website
ORD-104448,2026-01-13 08:14,C00271,SKU-1001,Mechanical keyboard,Peripherals,1,"Rs 9,800",0,Saudi Arabia,Website
ORD-102445,2025-05-03 10:14,C00344,SKU-1001,Mechanical keyboard,Peripherals,1,"Rs 9,800",0,United Arab Emirates,website
ORD-103925,30/04/2025,C00674,SKU-1004,HDMI cable 1.5m,Cables,-5,"Rs 1,300",5,pakistan,marketplace
ORD-105159,2025-04-15 07:14,C00298,SKU-1008,1TB portable SSD,Storage,1,"Rs 13,500",0,UAE,retail
ORD-103259,2026-06-10 17:14,C00666,SKU-1010,65W GaN charger,Power,1,"Rs 3,900",5,Saudi Arabia,retail
ORD-104252,2026-06-01 17:14,C00057,SKU-1004,HDMI cable 1.5m,Cables,3,"Rs 1,300",0,Pakistan,website
ORD-100599,2026-04-25 14:14,C00611,SKU-1006,Laptop stand,Accessories,1,"Rs 4,200",0,UAE,retail
ORD-104074,2026-03-15 17:14,C00001,SKU-1002,Wireless mouse,Peripherals,1,"Rs 2,600",0,UAE,retail
ORD-101684,2025-09-09 18:14,C00081,SKU-1010,65W GaN charger,Power,2,"Rs 3,900",0,United Kingdom,website
ORD-101977,2025-07-31 11:14,C00013,SKU-1004,HDMI cable 1.5m,Cables,-1,"Rs 1,300",0,UAE,marketplace
ORD-102574,2025-07-29 19:14,C00519,SKU-1005,24 inch monitor,Displays,1,"Rs 32,900",5,Saudi Arabia,retail
ORD-103933,2025-08-19 07:14,C00222,SKU-1009,Webcam 1080p,Video,2,"Rs 5,400",0,UK,website
ORD-101589,2025-04-01 19:14,C00352,SKU-1007,Noise cancelling headset,Audio,2,"Rs 6,900",0,United Kingdom,website
ORD-100569,2026-07-14 08:14,C00608,SKU-1008,1TB portable SSD,Storage,1,"Rs 13,500",5,United Arab Emirates,Website
ORD-104974,2026-01-30 11:14,C00018,SKU-1004,HDMI cable 1.5m,Cables,2,"Rs 1,300",0,Pakistan,marketplace
ORD-100020,2026-01-04 12:14,C00022,SKU-1009,Webcam 1080p,Video,1,"Rs 5,400",0,Saudi Arabia,retail
ORD-100876,2025-08-03 15:14,C00039,SKU-1001,Mechanical keyboard,Peripherals,1,"Rs 9,800",5,Saudi Arabia,website
ORD-105692,2026-05-01 18:14,C00523,SKU-1009,Webcam 1080p,Video,1,"Rs 5,400",10,United Kingdom,marketplace
ORD-105324,2025-06-11 19:14,C00023,SKU-1008,1TB portable SSD,Storage,1,"Rs 13,500",0,United Kingdom,website
ORD-102544,2026-08-23 10:14,C00401,SKU-1008,1TB portable SSD,Storage,5,"Rs 13,500",0,pakistan,Website
ORD-103643,2025-04-19 17:14,C00558,SKU-1006,Laptop stand,Accessories,3,"Rs 4,200",5,United Kingdom,Website
ORD-101880,2025-04-17 14:14,C00032,SKU-1008,1TB portable SSD,Storage,1,"Rs 13,500",5,pakistan,marketplace
ORD-103397,2026-01-06 13:14,C00644,SKU-1001,Mechanical keyboard,Peripherals,2,"Rs 9,800",20,Pakistan,retail
ORD-103028,2026-09-01 11:14,C00683,SKU-1007,Noise cancelling headset,Audio,1,"Rs 6,900",0,UAE,website
ORD-104736,2025-10-02 19:14,C00536,SKU-1005,24 inch monitor,Displays,1,"Rs 32,900",20,Pakistan,Website
ORD-105808,2025-10-01 15:14,C00767,SKU-1001,Mechanical keyboard,Peripherals,2,"Rs 9,800",0,PK,Website
ORD-100099,2026-03-14 20:14,C00680,SKU-1001,Mechanical keyboard,Peripherals,2,"Rs 9,800",10,Pakistan,retail
ORD-103769,2026-01-02 09:14,C00486,SKU-1008,1TB portable SSD,Storage,2,"Rs 13,500",0,Saudi Arabia,retail
ORD-100644,2026-03-17 09:14,C00029,SKU-1003,USB-C cable 2m,Cables,1,Rs 850,0,pakistan,retail
ORD-102852,2026-01-19 14:14,C00212,SKU-1009,Webcam 1080p,Video,1,"Rs 5,400",10,United Kingdom,Website
ORD-101280,2026-06-14 12:14,C00179,SKU-1004,HDMI cable 1.5m,Cables,1,"Rs 1,300",0,Saudi Arabia,Website
ORD-101314,2025-10-08 13:14,C00124,SKU-1002,Wireless mouse,Peripherals,2,"Rs 2,600",5,UK,Website
ORD-103953,2026-07-03 10:14,C00042,SKU-1006,Laptop stand,Accessories,1,"Rs 4,200",20,United Arab Emirates,marketplace
ORD-101748,2026-04-21 12:14,C00429,SKU-1001,Mechanical keyboard,Peripherals,1,"Rs 9,800",20,UK,marketplace
ORD-105602,2025-09-07 18:14,C00051,SKU-1005,24 inch monitor,Displays,1,"Rs 32,900",0,UK,marketplace
ORD-102663,2026-01-03 19:14,C00830,SKU-1010,65W GaN charger,Power,-2,"Rs 3,900",5,United Arab Emirates,Website
ORD-100811,2025-06-21 13:14,C00563,SKU-1009,Webcam 1080p,Video,1,"Rs 5,400",0,UAE,marketplace
ORD-101819,2025-11-11 20:14,C00093,SKU-1004,HDMI cable 1.5m,Cables,1,"Rs 1,300",0,United Arab Emirates,marketplace
ORD-104049,2026-06-08 13:14,C00011,SKU-1004,HDMI cable 1.5m,Cables,1,"Rs 1,300",0,Pakistan,website
ORD-102337,2025-04-30 13:14,C00020,SKU-1010,65W GaN charger,Power,2,"Rs 3,900",0,UAE,retail
ORD-100718,2025-12-12 15:14,C00266,SKU-1006,Laptop stand,Accessories,1,"Rs 4,200",5,UK,marketplace
ORD-103898,2025-05-03 16:14,C00010,SKU-1009,Webcam 1080p,Video,1,"Rs 5,400",10,United Kingdom,website
ORD-100430,2025-11-19 17:14,C00021,SKU-1007,Noise cancelling headset,Audio,2,"Rs 6,900",0,Saudi Arabia,retail
ORD-100848,2025-10-04 13:14,C00396,SKU-1001,Mechanical keyboard,Peripherals,1,"Rs 9,800",0,Saudi Arabia,retail
ORD-104860,2026-02-12 09:14,C00830,SKU-1002,Wireless mouse,Peripherals,1,"Rs 2,600",0,Saudi Arabia,marketplace
ORD-102169,2025-09-27 15:14,C00452,SKU-1009,Webcam 1080p,Video,1,"Rs 5,400",10,United Arab Emirates,Website
ORD-102934,2026-02-24 07:14,C00470,SKU-1002,Wireless mouse,Peripherals,1,"Rs 2,600",0,Pakistan,website
ORD-101889,03/08/2026,C00790,SKU-1002,Wireless mouse,Peripherals,1,"Rs 2,600",0,Pakistan,website
ORD-105775,2026-08-01 07:14,,SKU-1006,Laptop stand,Accessories,1,"Rs 4,200",5,UAE,retail
ORD-105179,2026-06-19 14:14,C00384,SKU-1005,24 inch monitor,Displays,1,"Rs 32,900",0,United Kingdom,marketplace
ORD-102098,2025-05-13 13:14,C00028,SKU-1004,HDMI cable 1.5m,Cables,2,"Rs 1,300",0,UK,marketplace
ORD-104254,2026-04-18 16:14,C00058,SKU-1008,1TB portable SSD,Storage,1,"Rs 13,500",0,PK,retail
ORD-103235,2026-07-01 14:14,C00049,SKU-1006,Laptop stand,Accessories,3,"Rs 4,200",5,UAE,marketplace
ORD-100561,2025-03-29 12:14,C00548,SKU-1007,Noise cancelling headset,Audio,3,"Rs 6,900",0,UAE,website
ORD-100724,2025-09-07 12:14,C00424,SKU-1003,USB-C cable 2m,Cables,2,Rs 850,10,Saudi Arabia,Website
ORD-100573,2025-06-01 17:14,C00388,SKU-1005,24 inch monitor,Displays,1,"Rs 32,900",0,United Kingdom,Website
ORD-101316,2025-08-30 08:14,C00894,SKU-1003,USB-C cable 2m,Cables,1,Rs 850,10,United Kingdom,marketplace
ORD-103270,2025-10-18 07:14,C00703,SKU-1006,Laptop stand,Accessories,2,"Rs 4,200",10,UAE,retail
ORD-102344,2026-03-17 19:14,C00385,SKU-1002,Wireless mouse,Peripherals,1,"Rs 2,600",0,Pakistan,marketplace
ORD-102399,22/06/2026,C00021,SKU-1002,Wireless mouse,Peripherals,1,"Rs 2,600",0,UAE,marketplace
ORD-105847,2026-01-26 12:14,C00231,SKU-1010,65W GaN charger,Power,2,"Rs 3,900",0,UAE,retail
ORD-103160,2025-08-21 15:14,C00298,SKU-1008,1TB portable SSD,Storage,5,"Rs 13,500",0,United Arab Emirates,marketplace
ORD-100348,2026-07-01 18:14,C00306,SKU-1008,1TB portable SSD,Storage,1,"Rs 13,500",0,UK,website
ORD-102523,2026-02-13 14:14,C00410,SKU-1006,Laptop stand,Accessories,3,"Rs 4,200",0,Pakistan,website
ORD-105291,2025-06-14 13:14,C00301,SKU-1008,1TB portable SSD,Storage,-1,"Rs 13,500",0,Saudi Arabia,retail
ORD-100067,2025-12-26 17:14,C00332,SKU-1004,HDMI cable 1.5m,Cables,1,"Rs 1,300",0,UK,Website
ORD-104481,2025-05-01 16:14,C00027,SKU-1001,Mechanical keyboard,Peripherals,3,"Rs 9,800",0,Saudi Arabia,retail
ORD-103990,2025-04-13 12:14,C00020,SKU-1005,24 inch monitor,Displays,-2,"Rs 32,900",0,UAE,marketplace
ORD-103476,2026-03-27 15:14,C00028,SKU-1009,Webcam 1080p,Video,2,"Rs 5,400",0,Saudi Arabia,marketplace
ORD-105439,2026-05-14 09:14,C00570,SKU-1001,Mechanical keyboard,Peripherals,1,"Rs 9,800",0,United Arab Emirates,retail
ORD-100031,2026-04-19 10:14,C00035,SKU-1010,65W GaN charger,Power,3,"Rs 3,900",0,United Kingdom,website
ORD-104901,2025-07-17 16:14,C00131,SKU-1007,Noise cancelling headset,Audio,1,"Rs 6,900",0,Pakistan,marketplace
ORD-100071,2025-06-08 15:14,C00841,SKU-1010,65W GaN charger,Power,1,"Rs 3,900",0,PK,Website
ORD-102883,2025-08-06 18:14,C00696,SKU-1004,HDMI cable 1.5m,Cables,1,"Rs 1,300",5,PK,marketplace
ORD-105214,2026-01-26 13:14,C00379,SKU-1008,1TB portable SSD,Storage,3,"Rs 13,500",0,pakistan,Website
ORD-103874,2026-06-28 19:14,C00030,SKU-1005,24 inch monitor,Displays,1,"Rs 32,900",0,pakistan,Website
ORD-100567,2026-03-20 09:14,C00020,SKU-1010,65W GaN charger,Power,1,"Rs 3,900",0,PK,website
ORD-103459,2025-10-08 20:14,C00456,SKU-1002,Wireless mouse,Peripherals,1,"Rs 2,600",0,UK,website
ORD-105836,2025-06-08 18:14,C00416,SKU-1002,Wireless mouse,Peripherals,1,"Rs 2,600",5,Pakistan,marketplace
ORD-102052,2026-06-24 16:14,C00027,SKU-1010,65W GaN charger,Power,1,"Rs 3,900",0,pakistan,retail
ORD-103166,2025-10-10 18:14,C00048,SKU-1002,Wireless mouse,Peripherals,1,"Rs 2,600",10,United Kingdom,Website
ORD-103928,2025-05-12 15:14,C00044,SKU-1009,Webcam 1080p,Video,3,"Rs 5,400",0,Saudi Arabia,website
ORD-103565,2025-05-19 12:14,C00055,SKU-1001,Mechanical keyboard,Peripherals,5,"Rs 9,800",0,United Kingdom,Website
ORD-104741,2026-07-09 14:14,C00437,SKU-1004,HDMI cable 1.5m,Cables,1,"Rs 1,300",0,UK,Website
ORD-102730,2026-06-24 20:14,C00084,SKU-1010,65W GaN charger,Power,2,"Rs 3,900",0,UAE,marketplace
ORD-103819,2025-08-07 19:14,C00890,SKU-1008,1TB portable SSD,Storage,1,"Rs 13,500",10,United Arab Emirates,Website
ORD-103764,2025-05-09 18:14,C00009,SKU-1002,Wireless mouse,Peripherals,2,"Rs 2,600",5,United Kingdom,website
ORD-105867,2026-08-26 18:14,C00008,SKU-1009,Webcam 1080p,Video,1,"Rs 5,400",10,United Kingdom,Website
ORD-105477,2026-07-22 08:14,C00014,SKU-1003,USB-C cable 2m,Cables,1,Rs 850,10,UAE,Website
ORD-103452,18/06/2026,C00786,SKU-1009,Webcam 1080p,Video,1,"Rs 5,400",0,Saudi Arabia,retail
ORD-103524,2025-08-05 11:14,C00306,SKU-1009,Webcam 1080p,Video,1,"Rs 5,400",0,UAE,marketplace
ORD-103077,2025-05-31 17:14,C00725,SKU-1003,USB-C cable 2m,Cables,1,Rs 850,0,UK,Website
ORD-105963,2026-01-05 10:14,C00246,SKU-1006,Laptop stand,Accessories,1,"Rs 4,200",0,PK,retail
ORD-105182,2025-10-03 10:14,C00070,SKU-1001,Mechanical keyboard,Peripherals,1,"Rs 9,800",0,PK,marketplace
ORD-100780,2025-05-04 19:14,C00676,SKU-1008,1TB portable SSD,Storage,1,"Rs 13,500",0,United Arab Emirates,marketplace
ORD-100310,2025-06-24 08:14,C00796,SKU-1004,HDMI cable 1.5m,Cables,1,"Rs 1,300",20,PK,marketplace
ORD-102886,2025-08-12 10:14,C00424,SKU-1009,Webcam 1080p,Video,1,"Rs 5,400",0,United Arab Emirates,Website
ORD-104203,2026-01-27 07:14,C00525,SKU-1009,Webcam 1080p,Video,1,"Rs 5,400",0,UK,Website
ORD-101947,18/03/2026,C00340,SKU-1004,HDMI cable 1.5m,Cables,2,"Rs 1,300",0,pakistan,Website
ORD-100116,2025-04-03 20:14,C00207,SKU-1007,Noise cancelling headset,Audio,2,"Rs 6,900",0,pakistan,Website
ORD-101937,2025-09-02 07:14,C00500,SKU-1009,Webcam 1080p,Video,1,"Rs 5,400",5,PK,marketplace
ORD-102101,2025-11-14 13:14,C00563,SKU-1008,1TB portable SSD,Storage,2,"Rs 13,500",5,Pakistan,website
ORD-101756,2025-07-24 12:14,C00522,SKU-1005,24 inch monitor,Displays,1,"Rs 32,900",0,UK,website
ORD-104603,2026-08-17 09:14,C00321,SKU-1005,24 inch monitor,Displays,1,"Rs 32,900",0,UAE,marketplace
ORD-104643,2026-08-20 19:14,C00345,SKU-1001,Mechanical keyboard,Peripherals,1,"Rs 9,800",0,United Kingdom,retail
ORD-105073,2025-09-24 20:14,C00022,SKU-1004,HDMI cable 1.5m,Cables,1,"Rs 1,300",10,United Arab Emirates,Website
ORD-100758,2025-12-28 11:14,C00510,SKU-1003,USB-C cable 2m,Cables,1,Rs 850,10,pakistan,marketplace
ORD-104657,2026-04-27 20:14,C00018,SKU-1004,HDMI cable 1.5m,Cables,1,"Rs 1,300",0,pakistan,website
ORD-103756,2025-11-18 07:14,C00316,SKU-1005,24 inch monitor,Displays,1,"Rs 32,900",0,pakistan,marketplace
ORD-102504,2025-07-03 09:14,C00695,SKU-1002,Wireless mouse,Peripherals,1,"Rs 2,600",10,PK,retail
ORD-105512,2025-12-15 09:14,C00398,SKU-1007,Noise cancelling headset,Audio,1,"Rs 6,900",0,pakistan,website
ORD-105416,2026-03-20 08:14,C00349,SKU-1004,HDMI cable 1.5m,Cables,3,"Rs 1,300",5,PK,Website
ORD-103505,2026-06-26 18:14,C00790,SKU-1002,Wireless mouse,Peripherals,1,"Rs 2,600",5,UK,retail
ORD-104868,2025-08-11 08:14,C00319,SKU-1002,Wireless mouse,Peripherals,1,"Rs 2,600",10,Pakistan,marketplace
ORD-101606,2025-10-23 19:14,C00732,SKU-1004,HDMI cable 1.5m,Cables,1,"Rs 1,300",0,UAE,marketplace
ORD-100106,2026-07-31 13:14,C00598,SKU-1006,Laptop stand,Accessories,1,"Rs 4,200",0,United Arab Emirates,Website
ORD-105160,13/07/2026,C00642,SKU-1001,Mechanical keyboard,Peripherals,1,"Rs 9,800",0,UK,marketplace
ORD-102933,2026-07-07 09:14,C00042,SKU-1008,1TB portable SSD,Storage,1,"Rs 13,500",0,PK,marketplace
ORD-101064,2026-08-30 08:14,C00684,SKU-1002,Wireless mouse,Peripherals,2,"Rs 2,600",0,Pakistan,Website
ORD-104767,2026-01-16 19:14,C00432,SKU-1009,Webcam 1080p,Video,1,"Rs 5,400",0,Pakistan,website
ORD-104435,2026-08-26 19:14,C00513,SKU-1001,Mechanical keyboard,Peripherals,1,"Rs 9,800",5,UK,retail
ORD-103091,2025-11-25 18:14,C00285,SKU-1004,HDMI cable 1.5m,Cables,1,"Rs 1,300",5,pakistan,website
ORD-102639,2025-10-17 08:14,C00193,SKU-1008,1TB portable SSD,Storage,1,"Rs 13,500",20,PK,marketplace
ORD-102046,2025-11-19 19:14,C00045,SKU-1002,Wireless mouse,Peripherals,-1,"Rs 2,600",5,PK,marketplace
ORD-105027,2025-04-25 17:14,C00040,SKU-1004,HDMI cable 1.5m,Cables,1,"Rs 1,300",0,United Arab Emirates,Website
ORD-103857,2025-03-26 16:14,C00493,SKU-1004,HDMI cable 1.5m,Cables,1,"Rs 1,300",10,United Arab Emirates,marketplace
ORD-104677,2025-10-01 19:14,C00679,SKU-1010,65W GaN charger,Power,1,"Rs 3,900",0,United Arab Emirates,Website
ORD-103404,2025-11-05 16:14,C00017,SKU-1009,Webcam 1080p,Video,2,"Rs 5,400",0,UK,Website
ORD-103753,2025-07-18 11:14,C00730,SKU-1010,65W GaN charger,Power,1,"Rs 3,900",0,United Kingdom,website
ORD-101165,2025-08-21 18:14,C00638,SKU-1005,24 inch monitor,Displays,2,"Rs 32,900",0,pakistan,retail
ORD-103312,2026-01-21 09:14,C00030,SKU-1005,24 inch monitor,Displays,2,"Rs 32,900",0,United Kingdom,retail
ORD-103465,2026-07-21 20:14,C00023,SKU-1006,Laptop stand,Accessories,3,"Rs 4,200",10,United Kingdom,marketplace
ORD-102609,2026-06-02 20:14,C00529,SKU-1002,Wireless mouse,Peripherals,1,"Rs 2,600",0,United Arab Emirates,website
ORD-101678,2025-08-03 07:14,C00051,SKU-1006,Laptop stand,Accessories,2,"Rs 4,200",10,UAE,retail
ORD-102967,2025-09-28 09:14,C00018,SKU-1001,Mechanical keyboard,Peripherals,3,"Rs 9,800",0,Saudi Arabia,website
ORD-104883,2025-10-24 18:14,C00835,SKU-1003,USB-C cable 2m,Cables,1,Rs 850,0,UK,retail
ORD-101922,2025-12-20 14:14,C00896,SKU-1005,24 inch monitor,Displays,1,"Rs 32,900",0,United Kingdom,retail
ORD-100854,2025-04-15 20:14,C00372,SKU-1001,Mechanical keyboard,Peripherals,3,"Rs 9,800",0,PK,marketplace
ORD-104332,2026-02-26 14:14,C00231,SKU-1009,Webcam 1080p,Video,1,"Rs 5,400",0,PK,retail
ORD-104464,2025-12-06 19:14,C00413,SKU-1006,Laptop stand,Accessories,2,"Rs 4,200",10,UK,Website
ORD-104821,2026-02-03 16:14,C00387,SKU-1002,Wireless mouse,Peripherals,2,"Rs 2,600",20,United Kingdom,website
ORD-105431,2025-09-24 07:14,C00788,SKU-1002,Wireless mouse,Peripherals,1,"Rs 2,600",0,United Arab Emirates,retail
ORD-100104,2025-10-30 16:14,C00203,SKU-1004,HDMI cable 1.5m,Cables,1,"Rs 1,300",0,Saudi Arabia,marketplace
ORD-103181,2025-04-18 18:14,C00038,SKU-1004,HDMI cable 1.5m,Cables,1,"Rs 1,300",0,United Kingdom,marketplace
ORD-103203,2025-11-27 10:14,C00165,SKU-1009,Webcam 1080p,Video,1,"Rs 5,400",0,Saudi Arabia,Website
ORD-103230,2026-02-21 09:14,C00358,SKU-1008,1TB portable SSD,Storage,1,"Rs 13,500",10,Pakistan,marketplace
ORD-102356,2025-04-20 12:14,C00036,SKU-1008,1TB portable SSD,Storage,1,"Rs 13,500",10,UK,retail
ORD-100906,2025-04-30 15:14,C00131,SKU-1009,Webcam 1080p,Video,3,"Rs 5,400",0,Saudi Arabia,Website
ORD-101760,2025-09-19 15:14,C00032,SKU-1010,65W GaN charger,Power,1,"Rs 3,900",0,Pakistan,website
ORD-100907,2025-08-09 18:14,C00006,SKU-1008,1TB portable SSD,Storage,1,"Rs 13,500",5,pakistan,marketplace
ORD-104153,2026-02-25 20:14,C00243,SKU-1006,Laptop stand,Accessories,2,"Rs 4,200",10,United Kingdom,Website
ORD-104148,2026-01-03 17:14,C00502,SKU-1009,Webcam 1080p,Video,1,"Rs 5,400",5,pakistan,website
ORD-100488,2025-06-23 16:14,C00638,SKU-1009,Webcam 1080p,Video,1,"Rs 5,400",0,United Arab Emirates,retail
ORD-103015,2026-05-25 08:14,C00514,SKU-1003,USB-C cable 2m,Cables,5,Rs 850,0,pakistan,Website
ORD-102607,2025-08-17 09:14,C00185,SKU-1002,Wireless mouse,Peripherals,1,"Rs 2,600",0,United Kingdom,website
ORD-103471,2025-04-26 09:14,C00443,SKU-1003,USB-C cable 2m,Cables,1,Rs 850,10,PK,marketplace
ORD-103176,2025-03-31 19:14,C00010,SKU-1006,Laptop stand,Accessories,1,"Rs 4,200",0,UK,marketplace
ORD-105830,2025-05-13 17:14,C00625,SKU-1006,Laptop stand,Accessories,1,"Rs 4,200",0,UK,website
ORD-100574,2025-11-22 09:14,C00053,SKU-1001,Mechanical keyboard,Peripherals,2,"Rs 9,800",0,Saudi Arabia,website
ORD-103062,2025-09-10 16:14,C00866,SKU-1009,Webcam 1080p,Video,2,"Rs 5,400",0,Pakistan,Website
ORD-105021,2025-08-22 19:14,C00410,SKU-1006,Laptop stand,Accessories,3,"Rs 4,200",0,Saudi Arabia,website
ORD-104290,2026-03-10 16:14,C00884,SKU-1010,65W GaN charger,Power,1,"Rs 3,900",0,Saudi Arabia,marketplace
ORD-102658,2026-06-20 07:14,C00370,SKU-1004,HDMI cable 1.5m,Cables,1,"Rs 1,300",0,PK,marketplace
ORD-105443,2026-06-23 12:14,C00102,SKU-1006,Laptop stand,Accessories,5,"Rs 4,200",0,UAE,website
ORD-105419,2026-07-25 17:14,C00381,SKU-1002,Wireless mouse,Peripherals,1,"Rs 2,600",0,Saudi Arabia,website
ORD-104856,2025-12-28 14:14,C00553,SKU-1010,65W GaN charger,Power,2,"Rs 3,900",0,UK,Website
ORD-103068,2025-09-07 19:14,C00057,SKU-1008,1TB portable SSD,Storage,1,"Rs 13,500",0,UK,retail
ORD-100225,2025-07-29 19:14,C00031,SKU-1008,1TB portable SSD,Storage,1,"Rs 13,500",10,PK,website
ORD-104349,2025-09-09 07:14,C00054,SKU-1006,Laptop stand,Accessories,1,"Rs 4,200",0,PK,retail
ORD-101651,2026-04-04 20:14,C00567,SKU-1001,Mechanical keyboard,Peripherals,1,"Rs 9,800",0,United Kingdom,marketplace
ORD-105298,2025-07-07 08:14,C00081,SKU-1005,24 inch monitor,Displays,1,"Rs 32,900",0,United Arab Emirates,website
ORD-100061,2026-06-05 10:14,C00417,SKU-1010,65W GaN charger,Power,1,"Rs 3,900",0,United Arab Emirates,marketplace
ORD-102276,2026-09-09 14:14,C00052,SKU-1009,Webcam 1080p,Video,1,"Rs 5,400",0,PK,Website
ORD-102430,2026-01-16 08:14,C00502,SKU-1005,24 inch monitor,Displays,1,"Rs 32,900",20,pakistan,website
ORD-105859,2026-02-03 08:14,C00173,SKU-1009,Webcam 1080p,Video,2,"Rs 5,400",0,UAE,Website
ORD-101887,2025-10-13 07:14,C00050,SKU-1005,24 inch monitor,Displays,1,"Rs 32,900",0,pakistan,Website
ORD-100131,2025-09-28 16:14,C00180,SKU-1009,Webcam 1080p,Video,2,"Rs 5,400",0,PK,retail
ORD-105801,17/10/2025,C00470,SKU-1005,24 inch monitor,Displays,2,"Rs 32,900",0,United Kingdom,website
ORD-103463,2025-05-06 16:14,C00819,SKU-1004,HDMI cable 1.5m,Cables,1,"Rs 1,300",5,UAE,marketplace
ORD-104588,2026-08-20 09:14,C00109,SKU-1007,Noise cancelling headset,Audio,1,"Rs 6,900",0,PK,marketplace
ORD-103116,2026-04-06 16:14,C00728,SKU-1004,HDMI cable 1.5m,Cables,2,"Rs 1,300",0,Pakistan,Website
ORD-103924,2025-12-12 15:14,C00032,SKU-1005,24 inch monitor,Displays,1,"Rs 32,900",0,UK,Website
ORD-105411,2026-09-09 08:14,C00008,SKU-1002,Wireless mouse,Peripherals,1,"Rs 2,600",5,UK,marketplace
ORD-102066,2025-09-02 09:14,C00011,SKU-1010,65W GaN charger,Power,2,"Rs 3,900",10,UK,website
ORD-102835,2026-04-27 18:14,C00792,SKU-1009,Webcam 1080p,Video,2,"Rs 5,400",0,UK,marketplace
ORD-103863,2026-03-20 16:14,C00753,SKU-1009,Webcam 1080p,Video,2,"Rs 5,400",0,Saudi Arabia,marketplace
ORD-105943,2025-07-10 17:14,C00113,SKU-1005,24 inch monitor,Displays,1,"Rs 32,900",0,Pakistan,marketplace
ORD-102919,2026-01-13 16:14,C00750,SKU-1005,24 inch monitor,Displays,2,"Rs 32,900",5,Pakistan,marketplace
ORD-103886,2026-09-09 10:14,C00010,SKU-1002,Wireless mouse,Peripherals,1,"Rs 2,600",0,Saudi Arabia,marketplace
ORD-101951,2025-08-13 18:14,C00044,SKU-1010,65W GaN charger,Power,1,"Rs 3,900",0,pakistan,retail
ORD-103588,2026-03-11 15:14,C00032,SKU-1009,Webcam 1080p,Video,1,"Rs 5,400",0,Saudi Arabia,website
ORD-104641,2026-05-26 14:14,C00286,SKU-1007,Noise cancelling headset,Audio,1,"Rs 6,900",20,UK,retail
ORD-105604,2026-05-16 12:14,C00046,SKU-1007,Noise cancelling headset,Audio,1,"Rs 6,900",0,UAE,retail
ORD-101607,2025-04-10 10:14,C00016,SKU-1010,65W GaN charger,Power,2,"Rs 3,900",5,Pakistan,Website
ORD-101348,2025-07-29 11:14,C00047,SKU-1003,USB-C cable 2m,Cables,5,Rs 850,0,Saudi Arabia,marketplace
ORD-102568,2025-06-23 12:14,C00530,SKU-1010,65W GaN charger,Power,1,"Rs 3,900",0,pakistan,retail
ORD-105220,2025-06-01 10:14,C00469,SKU-1005,24 inch monitor,Displays,1,"Rs 32,900",0,PK,website
ORD-101009,2026-08-09 09:14,C00012,SKU-1001,Mechanical keyboard,Peripherals,-1,"Rs 9,800",0,Pakistan,Website
ORD-101322,2026-05-17 19:14,C00326,SKU-1003,USB-C cable 2m,Cables,2,Rs 850,5,UAE,Website
ORD-102575,2026-05-17 07:14,C00838,SKU-1008,1TB portable SSD,Storage,1,"Rs 13,500",0,UAE,website
ORD-104576,2025-07-11 07:14,C00833,SKU-1001,Mechanical keyboard,Peripherals,1,"Rs 9,800",0,Pakistan,retail
ORD-103865,2026-07-15 07:14,C00716,SKU-1004,HDMI cable 1.5m,Cables,1,"Rs 1,300",0,PK,Website
ORD-102974,2026-06-13 19:14,C00670,SKU-1006,Laptop stand,Accessories,1,"Rs 4,200",5,UK,Website
ORD-103563,2025-08-12 16:14,C00282,SKU-1003,USB-C cable 2m,Cables,1,Rs 850,20,PK,retail
ORD-105044,2026-05-31 15:14,C00567,SKU-1008,1TB portable SSD,Storage,1,"Rs 13,500",0,Saudi Arabia,website
ORD-103542,2026-08-24 18:14,C00131,SKU-1001,Mechanical keyboard,Peripherals,1,"Rs 9,800",0,Pakistan,website
ORD-102114,2025-07-03 14:14,C00442,SKU-1010,65W GaN charger,Power,1,"Rs 3,900",5,pakistan,retail
ORD-102074,2025-08-18 15:14,C00468,SKU-1010,65W GaN charger,Power,1,"Rs 3,900",5,UK,Website
ORD-101327,2025-10-14 08:14,C00236,SKU-1001,Mechanical keyboard,Peripherals,1,"Rs 9,800",5,pakistan,retail
ORD-103245,2026-07-28 08:14,C00520,SKU-1002,Wireless mouse,Peripherals,2,"Rs 2,600",0,Saudi Arabia,retail
ORD-103679,29/06/2026,C00086,SKU-1006,Laptop stand,Accessories,2,"Rs 4,200",0,pakistan,retail
ORD-103466,2025-09-23 20:14,C00175,SKU-1005,24 inch monitor,Displays,1,"Rs 32,900",0,Pakistan,retail
ORD-104552,2025-10-23 12:14,C00837,SKU-1001,Mechanical keyboard,Peripherals,1,"Rs 9,800",5,Saudi Arabia,Website
ORD-105060,2026-03-22 10:14,C00782,SKU-1005,24 inch monitor,Displays,1,"Rs 32,900",0,United Kingdom,website
ORD-100861,2026-08-11 14:14,C00641,SKU-1005,24 inch monitor,Displays,1,"Rs 32,900",0,UAE,Website
ORD-102067,2025-09-06 12:14,C00400,SKU-1001,Mechanical keyboard,Peripherals,1,"Rs 9,800",10,Pakistan,marketplace
ORD-102254,2025-11-21 16:14,C00746,SKU-1009,Webcam 1080p,Video,2,"Rs 5,400",10,Pakistan,retail
ORD-101236,2026-09-06 11:14,C00053,SKU-1010,65W GaN charger,Power,1,"Rs 3,900",5,pakistan,retail
ORD-100723,2025-06-15 14:14,C00598,SKU-1007,Noise cancelling headset,Audio,1,"Rs 6,900",0,United Kingdom,website
ORD-102310,2025-11-19 07:14,C00733,SKU-1001,Mechanical keyboard,Peripherals,2,"Rs 9,800",5,UK,retail
ORD-103760,2025-09-28 19:14,C00408,SKU-1004,HDMI cable 1.5m,Cables,1,"Rs 1,300",0,Pakistan,Website
ORD-101339,2026-01-16 09:14,C00018,SKU-1003,USB-C cable 2m,Cables,1,Rs 850,0,Saudi Arabia,website
ORD-103511,2026-08-13 18:14,C00836,SKU-1004,HDMI cable 1.5m,Cables,1,"Rs 1,300",0,UAE,website
ORD-102522,02/11/2025,C00760,SKU-1007,Noise cancelling headset,Audio,1,"Rs 6,900",0,United Kingdom,Website
ORD-102805,2025-06-06 13:14,C00021,SKU-1007,Noise cancelling headset,Audio,2,"Rs 6,900",0,United Kingdom,Website
ORD-102080,2025-03-28 15:14,C00037,SKU-1001,Mechanical keyboard,Peripherals,-1,,0,Pakistan,Website
ORD-105151,2026-01-07 18:14,C00056,SKU-1001,Mechanical keyboard,Peripherals,-1,"Rs 9,800",0,UAE,retail
ORD-102357,2026-02-25 11:14,C00015,SKU-1005,24 inch monitor,Displays,1,"Rs 32,900",0,UAE,website
ORD-101914,2025-11-07 10:14,C00035,SKU-1008,1TB portable SSD,Storage,1,"Rs 13,500",0,United Kingdom,retail
ORD-105491,2025-07-29 11:14,C00071,SKU-1008,1TB portable SSD,Storage,1,"Rs 13,500",0,Pakistan,website
ORD-102610,2025-12-29 12:14,C00549,SKU-1006,Laptop stand,Accessories,3,"Rs 4,200",10,UK,marketplace
ORD-103410,2025-05-15 08:14,C00077,SKU-1005,24 inch monitor,Displays,1,"Rs 32,900",0,UK,retail
ORD-104241,2025-04-05 16:14,C00049,SKU-1008,1TB portable SSD,Storage,1,"Rs 13,500",0,United Arab Emirates,website
ORD-103984,2025-09-19 11:14,C00400,SKU-1007,Noise cancelling headset,Audio,1,"Rs 6,900",5,PK,website
ORD-105340,2026-07-08 20:14,C00435,SKU-1001,Mechanical keyboard,Peripherals,1,"Rs 9,800",0,pakistan,retail
ORD-105084,2026-02-11 20:14,C00290,SKU-1008,1TB portable SSD,Storage,1,"Rs 13,500",0,UAE,website
ORD-105118,2025-08-23 18:14,C00332,SKU-1001,Mechanical keyboard,Peripherals,5,"Rs 9,800",0,Saudi Arabia,retail
ORD-103962,2025-09-16 16:14,C00001,SKU-1004,HDMI cable 1.5m,Cables,3,"Rs 1,300",0,Saudi Arabia,website
ORD-101416,2026-09-08 13:14,C00682,SKU-1006,Laptop stand,Accessories,1,"Rs 4,200",0,United Kingdom,website
ORD-100120,2025-09-21 09:14,C00684,SKU-1004,HDMI cable 1.5m,Cables,-1,"Rs 1,300",0,pakistan,website
ORD-101713,2026-01-18 08:14,C00309,SKU-1005,24 inch monitor,Displays,2,"Rs 32,900",0,United Kingdom,marketplace
ORD-103450,2025-10-22 13:14,C00767,SKU-1002,Wireless mouse,Peripherals,2,"Rs 2,600",0,UK,retail
ORD-103070,2025-11-22 15:14,C00274,SKU-1009,Webcam 1080p,Video,5,"Rs 5,400",0,PK,website
ORD-104654,2025-10-31 19:14,C00529,SKU-1008,1TB portable SSD,Storage,1,"Rs 13,500",0,Saudi Arabia,retail
ORD-100538,2025-08-18 15:14,C00056,SKU-1008,1TB portable SSD,Storage,1,"Rs 13,500",0,Saudi Arabia,website
ORD-104612,2025-08-13 13:14,C00877,SKU-1008,1TB portable SSD,Storage,1,"Rs 13,500",10,PK,website
ORD-101208,2026-04-23 09:14,C00100,SKU-1005,24 inch monitor,Displays,1,"Rs 32,900",0,United Arab Emirates,marketplace
ORD-100942,2025-09-13 15:14,C00443,SKU-1010,65W GaN charger,Power,5,"Rs 3,900",0,UAE,marketplace
ORD-105387,2026-07-10 16:14,C00298,SKU-1006,Laptop stand,Accessories,3,"Rs 4,200",0,United Arab Emirates,website
ORD-102250,2025-08-18 18:14,C00024,SKU-1004,HDMI cable 1.5m,Cables,1,"Rs 1,300",0,Saudi Arabia,marketplace
ORD-103855,2025-12-07 14:14,C00626,SKU-1009,Webcam 1080p,Video,1,"Rs 5,400",0,UK,retail
ORD-103560,2025-06-23 16:14,C00011,SKU-1009,Webcam 1080p,Video,1,"Rs 5,400",0,Saudi Arabia,website
ORD-102723,2026-03-31 14:14,C00578,SKU-1009,Webcam 1080p,Video,2,"Rs 5,400",5,United Kingdom,marketplace
ORD-104191,25/12/2025,C00039,SKU-1001,Mechanical keyboard,Peripherals,1,"Rs 9,800",5,Pakistan,retail
ORD-105148,2026-05-23 10:14,C00535,SKU-1005,24 inch monitor,Displays,3,"Rs 32,900",0,UAE,marketplace
ORD-101680,2026-04-01 19:14,C00078,SKU-1001,Mechanical keyboard,Peripherals,2,"Rs 9,800",10,United Arab Emirates,website
ORD-101405,2025-07-19 15:14,C00861,SKU-1008,1TB portable SSD,Storage,1,"Rs 13,500",10,Pakistan,retail
ORD-102637,2026-02-21 18:14,C00249,SKU-1007,Noise cancelling headset,Audio,1,,0,United Kingdom,marketplace
ORD-101531,2026-08-23 12:14,C00021,SKU-1008,1TB portable SSD,Storage,1,"Rs 13,500",0,pakistan,Website
ORD-105625,2025-03-25 13:14,C00011,SKU-1006,Laptop stand,Accessories,1,"Rs 4,200",20,UAE,marketplace
ORD-102483,2025-07-27 13:14,C00032,SKU-1006,Laptop stand,Accessories,1,"Rs 4,200",0,Saudi Arabia,retail
ORD-101063,2025-11-20 09:14,C00303,SKU-1002,Wireless mouse,Peripherals,1,"Rs 2,600",0,pakistan,Website
ORD-104009,2025-10-14 18:14,C00049,SKU-1005,24 inch monitor,Displays,3,"Rs 32,900",5,United Kingdom,marketplace
ORD-104047,2026-09-12 14:14,C00029,SKU-1005,24 inch monitor,Displays,1,"Rs 32,900",5,UAE,marketplace
ORD-104587,2026-09-05 16:14,C00101,SKU-1010,65W GaN charger,Power,1,"Rs 3,900",0,PK,website
ORD-105700,2026-06-15 13:14,C00135,SKU-1002,Wireless mouse,Peripherals,1,"Rs 2,600",10,United Kingdom,website
ORD-100289,2026-03-19 20:14,C00459,SKU-1003,USB-C cable 2m,Cables,1,Rs 850,0,Pakistan,Website
ORD-101146,2026-04-21 20:14,C00031,SKU-1004,HDMI cable 1.5m,Cables,1,"Rs 1,300",10,United Kingdom,marketplace
ORD-104624,2025-09-17 14:14,C00031,SKU-1002,Wireless mouse,Peripherals,1,"Rs 2,600",0,PK,retail
ORD-104689,2026-07-01 17:14,C00209,SKU-1005,24 inch monitor,Displays,2,"Rs 32,900",0,UAE,marketplace
ORD-102286,26/01/2026,C00499,SKU-1001,Mechanical keyboard,Peripherals,1,"Rs 9,800",5,PK,marketplace
ORD-104506,2025-09-29 15:14,C00268,SKU-1007,Noise cancelling headset,Audio,1,"Rs 6,900",5,UK,retail
ORD-101468,2026-03-01 20:14,C00584,SKU-1004,HDMI cable 1.5m,Cables,1,"Rs 1,300",20,Pakistan,retail
ORD-105781,2025-06-08 18:14,C00039,SKU-1010,65W GaN charger,Power,2,"Rs 3,900",0,pakistan,retail
ORD-100586,2025-09-20 08:14,C00089,SKU-1002,Wireless mouse,Peripherals,1,"Rs 2,600",0,United Kingdom,retail
ORD-100971,2025-05-10 17:14,C00057,SKU-1009,Webcam 1080p,Video,1,"Rs 5,400",0,Pakistan,website
ORD-102410,2025-09-20 17:14,C00049,SKU-1009,Webcam 1080p,Video,2,"Rs 5,400",0,pakistan,website
ORD-100625,2026-04-09 12:14,C00083,SKU-1001,Mechanical keyboard,Peripherals,1,"Rs 9,800",0,Pakistan,Website
ORD-104542,2026-05-22 07:14,C00496,SKU-1010,65W GaN charger,Power,1,"Rs 3,900",0,UK,marketplace
ORD-100307,2025-05-04 10:14,C00475,SKU-1004,HDMI cable 1.5m,Cables,1,"Rs 1,300",10,Saudi Arabia,retail
ORD-100351,2025-04-08 20:14,C00143,SKU-1007,Noise cancelling headset,Audio,-1,"Rs 6,900",0,UK,marketplace
ORD-100704,2026-04-29 19:14,C00053,SKU-1009,Webcam 1080p,Video,2,"Rs 5,400",5,United Kingdom,website
ORD-103949,2025-05-30 08:14,C00494,SKU-1009,Webcam 1080p,Video,1,"Rs 5,400",5,United Kingdom,Website
ORD-101411,2025-11-21 19:14,C00509,SKU-1004,HDMI cable 1.5m,Cables,1,"Rs 1,300",0,Pakistan,Website
ORD-102102,2025-11-07 10:14,C00026,SKU-1004,HDMI cable 1.5m,Cables,2,"Rs 1,300",0,pakistan,marketplace
ORD-103300,12/08/2025,C00766,SKU-1007,Noise cancelling headset,Audio,3,"Rs 6,900",5,United Arab Emirates,Website
ORD-100585,2026-02-19 11:14,C00515,SKU-1006,Laptop stand,Accessories,2,"Rs 4,200",0,UK,Website
ORD-103996,2025-10-03 10:14,C00602,SKU-1001,Mechanical keyboard,Peripherals,1,"Rs 9,800",0,UK,marketplace
ORD-100752,2025-07-04 13:14,C00046,SKU-1004,HDMI cable 1.5m,Cables,1,"Rs 1,300",0,United Arab Emirates,retail
ORD-100711,2026-04-09 16:14,C00861,SKU-1003,USB-C cable 2m,Cables,1,Rs 850,0,Pakistan,website
ORD-103226,2026-01-17 08:14,C00012,SKU-1007,Noise cancelling headset,Audio,3,"Rs 6,900",0,UAE,website
ORD-104015,2026-06-04 16:14,C00030,SKU-1003,USB-C cable 2m,Cables,1,Rs 850,5,Pakistan,retail
ORD-104244,2026-04-24 14:14,C00527,SKU-1004,HDMI cable 1.5m,Cables,2,"Rs 1,300",0,United Kingdom,retail
ORD-101654,2026-02-02 18:14,C00004,SKU-1010,65W GaN charger,Power,1,"Rs 3,900",0,Pakistan,Website
ORD-103268,2025-10-29 15:14,C00382,SKU-1010,65W GaN charger,Power,2,"Rs 3,900",0,Pakistan,retail
ORD-101628,2026-02-08 14:14,C00877,SKU-1002,Wireless mouse,Peripherals,1,"Rs 2,600",0,PK,Website
ORD-101896,2026-04-09 15:14,C00363,SKU-1002,Wireless mouse,Peripherals,1,"Rs 2,600",0,United Arab Emirates,marketplace
ORD-104456,2026-06-29 18:14,C00648,SKU-1007,Noise cancelling headset,Audio,2,"Rs 6,900",0,Saudi Arabia,Website
ORD-102429,2026-07-08 13:14,C00403,SKU-1004,HDMI cable 1.5m,Cables,1,"Rs 1,300",0,UAE,retail
ORD-103728,2026-07-31 19:14,C00758,SKU-1008,1TB portable SSD,Storage,1,"Rs 13,500",5,pakistan,Website
ORD-103792,2025-11-07 15:14,C00028,SKU-1002,Wireless mouse,Peripherals,1,"Rs 2,600",5,pakistan,Website
ORD-102498,2025-04-11 09:14,C00588,SKU-1009,Webcam 1080p,Video,1,"Rs 5,400",0,PK,Website
ORD-102487,2025-06-16 20:14,C00676,SKU-1001,Mechanical keyboard,Peripherals,1,"Rs 9,800",20,Pakistan,website
ORD-100143,2026-06-25 20:14,C00059,SKU-1009,Webcam 1080p,Video,1,"Rs 5,400",0,Pakistan,retail
ORD-100546,2026-08-03 12:14,C00165,SKU-1005,24 inch monitor,Displays,1,"Rs 32,900",0,United Arab Emirates,Website
ORD-105264,2025-05-25 09:14,C00605,SKU-1005,24 inch monitor,Displays,1,"Rs 32,900",0,pakistan,marketplace
ORD-101170,2026-07-07 19:14,C00012,SKU-1007,Noise cancelling headset,Audio,2,"Rs 6,900",0,pakistan,retail
ORD-102947,2025-06-01 09:14,C00037,SKU-1004,HDMI cable 1.5m,Cables,1,"Rs 1,300",0,UK,marketplace
ORD-100598,2025-07-06 09:14,C00476,SKU-1008,1TB portable SSD,Storage,1,"Rs 13,500",0,UAE,website
ORD-102239,2026-04-12 11:14,C00691,SKU-1005,24 inch monitor,Displays,1,"Rs 32,900",0,Pakistan,Website
ORD-105413,2025-07-25 19:14,C00187,SKU-1008,1TB portable SSD,Storage,1,"Rs 13,500",5,PK,website
ORD-102225,2025-07-19 18:14,C00272,SKU-1009,Webcam 1080p,Video,1,"Rs 5,400",10,United Kingdom,marketplace
ORD-100591,2025-08-20 17:14,C00394,SKU-1006,Laptop stand,Accessories,1,"Rs 4,200",0,Saudi Arabia,marketplace
ORD-100154,2025-09-22 08:14,C00780,SKU-1009,Webcam 1080p,Video,-2,"Rs 5,400",0,Saudi Arabia,website
ORD-104467,2026-05-18 19:14,C00049,SKU-1004,HDMI cable 1.5m,Cables,5,"Rs 1,300",0,pakistan,retail
ORD-105675,2025-07-08 16:14,C00884,SKU-1010,65W GaN charger,Power,1,"Rs 3,900",0,UAE,Website
ORD-103418,2025-07-31 18:14,C00040,SKU-1006,Laptop stand,Accessories,1,"Rs 4,200",0,United Arab Emirates,marketplace
ORD-104980,2026-01-31 17:14,C00332,SKU-1007,Noise cancelling headset,Audio,2,"Rs 6,900",0,PK,website
ORD-101794,2025-10-24 13:14,C00004,SKU-1010,65W GaN charger,Power,3,"Rs 3,900",0,PK,website
ORD-101883,2025-12-09 19:14,C00571,SKU-1009,Webcam 1080p,Video,1,"Rs 5,400",0,Saudi Arabia,marketplace
ORD-102176,2025-05-16 08:14,C00521,SKU-1006,Laptop stand,Accessories,1,"Rs 4,200",0,United Arab Emirates,website
ORD-104835,2026-06-25 17:14,C00110,SKU-1007,Noise cancelling headset,Audio,1,"Rs 6,900",0,UK,website
ORD-101960,2026-09-05 17:14,C00782,SKU-1007,Noise cancelling headset,Audio,2,"Rs 6,900",10,PK,retail
ORD-102147,2025-12-27 19:14,C00132,SKU-1005,24 inch monitor,Displays,1,"Rs 32,900",0,Pakistan,retail
ORD-102402,2025-10-31 18:14,C00342,SKU-1009,Webcam 1080p,Video,1,"Rs 5,400",10,PK,Website
ORD-101704,2026-05-10 16:14,C00029,SKU-1009,Webcam 1080p,Video,1,"Rs 5,400",20,UK,retail
ORD-101051,2026-03-08 14:14,C00043,SKU-1003,USB-C cable 2m,Cables,2,Rs 850,0,UAE,website
ORD-105599,2026-06-01 16:14,C00124,SKU-1001,Mechanical keyboard,Peripherals,1,"Rs 9,800",5,PK,Website
ORD-102111,2025-11-10 15:14,C00744,SKU-1003,USB-C cable 2m,Cables,1,Rs 850,0,pakistan,Website
ORD-102525,2025-07-21 10:14,C00008,SKU-1004,HDMI cable 1.5m,Cables,1,"Rs 1,300",0,UK,retail
ORD-101435,2026-06-26 16:14,C00049,SKU-1009,Webcam 1080p,Video,1,"Rs 5,400",0,United Kingdom,marketplace
ORD-102779,2026-03-02 09:14,C00812,SKU-1004,HDMI cable 1.5m,Cables,1,"Rs 1,300",0,Saudi Arabia,website
ORD-105414,2026-02-14 12:14,C00760,SKU-1006,Laptop stand,Accessories,1,"Rs 4,200",0,UK,marketplace
ORD-101593,2025-11-01 15:14,C00281,SKU-1010,65W GaN charger,Power,1,"Rs 3,900",0,United Arab Emirates,marketplace
ORD-105111,2026-03-05 08:14,,SKU-1001,Mechanical keyboard,Peripherals,2,"Rs 9,800",5,Pakistan,retail
ORD-102467,2026-04-20 13:14,C00531,SKU-1004,HDMI cable 1.5m,Cables,1,"Rs 1,300",0,UK,marketplace
ORD-105141,2025-07-08 17:14,C00675,SKU-1003,USB-C cable 2m,Cables,5,Rs 850,0,Saudi Arabia,retail
ORD-100563,2025-05-31 15:14,C00037,SKU-1006,Laptop stand,Accessories,2,"Rs 4,200",0,Saudi Arabia,retail
ORD-103979,2026-06-27 14:14,C00026,SKU-1004,HDMI cable 1.5m,Cables,2,"Rs 1,300",0,UAE,website
ORD-104205,2026-04-22 11:14,C00415,SKU-1004,HDMI cable 1.5m,Cables,2,"Rs 1,300",10,UK,marketplace
ORD-105488,2026-06-05 10:14,C00205,SKU-1004,HDMI cable 1.5m,Cables,1,"Rs 1,300",0,Pakistan,marketplace
ORD-104917,2026-06-10 16:14,C00535,SKU-1003,USB-C cable 2m,Cables,1,Rs 850,0,PK,Website
ORD-102749,2025-07-11 18:14,C00013,SKU-1007,Noise cancelling headset,Audio,1,"Rs 6,900",10,Saudi Arabia,Website
ORD-102509,2025-05-24 09:14,C00044,SKU-1010,65W GaN charger,Power,1,"Rs 3,900",10,UAE,website
ORD-101580,2026-07-15 15:14,C00010,SKU-1002,Wireless mouse,Peripherals,1,"Rs 2,600",10,United Kingdom,Website
ORD-103822,2026-07-04 19:14,C00031,SKU-1003,USB-C cable 2m,Cables,2,Rs 850,5,Pakistan,marketplace
ORD-100202,2025-11-06 13:14,C00874,SKU-1007,Noise cancelling headset,Audio,2,"Rs 6,900",0,United Arab Emirates,retail
ORD-104520,2026-03-09 07:14,C00028,SKU-1003,USB-C cable 2m,Cables,1,Rs 850,0,United Kingdom,Website
ORD-104288,2025-12-08 20:14,C00193,SKU-1010,65W GaN charger,Power,1,"Rs 3,900",0,Pakistan,website
ORD-101197,2026-04-12 13:14,C00206,SKU-1010,65W GaN charger,Power,1,"Rs 3,900",0,United Kingdom,Website
ORD-103999,2025-11-20 19:14,C00624,SKU-1003,USB-C cable 2m,Cables,2,Rs 850,0,pakistan,retail
ORD-104615,2026-06-03 15:14,C00117,SKU-1004,HDMI cable 1.5m,Cables,5,"Rs 1,300",5,UK,retail
ORD-105305,2025-04-16 19:14,C00041,SKU-1009,Webcam 1080p,Video,1,"Rs 5,400",0,UK,marketplace
ORD-102991,2025-12-24 12:14,C00506,SKU-1007,Noise cancelling headset,Audio,2,"Rs 6,900",0,Pakistan,website
ORD-104204,2025-09-14 12:14,C00030,SKU-1008,1TB portable SSD,Storage,1,"Rs 13,500",0,pakistan,website
ORD-101846,2025-05-02 08:14,C00013,SKU-1008,1TB portable SSD,Storage,1,"Rs 13,500",0,pakistan,retail
ORD-102432,2026-09-02 10:14,C00142,SKU-1001,Mechanical keyboard,Peripherals,2,"Rs 9,800",5,PK,Website
ORD-100558,2025-07-12 08:14,C00033,SKU-1001,Mechanical keyboard,Peripherals,1,"Rs 9,800",0,Saudi Arabia,retail
ORD-104804,2026-03-23 07:14,C00841,SKU-1008,1TB portable SSD,Storage,2,"Rs 13,500",10,Pakistan,website
ORD-102476,2026-03-10 14:14,C00839,SKU-1003,USB-C cable 2m,Cables,3,Rs 850,0,UAE,marketplace
ORD-103480,2025-07-12 11:14,C00698,SKU-1005,24 inch monitor,Displays,1,"Rs 32,900",0,UAE,retail
ORD-100037,2025-10-12 20:14,C00523,SKU-1008,1TB portable SSD,Storage,1,"Rs 13,500",5,Pakistan,marketplace
ORD-100425,2025-05-22 18:14,C00629,SKU-1007,Noise cancelling headset,Audio,3,"Rs 6,900",0,United Arab Emirates,marketplace
ORD-104012,2025-04-29 07:14,C00456,SKU-1005,24 inch monitor,Displays,1,"Rs 32,900",10,United Arab Emirates,Website
ORD-102213,2025-12-06 15:14,C00057,SKU-1004,HDMI cable 1.5m,Cables,1,"Rs 1,300",0,United Arab Emirates,marketplace
ORD-102643,2025-06-01 13:14,C00893,SKU-1002,Wireless mouse,Peripherals,2,"Rs 2,600",0,United Kingdom,retail
ORD-103506,2025-12-01 09:14,C00499,SKU-1007,Noise cancelling headset,Audio,5,"Rs 6,900",0,United Kingdom,retail
ORD-102289,2025-09-29 07:14,C00003,SKU-1003,USB-C cable 2m,Cables,2,Rs 850,0,UAE,Website
ORD-103277,2026-01-09 14:14,C00384,SKU-1005,24 inch monitor,Displays,1,"Rs 32,900",10,UAE,retail
ORD-100108,2025-11-20 07:14,C00041,SKU-1006,Laptop stand,Accessories,1,"Rs 4,200",0,PK,Website
ORD-103411,2026-04-17 18:14,C00050,SKU-1003,USB-C cable 2m,Cables,1,Rs 850,0,UAE,Website
ORD-100497,2026-08-11 07:14,C00007,SKU-1008,1TB portable SSD,Storage,1,"Rs 13,500",0,Saudi Arabia,website
ORD-103811,2025-07-07 18:14,C00054,SKU-1007,Noise cancelling headset,Audio,1,"Rs 6,900",20,PK,Website
ORD-102306,2025-10-22 15:14,C00019,SKU-1010,65W GaN charger,Power,3,"Rs 3,900",0,UK,Website
ORD-102210,2025-11-19 08:14,C00013,SKU-1001,Mechanical keyboard,Peripherals,2,"Rs 9,800",5,UK,retail
ORD-101119,2025-08-03 11:14,C00705,SKU-1004,HDMI cable 1.5m,Cables,1,"Rs 1,300",5,UK,Website
ORD-101812,2025-11-05 18:14,C00040,SKU-1002,Wireless mouse,Peripherals,2,"Rs 2,600",0,Saudi Arabia,Website
ORD-101603,2025-06-17 19:14,C00002,SKU-1008,1TB portable SSD,Storage,1,"Rs 13,500",0,Pakistan,retail
ORD-102999,2025-09-18 08:14,C00825,SKU-1004,HDMI cable 1.5m,Cables,1,"Rs 1,300",0,United Kingdom,website
ORD-102740,2026-03-23 19:14,C00822,SKU-1006,Laptop stand,Accessories,2,"Rs 4,200",0,UAE,retail
ORD-103356,2026-01-13 17:14,C00046,SKU-1009,Webcam 1080p,Video,1,"Rs 5,400",5,UK,Website
ORD-101604,2025-10-18 09:14,C00172,SKU-1003,USB-C cable 2m,Cables,1,Rs 850,10,United Kingdom,Website
ORD-103022,2026-02-06 20:14,C00173,SKU-1009,Webcam 1080p,Video,-1,"Rs 5,400",0,pakistan,marketplace
ORD-100245,2025-04-12 19:14,C00038,SKU-1007,Noise cancelling headset,Audio,1,"Rs 6,900",0,pakistan,website
ORD-100733,2026-05-18 18:14,C00110,SKU-1009,Webcam 1080p,Video,1,"Rs 5,400",0,UAE,Website
ORD-100763,2025-05-12 16:14,C00223,SKU-1009,Webcam 1080p,Video,2,"Rs 5,400",0,Saudi Arabia,retail
ORD-100280,2025-06-30 10:14,C00033,SKU-1003,USB-C cable 2m,Cables,1,Rs 850,0,United Kingdom,website
ORD-100253,2026-09-10 09:14,C00851,SKU-1007,Noise cancelling headset,Audio,1,"Rs 6,900",5,pakistan,Website
ORD-100549,2026-04-17 20:14,C00138,SKU-1008,1TB portable SSD,Storage,1,"Rs 13,500",0,UK,marketplace
ORD-101249,2025-03-24 17:14,C00369,SKU-1010,65W GaN charger,Power,1,"Rs 3,900",10,UK,marketplace
ORD-102896,2026-09-06 18:14,C00112,SKU-1008,1TB portable SSD,Storage,2,"Rs 13,500",0,United Kingdom,Website
ORD-101222,2025-05-19 20:14,C00764,SKU-1006,Laptop stand,Accessories,1,"Rs 4,200",0,PK,marketplace
ORD-101641,2025-07-22 16:14,C00398,SKU-1001,Mechanical keyboard,Peripherals,1,"Rs 9,800",0,pakistan,marketplace
ORD-105950,2026-08-05 20:14,C00632,SKU-1008,1TB portable SSD,Storage,1,"Rs 13,500",0,United Arab Emirates,website
ORD-100393,2025-06-18 18:14,C00057,SKU-1001,Mechanical keyboard,Peripherals,1,"Rs 9,800",20,Pakistan,website
ORD-105691,2026-01-09 10:14,C00089,SKU-1010,65W GaN charger,Power,1,"Rs 3,900",5,PK,marketplace
ORD-104482,2026-06-16 11:14,C00678,SKU-1005,24 inch monitor,Displays,-1,"Rs 32,900",0,UK,marketplace
ORD-103052,2025-03-30 17:14,C00412,SKU-1008,1TB portable SSD,Storage,1,"Rs 13,500",5,UAE,retail
ORD-104867,2025-05-04 14:14,C00025,SKU-1004,HDMI cable 1.5m,Cables,2,"Rs 1,300",0,United Kingdom,Website
ORD-100828,2026-05-25 13:14,C00477,SKU-1003,USB-C cable 2m,Cables,5,Rs 850,0,PK,website
ORD-100181,2026-08-13 18:14,C00801,SKU-1005,24 inch monitor,Displays,1,"Rs 32,900",0,PK,retail
ORD-103143,2025-07-12 19:14,C00135,SKU-1002,Wireless mouse,Peripherals,1,"Rs 2,600",10,UAE,website
ORD-100140,2026-05-01 10:14,C00544,SKU-1002,Wireless mouse,Peripherals,5,"Rs 2,600",10,United Kingdom,Website
ORD-104581,2026-02-23 15:14,C00415,SKU-1009,Webcam 1080p,Video,1,"Rs 5,400",5,United Kingdom,Website
ORD-104515,2025-06-17 09:14,C00032,SKU-1010,65W GaN charger,Power,1,"Rs 3,900",5,United Arab Emirates,Website
ORD-105973,2025-04-28 13:14,C00315,SKU-1010,65W GaN charger,Power,1,"Rs 3,900",20,pakistan,website
ORD-100668,2025-12-05 08:14,C00057,SKU-1006,Laptop stand,Accessories,1,"Rs 4,200",0,United Arab Emirates,marketplace
ORD-101770,2025-05-28 10:14,C00056,SKU-1010,65W GaN charger,Power,1,"Rs 3,900",0,United Arab Emirates,website
ORD-101002,2026-07-17 14:14,C00550,SKU-1010,65W GaN charger,Power,2,"Rs 3,900",5,United Arab Emirates,website
ORD-104748,2025-09-12 14:14,C00690,SKU-1003,USB-C cable 2m,Cables,2,Rs 850,20,PK,website
ORD-101318,22/03/2025,C00216,SKU-1002,Wireless mouse,Peripherals,1,"Rs 2,600",0,UK,Website
ORD-101547,2025-04-25 19:14,C00524,SKU-1005,24 inch monitor,Displays,2,"Rs 32,900",10,PK,website
ORD-104668,2026-02-06 14:14,C00114,SKU-1003,USB-C cable 2m,Cables,1,Rs 850,20,Pakistan,website
ORD-102713,2026-05-31 09:14,C00019,SKU-1005,24 inch monitor,Displays,5,"Rs 32,900",0,Pakistan,retail
ORD-101786,2026-03-17 11:14,C00503,SKU-1002,Wireless mouse,Peripherals,1,"Rs 2,600",0,PK,marketplace
ORD-104836,2025-11-08 10:14,C00050,SKU-1001,Mechanical keyboard,Peripherals,-2,"Rs 9,800",20,Pakistan,marketplace
ORD-100277,2025-11-26 18:14,C00030,SKU-1010,65W GaN charger,Power,1,"Rs 3,900",0,Saudi Arabia,Website
ORD-105080,2025-03-24 14:14,C00657,SKU-1002,Wireless mouse,Peripherals,1,"Rs 2,600",0,pakistan,Website
ORD-102598,2026-02-17 08:14,C00772,SKU-1003,USB-C cable 2m,Cables,1,Rs 850,5,Saudi Arabia,retail
ORD-103653,2025-05-02 09:14,C00043,SKU-1008,1TB portable SSD,Storage,1,"Rs 13,500",10,pakistan,retail
ORD-105248,2025-10-14 18:14,C00897,SKU-1001,Mechanical keyboard,Peripherals,1,"Rs 9,800",5,UK,retail
ORD-102339,2026-04-04 11:14,C00218,SKU-1008,1TB portable SSD,Storage,1,"Rs 13,500",0,UK,Website
ORD-105058,2025-09-02 16:14,C00822,SKU-1008,1TB portable SSD,Storage,5,"Rs 13,500",0,PK,retail
ORD-101888,2025-08-07 10:14,C00034,SKU-1010,65W GaN charger,Power,1,"Rs 3,900",0,PK,Website
ORD-103543,2025-05-13 11:14,C00621,SKU-1005,24 inch monitor,Displays,2,"Rs 32,900",5,PK,retail
ORD-100377,2026-01-12 15:14,C00013,SKU-1006,Laptop stand,Accessories,5,"Rs 4,200",20,Pakistan,marketplace
ORD-105583,2025-10-05 07:14,C00048,SKU-1006,Laptop stand,Accessories,2,"Rs 4,200",0,Saudi Arabia,retail
ORD-101183,2025-04-17 11:14,C00347,SKU-1008,1TB portable SSD,Storage,2,"Rs 13,500",5,PK,retail
ORD-100634,2025-08-16 07:14,C00053,SKU-1009,Webcam 1080p,Video,1,"Rs 5,400",0,United Arab Emirates,Website
ORD-103103,2025-10-11 13:14,C00313,SKU-1001,Mechanical keyboard,Peripherals,1,"Rs 9,800",5,UAE,Website
ORD-104762,2025-07-24 10:14,C00173,SKU-1003,USB-C cable 2m,Cables,1,Rs 850,5,United Arab Emirates,retail
ORD-103244,2025-05-28 18:14,C00018,SKU-1008,1TB portable SSD,Storage,1,"Rs 13,500",0,UAE,Website
ORD-104754,2026-06-27 16:14,C00017,SKU-1007,Noise cancelling headset,Audio,2,"Rs 6,900",0,Saudi Arabia,Website
ORD-101890,2025-09-18 16:14,C00026,SKU-1004,HDMI cable 1.5m,Cables,2,"Rs 1,300",0,United Kingdom,Website
ORD-100079,2026-07-01 16:14,C00480,SKU-1005,24 inch monitor,Displays,1,"Rs 32,900",0,PK,retail
ORD-105210,2025-12-11 11:14,C00004,SKU-1002,Wireless mouse,Peripherals,1,"Rs 2,600",0,Pakistan,Website
ORD-103910,2025-09-11 20:14,C00007,SKU-1009,Webcam 1080p,Video,1,"Rs 5,400",0,UAE,retail
ORD-101029,2026-02-14 13:14,C00361,SKU-1006,Laptop stand,Accessories,2,"Rs 4,200",5,pakistan,retail
ORD-102346,2026-03-05 12:14,C00628,SKU-1007,Noise cancelling headset,Audio,1,"Rs 6,900",0,United Arab Emirates,retail
ORD-100915,2025-12-25 20:14,C00826,SKU-1010,65W GaN charger,Power,3,"Rs 3,900",0,Pakistan,website
ORD-101967,2026-03-25 13:14,C00027,SKU-1008,1TB portable SSD,Storage,2,"Rs 13,500",0,Pakistan,retail
ORD-105639,2025-07-29 19:14,C00358,SKU-1001,Mechanical keyboard,Peripherals,1,"Rs 9,800",5,Saudi Arabia,marketplace
ORD-101398,2026-03-31 15:14,C00429,SKU-1007,Noise cancelling headset,Audio,1,"Rs 6,900",0,UK,website
ORD-103488,2025-04-06 20:14,C00001,SKU-1009,Webcam 1080p,Video,1,"Rs 5,400",0,UAE,Website
ORD-102270,2026-01-16 19:14,C00280,SKU-1005,24 inch monitor,Displays,3,"Rs 32,900",0,PK,Website
ORD-103008,2025-10-20 10:14,C00849,SKU-1009,Webcam 1080p,Video,1,"Rs 5,400",0,Pakistan,website
ORD-101901,2026-03-16 14:14,C00002,SKU-1002,Wireless mouse,Peripherals,1,"Rs 2,600",0,pakistan,website
ORD-104591,2025-12-29 17:14,C00229,SKU-1007,Noise cancelling headset,Audio,1,"Rs 6,900",10,United Kingdom,Website
ORD-101179,2026-08-28 20:14,C00437,SKU-1004,HDMI cable 1.5m,Cables,1,"Rs 1,300",0,UAE,marketplace
ORD-101993,08/08/2025,C00058,SKU-1010,65W GaN charger,Power,2,"Rs 3,900",0,pakistan,marketplace
ORD-101745,2025-04-17 19:14,C00044,SKU-1010,65W GaN charger,Power,1,"Rs 3,900",0,United Arab Emirates,retail
ORD-102705,2025-11-07 18:14,C00010,SKU-1001,Mechanical keyboard,Peripherals,2,"Rs 9,800",5,PK,website
ORD-101552,2025-08-06 07:14,C00034,SKU-1005,24 inch monitor,Displays,3,"Rs 32,900",20,United Kingdom,website
ORD-103621,2026-02-12 12:14,C00846,SKU-1010,65W GaN charger,Power,-2,"Rs 3,900",0,United Arab Emirates,Website
ORD-103206,2026-06-09 09:14,C00039,SKU-1010,65W GaN charger,Power,1,"Rs 3,900",0,Pakistan,retail
ORD-100322,2026-06-18 07:14,C00009,SKU-1002,Wireless mouse,Peripherals,1,"Rs 2,600",0,UK,website
ORD-100783,2025-10-15 13:14,C00176,SKU-1005,24 inch monitor,Displays,-3,"Rs 32,900",5,United Kingdom,Website
ORD-101953,2025-09-06 20:14,C00675,SKU-1005,24 inch monitor,Displays,1,"Rs 32,900",0,pakistan,website
ORD-104839,2025-09-17 18:14,C00676,SKU-1003,USB-C cable 2m,Cables,1,Rs 850,0,PK,website
ORD-104423,2025-04-12 16:14,C00176,SKU-1009,Webcam 1080p,Video,1,"Rs 5,400",0,PK,retail
ORD-100766,2025-05-18 19:14,C00044,SKU-1003,USB-C cable 2m,Cables,-1,Rs 850,0,United Kingdom,website
ORD-100045,2025-11-03 14:14,C00321,SKU-1005,24 inch monitor,Displays,2,"Rs 32,900",0,UAE,retail
ORD-105461,2026-02-27 15:14,C00198,SKU-1010,65W GaN charger,Power,2,"Rs 3,900",5,Pakistan,retail
ORD-102292,2025-07-13 14:14,C00007,SKU-1007,Noise cancelling headset,Audio,1,"Rs 6,900",0,PK,Website
ORD-101544,2026-02-20 16:14,C00328,SKU-1004,HDMI cable 1.5m,Cables,1,"Rs 1,300",5,United Kingdom,Website
ORD-104208,09/04/2025,C00055,SKU-1009,Webcam 1080p,Video,1,"Rs 5,400",0,Pakistan,website
ORD-100788,2026-05-26 19:14,C00499,SKU-1001,Mechanical keyboard,Peripherals,2,"Rs 9,800",0,Saudi Arabia,marketplace
ORD-102203,2026-03-06 19:14,C00076,SKU-1004,HDMI cable 1.5m,Cables,1,"Rs 1,300",0,PK,retail
ORD-101990,2026-02-08 15:14,C00306,SKU-1010,65W GaN charger,Power,1,"Rs 3,900",0,PK,retail
ORD-102911,2025-03-24 16:14,C00314,SKU-1007,Noise cancelling headset,Audio,1,,0,UAE,website
ORD-103129,2025-09-11 12:14,C00899,SKU-1003,USB-C cable 2m,Cables,1,Rs 850,5,United Arab Emirates,Website
ORD-100256,2026-05-22 11:14,C00288,SKU-1002,Wireless mouse,Peripherals,1,"Rs 2,600",0,UK,retail
ORD-104217,2026-07-20 13:14,C00040,SKU-1003,USB-C cable 2m,Cables,1,Rs 850,0,UK,website
ORD-102932,2025-11-08 16:14,C00786,SKU-1010,65W GaN charger,Power,5,"Rs 3,900",10,Saudi Arabia,website
ORD-102659,2026-08-04 12:14,C00044,SKU-1001,Mechanical keyboard,Peripherals,3,"Rs 9,800",5,pakistan,Website
ORD-104819,2025-04-11 10:14,C00017,SKU-1010,65W GaN charger,Power,2,"Rs 3,900",0,UAE,retail
ORD-101288,2026-08-26 19:14,C00272,SKU-1007,Noise cancelling headset,Audio,3,"Rs 6,900",0,PK,retail
ORD-102875,2026-01-30 14:14,C00709,SKU-1002,Wireless mouse,Peripherals,5,"Rs 2,600",0,pakistan,marketplace
ORD-101871,2026-01-02 18:14,C00051,SKU-1002,Wireless mouse,Peripherals,3,"Rs 2,600",0,PK,marketplace
ORD-104947,2026-06-29 09:14,C00454,SKU-1002,Wireless mouse,Peripherals,1,"Rs 2,600",0,UK,retail
ORD-101640,2026-09-09 09:14,C00299,SKU-1006,Laptop stand,Accessories,1,"Rs 4,200",10,Pakistan,retail
ORD-101246,2026-07-31 07:14,C00046,SKU-1002,Wireless mouse,Peripherals,1,"Rs 2,600",0,pakistan,website
ORD-102946,2026-06-21 19:14,C00030,SKU-1009,Webcam 1080p,Video,1,"Rs 5,400",5,Pakistan,website
ORD-101321,2025-05-21 17:14,C00005,SKU-1009,Webcam 1080p,Video,1,"Rs 5,400",0,PK,marketplace
ORD-102258,2025-12-03 20:14,C00512,SKU-1005,24 inch monitor,Displays,1,"Rs 32,900",0,Saudi Arabia,retail
ORD-103810,2025-09-23 16:14,C00001,SKU-1003,USB-C cable 2m,Cables,2,Rs 850,10,UK,marketplace
ORD-102692,2026-09-04 13:14,C00045,SKU-1006,Laptop stand,Accessories,1,"Rs 4,200",0,pakistan,website
ORD-100772,2025-04-01 18:14,C00528,SKU-1010,65W GaN charger,Power,2,"Rs 3,900",0,UAE,marketplace
ORD-100626,2026-01-30 13:14,C00178,SKU-1009,Webcam 1080p,Video,2,"Rs 5,400",20,pakistan,retail
ORD-104795,25/01/2026,C00043,SKU-1001,Mechanical keyboard,Peripherals,1,"Rs 9,800",5,Pakistan,website
ORD-105170,2025-07-24 18:14,C00031,SKU-1008,1TB portable SSD,Storage,1,"Rs 13,500",0,UAE,Website
ORD-102542,2025-10-25 15:14,C00026,SKU-1007,Noise cancelling headset,Audio,3,"Rs 6,900",0,PK,website
ORD-104112,2026-07-05 15:14,C00048,SKU-1001,Mechanical keyboard,Peripherals,1,"Rs 9,800",0,PK,marketplace
ORD-101155,2025-07-06 16:14,C00244,SKU-1002,Wireless mouse,Peripherals,2,"Rs 2,600",0,Saudi Arabia,retail
ORD-104990,2025-11-06 11:14,C00500,SKU-1008,1TB portable SSD,Storage,1,"Rs 13,500",0,pakistan,Website
ORD-105456,2026-07-30 14:14,C00005,SKU-1002,Wireless mouse,Peripherals,2,"Rs 2,600",5,Pakistan,website
ORD-100147,2026-01-29 18:14,C00046,SKU-1006,Laptop stand,Accessories,3,"Rs 4,200",0,PK,retail
ORD-100517,2026-06-14 09:14,C00595,SKU-1005,24 inch monitor,Displays,1,"Rs 32,900",20,UAE,marketplace
ORD-104518,2025-05-04 18:14,C00733,SKU-1008,1TB portable SSD,Storage,1,"Rs 13,500",0,United Kingdom,Website
ORD-105222,2025-07-15 15:14,C00037,SKU-1001,Mechanical keyboard,Peripherals,1,"Rs 9,800",5,pakistan,retail
ORD-105855,2025-11-19 14:14,C00016,SKU-1005,24 inch monitor,Displays,3,"Rs 32,900",20,United Kingdom,retail
ORD-105325,2026-07-12 14:14,C00051,SKU-1009,Webcam 1080p,Video,1,"Rs 5,400",0,pakistan,retail
ORD-101925,2026-07-18 07:14,C00451,SKU-1004,HDMI cable 1.5m,Cables,1,"Rs 1,300",5,pakistan,marketplace
ORD-104411,2025-08-22 11:14,C00147,SKU-1008,1TB portable SSD,Storage,5,"Rs 13,500",0,pakistan,retail
ORD-105900,2025-08-22 07:14,C00036,SKU-1007,Noise cancelling headset,Audio,1,"Rs 6,900",20,UAE,website
ORD-100437,2026-06-29 14:14,C00053,SKU-1010,65W GaN charger,Power,1,"Rs 3,900",0,Saudi Arabia,retail
ORD-105135,2026-01-12 07:14,C00366,SKU-1010,65W GaN charger,Power,1,"Rs 3,900",0,Pakistan,retail
ORD-102413,2026-07-31 20:14,C00056,SKU-1007,Noise cancelling headset,Audio,2,"Rs 6,900",5,Pakistan,retail
ORD-102424,2025-09-28 09:14,C00017,SKU-1003,USB-C cable 2m,Cables,1,Rs 850,0,UAE,Website
ORD-102332,2026-04-06 12:14,C00393,SKU-1007,Noise cancelling headset,Audio,1,"Rs 6,900",0,Saudi Arabia,website
ORD-100142,2026-06-29 07:14,C00050,SKU-1005,24 inch monitor,Displays,1,"Rs 32,900",0,pakistan,Website
ORD-100663,2026-05-25 16:14,C00038,SKU-1003,USB-C cable 2m,Cables,1,Rs 850,0,pakistan,website
ORD-104206,2025-07-23 14:14,C00850,SKU-1002,Wireless mouse,Peripherals,1,"Rs 2,600",20,Saudi Arabia,marketplace
ORD-102981,2026-03-28 11:14,C00205,SKU-1008,1TB portable SSD,Storage,2,"Rs 13,500",0,Saudi Arabia,Website
ORD-100705,2025-04-26 13:14,C00162,SKU-1010,65W GaN charger,Power,5,"Rs 3,900",0,United Arab Emirates,Website
ORD-103749,16/10/2025,C00479,SKU-1001,Mechanical keyboard,Peripherals,2,"Rs 9,800",0,United Arab Emirates,website
ORD-102107,2026-05-21 13:14,C00638,SKU-1005,24 inch monitor,Displays,1,"Rs 32,900",5,Pakistan,website
ORD-105116,2025-11-10 13:14,C00049,SKU-1001,Mechanical keyboard,Peripherals,1,"Rs 9,800",0,UK,retail
ORD-105518,2025-09-29 10:14,C00017,SKU-1006,Laptop stand,Accessories,1,"Rs 4,200",0,pakistan,Website
ORD-104032,2026-04-30 10:14,C00431,SKU-1009,Webcam 1080p,Video,2,"Rs 5,400",10,United Arab Emirates,marketplace
ORD-104810,2026-09-06 13:14,C00395,SKU-1009,Webcam 1080p,Video,1,"Rs 5,400",0,United Arab Emirates,marketplace
ORD-102912,2025-05-21 16:14,C00843,SKU-1005,24 inch monitor,Displays,1,"Rs 32,900",5,PK,retail
ORD-101230,2025-10-07 15:14,C00459,SKU-1003,USB-C cable 2m,Cables,2,Rs 850,0,United Arab Emirates,website
ORD-104522,2025-11-30 12:14,C00043,SKU-1002,Wireless mouse,Peripherals,3,"Rs 2,600",0,pakistan,website
ORD-104574,2025-07-13 15:14,C00278,SKU-1001,Mechanical keyboard,Peripherals,1,"Rs 9,800",0,UK,website
ORD-102935,2026-08-16 18:14,C00703,SKU-1006,Laptop stand,Accessories,1,"Rs 4,200",0,Pakistan,Website
ORD-102960,2026-03-11 20:14,C00869,SKU-1009,Webcam 1080p,Video,1,"Rs 5,400",0,pakistan,retail
ORD-101399,2026-08-03 10:14,C00741,SKU-1009,Webcam 1080p,Video,1,"Rs 5,400",10,pakistan,Website
ORD-102172,2026-06-20 20:14,C00048,SKU-1007,Noise cancelling headset,Audio,1,"Rs 6,900",5,UK,marketplace
ORD-102451,2025-12-21 18:14,C00752,SKU-1007,Noise cancelling headset,Audio,1,"Rs 6,900",0,Saudi Arabia,marketplace
ORD-100224,2026-02-21 11:14,C00552,SKU-1010,65W GaN charger,Power,1,"Rs 3,900",20,UK,website
ORD-103687,2026-06-04 20:14,C00032,SKU-1005,24 inch monitor,Displays,1,"Rs 32,900",0,Pakistan,marketplace
ORD-101499,2025-06-28 20:14,C00797,SKU-1003,USB-C cable 2m,Cables,2,Rs 850,0,United Kingdom,website
ORD-100212,2026-05-07 20:14,C00780,SKU-1007,Noise cancelling headset,Audio,1,"Rs 6,900",0,PK,marketplace
ORD-104167,2025-12-11 15:14,C00043,SKU-1001,Mechanical keyboard,Peripherals,2,"Rs 9,800",0,Pakistan,retail
ORD-101177,2025-11-14 14:14,C00282,SKU-1005,24 inch monitor,Displays,2,,0,Saudi Arabia,marketplace
ORD-100850,2025-10-27 12:14,C00683,SKU-1006,Laptop stand,Accessories,1,"Rs 4,200",5,PK,retail
ORD-101707,2025-04-18 09:14,C00467,SKU-1009,Webcam 1080p,Video,1,"Rs 5,400",5,United Arab Emirates,marketplace
ORD-104945,29/07/2026,C00056,SKU-1007,Noise cancelling headset,Audio,1,"Rs 6,900",5,PK,Website
ORD-104840,2026-07-09 08:14,C00612,SKU-1005,24 inch monitor,Displays,1,"Rs 32,900",0,UK,Website
ORD-101660,2026-05-20 13:14,C00184,SKU-1002,Wireless mouse,Peripherals,1,"Rs 2,600",0,Saudi Arabia,Website
ORD-102457,2025-09-27 08:14,C00880,SKU-1004,HDMI cable 1.5m,Cables,3,"Rs 1,300",0,United Arab Emirates,marketplace
ORD-103982,2025-11-29 10:14,C00756,SKU-1010,65W GaN charger,Power,1,"Rs 3,900",10,pakistan,Website
ORD-102531,2026-07-17 18:14,C00647,SKU-1001,Mechanical keyboard,Peripherals,1,"Rs 9,800",5,United Kingdom,Website
ORD-103510,2026-03-17 17:14,C00052,SKU-1005,24 inch monitor,Displays,1,"Rs 32,900",5,United Kingdom,retail
ORD-103747,2025-12-16 13:14,C00005,SKU-1009,Webcam 1080p,Video,1,"Rs 5,400",0,UK,retail
ORD-100562,2026-08-08 13:14,C00449,SKU-1005,24 inch monitor,Displays,1,"Rs 32,900",10,UK,retail
ORD-105374,2025-09-06 15:14,C00884,SKU-1009,Webcam 1080p,Video,1,"Rs 5,400",0,United Kingdom,retail
ORD-105107,2026-08-26 08:14,C00603,SKU-1003,USB-C cable 2m,Cables,1,Rs 850,0,United Arab Emirates,Website
ORD-102888,2026-05-22 17:14,C00110,SKU-1005,24 inch monitor,Displays,1,"Rs 32,900",5,pakistan,marketplace
ORD-101047,30/07/2026,C00046,SKU-1004,HDMI cable 1.5m,Cables,1,"Rs 1,300",20,pakistan,Website
ORD-102231,2026-04-11 14:14,C00749,SKU-1005,24 inch monitor,Displays,2,"Rs 32,900",5,United Kingdom,retail
ORD-101121,2026-08-10 12:14,C00722,SKU-1003,USB-C cable 2m,Cables,2,Rs 850,0,pakistan,marketplace
ORD-104222,2026-06-24 09:14,C00023,SKU-1002,Wireless mouse,Peripherals,1,"Rs 2,600",0,UAE,website
ORD-101326,2026-04-30 13:14,C00001,SKU-1006,Laptop stand,Accessories,1,"Rs 4,200",0,UK,retail
ORD-102841,2026-04-19 20:14,C00829,SKU-1003,USB-C cable 2m,Cables,1,Rs 850,0,UK,marketplace
ORD-100312,2026-08-04 14:14,C00826,SKU-1001,Mechanical keyboard,Peripherals,1,"Rs 9,800",20,Pakistan,Website
ORD-105516,2025-04-21 08:14,,SKU-1002,Wireless mouse,Peripherals,1,"Rs 2,600",5,United Kingdom,website
ORD-105109,2025-04-30 10:14,C00491,SKU-1007,Noise cancelling headset,Audio,1,"Rs 6,900",0,United Kingdom,Website
ORD-103339,2026-03-17 14:14,C00004,SKU-1009,Webcam 1080p,Video,2,"Rs 5,400",0,Saudi Arabia,Website
ORD-104198,2026-03-04 11:14,C00817,SKU-1003,USB-C cable 2m,Cables,1,Rs 850,0,UK,Website
ORD-101818,2025-06-15 14:14,C00708,SKU-1006,Laptop stand,Accessories,1,"Rs 4,200",20,pakistan,marketplace
ORD-104886,2025-06-14 15:14,C00455,SKU-1002,Wireless mouse,Peripherals,1,"Rs 2,600",0,Pakistan,marketplace
ORD-101099,2026-05-09 12:14,C00046,SKU-1004,HDMI cable 1.5m,Cables,1,"Rs 1,300",0,UAE,marketplace
ORD-101272,2026-06-06 17:14,C00511,SKU-1003,USB-C cable 2m,Cables,1,Rs 850,0,PK,Website
ORD-100429,2025-06-22 18:14,C00389,SKU-1009,Webcam 1080p,Video,1,"Rs 5,400",5,UK,Website
ORD-101455,2026-08-25 20:14,C00614,SKU-1010,65W GaN charger,Power,1,"Rs 3,900",10,United Arab Emirates,website
ORD-101404,2025-04-11 13:14,C00017,SKU-1004,HDMI cable 1.5m,Cables,1,"Rs 1,300",0,United Arab Emirates,marketplace
ORD-102124,2025-05-02 18:14,C00013,SKU-1002,Wireless mouse,Peripherals,1,"Rs 2,600",0,UK,website
ORD-102257,2025-04-14 14:14,C00350,SKU-1008,1TB portable SSD,Storage,2,"Rs 13,500",10,United Arab Emirates,Website
ORD-101556,04/12/2025,C00007,SKU-1006,Laptop stand,Accessories,3,"Rs 4,200",0,PK,marketplace
ORD-104249,2026-02-15 12:14,C00055,SKU-1002,Wireless mouse,Peripherals,1,"Rs 2,600",0,Saudi Arabia,website
ORD-105293,2026-06-30 12:14,C00755,SKU-1007,Noise cancelling headset,Audio,3,"Rs 6,900",0,Pakistan,website
ORD-101178,2025-06-08 07:14,C00261,SKU-1007,Noise cancelling headset,Audio,2,"Rs 6,900",0,pakistan,retail
ORD-105202,2026-07-05 20:14,C00323,SKU-1003,USB-C cable 2m,Cables,2,Rs 850,0,United Kingdom,marketplace
ORD-103047,2026-06-21 09:14,C00886,SKU-1006,Laptop stand,Accessories,1,"Rs 4,200",5,UK,website
ORD-103306,2025-06-22 14:14,C00382,SKU-1001,Mechanical keyboard,Peripherals,2,"Rs 9,800",0,Saudi Arabia,Website
ORD-103298,2026-05-06 18:14,C00490,SKU-1002,Wireless mouse,Peripherals,1,"Rs 2,600",0,UK,retail
ORD-102224,2026-03-07 12:14,C00060,SKU-1001,Mechanical keyboard,Peripherals,2,"Rs 9,800",0,United Arab Emirates,website
ORD-101620,2026-03-23 19:14,C00830,SKU-1003,USB-C cable 2m,Cables,1,Rs 850,0,United Arab Emirates,marketplace
ORD-105257,2025-08-27 08:14,C00041,SKU-1005,24 inch monitor,Displays,1,"Rs 32,900",0,pakistan,Website
ORD-102259,2025-05-17 12:14,C00038,SKU-1008,1TB portable SSD,Storage,2,"Rs 13,500",0,United Kingdom,marketplace
ORD-104710,2025-11-24 20:14,C00895,SKU-1003,USB-C cable 2m,Cables,1,Rs 850,0,United Arab Emirates,marketplace
ORD-105390,2025-04-03 17:14,C00001,SKU-1001,Mechanical keyboard,Peripherals,1,"Rs 9,800",5,UAE,retail
ORD-102499,2026-06-16 11:14,C00037,SKU-1009,Webcam 1080p,Video,2,"Rs 5,400",10,PK,website
ORD-102672,2026-06-26 08:14,C00884,SKU-1008,1TB portable SSD,Storage,1,"Rs 13,500",10,UAE,retail
ORD-105203,2025-07-21 13:14,C00028,SKU-1008,1TB portable SSD,Storage,1,"Rs 13,500",20,United Arab Emirates,Website
ORD-102889,2026-03-04 11:14,C00347,SKU-1009,Webcam 1080p,Video,2,"Rs 5,400",20,United Kingdom,website
ORD-102577,2026-06-10 20:14,C00037,SKU-1008,1TB portable SSD,Storage,1,"Rs 13,500",0,PK,marketplace
ORD-103585,2026-06-22 14:14,C00516,SKU-1005,24 inch monitor,Displays,3,"Rs 32,900",10,Saudi Arabia,website
ORD-102485,2026-09-05 14:14,C00468,SKU-1004,HDMI cable 1.5m,Cables,1,"Rs 1,300",5,United Kingdom,Website
ORD-104658,2026-05-18 15:14,C00036,SKU-1005,24 inch monitor,Displays,1,"Rs 32,900",0,United Arab Emirates,website
ORD-102706,2025-08-20 10:14,C00111,SKU-1003,USB-C cable 2m,Cables,2,Rs 850,5,United Kingdom,retail
ORD-100954,2026-07-11 19:14,C00018,SKU-1007,Noise cancelling headset,Audio,1,"Rs 6,900",0,Saudi Arabia,Website
ORD-104199,2026-08-15 15:14,C00014,SKU-1008,1TB portable SSD,Storage,1,"Rs 13,500",10,pakistan,retail
ORD-101052,2026-06-16 14:14,C00730,SKU-1002,Wireless mouse,Peripherals,1,"Rs 2,600",0,Saudi Arabia,website
ORD-102444,2025-06-29 09:14,C00898,SKU-1008,1TB portable SSD,Storage,1,"Rs 13,500",5,UK,marketplace
ORD-102803,2025-06-18 19:14,C00887,SKU-1010,65W GaN charger,Power,1,"Rs 3,900",0,UK,website
ORD-100888,2025-08-28 07:14,C00044,SKU-1008,1TB portable SSD,Storage,1,"Rs 13,500",0,pakistan,Website
ORD-103059,2026-05-06 12:14,C00183,SKU-1004,HDMI cable 1.5m,Cables,1,"Rs 1,300",10,Pakistan,website
ORD-104246,2025-06-16 11:14,C00023,SKU-1007,Noise cancelling headset,Audio,2,"Rs 6,900",0,PK,retail
ORD-104871,2026-01-18 20:14,C00025,SKU-1003,USB-C cable 2m,Cables,1,Rs 850,10,United Kingdom,marketplace
ORD-104913,2026-01-22 19:14,C00019,SKU-1004,HDMI cable 1.5m,Cables,2,"Rs 1,300",0,Pakistan,marketplace
ORD-100139,2026-08-18 20:14,C00208,SKU-1007,Noise cancelling headset,Audio,5,"Rs 6,900",0,United Arab Emirates,retail
ORD-100629,2025-07-25 15:14,C00417,SKU-1002,Wireless mouse,Peripherals,2,"Rs 2,600",0,PK,marketplace
ORD-104730,2026-07-13 20:14,C00543,SKU-1002,Wireless mouse,Peripherals,1,"Rs 2,600",0,UK,retail
ORD-100049,2025-12-22 10:14,C00769,SKU-1003,USB-C cable 2m,Cables,1,Rs 850,10,Saudi Arabia,retail
ORD-101906,2026-05-14 17:14,C00695,SKU-1007,Noise cancelling headset,Audio,-1,"Rs 6,900",0,Saudi Arabia,website
ORD-103371,2025-08-09 20:14,C00016,SKU-1001,Mechanical keyboard,Peripherals,2,"Rs 9,800",0,United Kingdom,website
ORD-100469,2026-06-17 14:14,C00018,SKU-1004,HDMI cable 1.5m,Cables,1,"Rs 1,300",10,Saudi Arabia,website
ORD-100891,2025-05-09 08:14,C00044,SKU-1002,Wireless mouse,Peripherals,1,"Rs 2,600",10,UK,marketplace
ORD-102807,2025-10-26 13:14,C00470,SKU-1007,Noise cancelling headset,Audio,5,"Rs 6,900",0,PK,website
ORD-100652,2025-05-29 07:14,C00005,SKU-1005,24 inch monitor,Displays,1,"Rs 32,900",0,UAE,retail
ORD-103640,2025-08-25 08:14,C00283,SKU-1010,65W GaN charger,Power,1,"Rs 3,900",0,United Kingdom,Website
ORD-101202,2025-05-03 16:14,C00413,SKU-1007,Noise cancelling headset,Audio,5,"Rs 6,900",20,United Arab Emirates,Website
ORD-104720,2025-11-07 15:14,C00845,SKU-1004,HDMI cable 1.5m,Cables,1,"Rs 1,300",20,UK,website
ORD-105370,2025-12-23 07:14,C00604,SKU-1010,65W GaN charger,Power,1,"Rs 3,900",0,Saudi Arabia,retail
ORD-104168,2025-09-11 11:14,C00105,SKU-1006,Laptop stand,Accessories,3,"Rs 4,200",5,PK,retail
ORD-104686,2026-08-10 11:14,C00850,SKU-1007,Noise cancelling headset,Audio,2,"Rs 6,900",0,PK,Website
ORD-100187,2025-05-09 16:14,C00129,SKU-1009,Webcam 1080p,Video,1,"Rs 5,400",0,Saudi Arabia,Website
ORD-103722,2026-04-07 14:14,C00727,SKU-1006,Laptop stand,Accessories,1,"Rs 4,200",5,United Arab Emirates,Website
ORD-102153,2026-05-27 09:14,C00054,SKU-1009,Webcam 1080p,Video,1,"Rs 5,400",0,UAE,marketplace
ORD-100742,2026-01-24 08:14,C00281,SKU-1010,65W GaN charger,Power,1,"Rs 3,900",0,Saudi Arabia,website
ORD-101913,2026-04-08 15:14,C00022,SKU-1010,65W GaN charger,Power,2,"Rs 3,900",5,UAE,marketplace
ORD-103448,2025-08-25 15:14,C00015,SKU-1002,Wireless mouse,Peripherals,1,"Rs 2,600",0,PK,website
ORD-102855,2025-09-21 19:14,C00815,SKU-1008,1TB portable SSD,Storage,1,"Rs 13,500",10,pakistan,marketplace
ORD-100793,2026-04-23 09:14,C00643,SKU-1006,Laptop stand,Accessories,-1,"Rs 4,200",0,pakistan,retail
ORD-100415,2025-08-03 12:14,C00016,SKU-1010,65W GaN charger,Power,1,"Rs 3,900",20,UAE,website
ORD-100910,2026-03-16 09:14,C00318,SKU-1007,Noise cancelling headset,Audio,2,"Rs 6,900",0,pakistan,marketplace
ORD-100054,2025-08-08 10:14,C00053,SKU-1006,Laptop stand,Accessories,3,"Rs 4,200",0,United Arab Emirates,marketplace
ORD-102595,2025-04-06 09:14,C00324,SKU-1005,24 inch monitor,Displays,2,"Rs 32,900",0,PK,Website
ORD-104563,2026-03-31 17:14,C00185,SKU-1009,Webcam 1080p,Video,1,"Rs 5,400",0,UAE,marketplace
ORD-100753,2026-05-30 11:14,C00284,SKU-1009,Webcam 1080p,Video,1,"Rs 5,400",5,United Kingdom,retail
ORD-105240,2025-11-01 08:14,C00299,SKU-1004,HDMI cable 1.5m,Cables,1,"Rs 1,300",0,Saudi Arabia,Website
ORD-105946,2026-05-19 13:14,C00399,SKU-1005,24 inch monitor,Displays,2,"Rs 32,900",0,UAE,retail
ORD-103825,2026-01-06 19:14,C00385,SKU-1005,24 inch monitor,Displays,1,"Rs 32,900",5,UAE,marketplace
ORD-105290,2026-02-09 15:14,C00144,SKU-1007,Noise cancelling headset,Audio,2,"Rs 6,900",0,Pakistan,Website
ORD-101299,2025-04-07 11:14,C00290,SKU-1006,Laptop stand,Accessories,1,"Rs 4,200",5,Saudi Arabia,Website
ORD-103882,2026-07-14 18:14,C00010,SKU-1002,Wireless mouse,Peripherals,1,"Rs 2,600",0,pakistan,website
ORD-104920,2025-06-26 14:14,C00002,SKU-1009,Webcam 1080p,Video,1,"Rs 5,400",0,UK,Website
ORD-100765,2025-12-25 17:14,C00006,SKU-1005,24 inch monitor,Displays,1,"Rs 32,900",0,Pakistan,marketplace
ORD-100040,2026-08-18 19:14,C00440,SKU-1006,Laptop stand,Accessories,1,"Rs 4,200",0,pakistan,marketplace
ORD-104087,2026-06-26 08:14,C00653,SKU-1007,Noise cancelling headset,Audio,1,"Rs 6,900",0,United Kingdom,website
ORD-105155,2025-11-06 08:14,C00037,SKU-1006,Laptop stand,Accessories,1,"Rs 4,200",20,pakistan,website
ORD-104698,29/03/2025,C00555,SKU-1008,1TB portable SSD,Storage,2,"Rs 13,500",5,Pakistan,marketplace
ORD-104885,2026-01-04 15:14,C00285,SKU-1008,1TB portable SSD,Storage,1,"Rs 13,500",0,United Arab Emirates,website
ORD-101292,2026-08-12 07:14,C00844,SKU-1010,65W GaN charger,Power,1,"Rs 3,900",10,UK,retail
ORD-105718,2025-12-26 17:14,C00706,SKU-1006,Laptop stand,Accessories,1,"Rs 4,200",0,Pakistan,Website
ORD-100328,2025-07-12 11:14,C00052,SKU-1005,24 inch monitor,Displays,2,"Rs 32,900",0,UAE,marketplace
ORD-105330,2025-04-13 08:14,C00010,SKU-1001,Mechanical keyboard,Peripherals,1,"Rs 9,800",0,UAE,marketplace
ORD-105752,2026-01-23 07:14,C00330,SKU-1005,24 inch monitor,Displays,1,"Rs 32,900",0,UK,retail
ORD-100487,2026-02-08 11:14,C00017,SKU-1002,Wireless mouse,Peripherals,1,"Rs 2,600",0,UK,website
ORD-102300,2026-05-20 16:14,C00223,SKU-1007,Noise cancelling headset,Audio,1,"Rs 6,900",0,Saudi Arabia,Website
ORD-103423,2026-07-22 12:14,C00049,SKU-1008,1TB portable SSD,Storage,3,"Rs 13,500",0,United Kingdom,marketplace
ORD-104197,2026-01-30 08:14,C00010,SKU-1010,65W GaN charger,Power,1,"Rs 3,900",0,United Kingdom,Website
ORD-101729,2026-07-30 14:14,C00773,SKU-1009,Webcam 1080p,Video,2,"Rs 5,400",0,UK,marketplace
ORD-102501,2025-10-20 12:14,C00722,SKU-1004,HDMI cable 1.5m,Cables,2,"Rs 1,300",0,UK,marketplace
ORD-103512,2026-01-29 08:14,C00060,SKU-1010,65W GaN charger,Power,1,"Rs 3,900",5,pakistan,website
ORD-103042,2025-05-17 11:14,C00806,SKU-1010,65W GaN charger,Power,1,"Rs 3,900",0,UAE,website
ORD-101057,2026-06-20 09:14,C00416,SKU-1008,1TB portable SSD,Storage,1,"Rs 13,500",0,United Arab Emirates,marketplace
ORD-105476,2025-05-30 16:14,C00801,SKU-1010,65W GaN charger,Power,1,"Rs 3,900",0,Pakistan,retail
ORD-102728,30/05/2026,C00059,SKU-1007,Noise cancelling headset,Audio,1,"Rs 6,900",0,Saudi Arabia,Website
ORD-105548,2026-03-04 10:14,C00249,SKU-1003,USB-C cable 2m,Cables,2,Rs 850,0,UK,retail
ORD-104814,2025-11-02 18:14,C00112,SKU-1003,USB-C cable 2m,Cables,-1,Rs 850,20,United Kingdom,Website
ORD-105686,2025-12-18 10:14,C00299,SKU-1003,USB-C cable 2m,Cables,2,Rs 850,10,UAE,Website
ORD-103354,2025-12-11 16:14,C00556,SKU-1010,65W GaN charger,Power,1,"Rs 3,900",0,United Arab Emirates,retail
ORD-104414,2025-09-03 11:14,C00005,SKU-1007,Noise cancelling headset,Audio,1,"Rs 6,900",20,Saudi Arabia,website
ORD-100302,2026-06-17 10:14,C00886,SKU-1001,Mechanical keyboard,Peripherals,1,"Rs 9,800",0,United Kingdom,website
ORD-102000,18/02/2026,C00684,SKU-1008,1TB portable SSD,Storage,1,"Rs 13,500",5,Pakistan,Website
ORD-103581,2025-09-19 20:14,C00007,SKU-1006,Laptop stand,Accessories,-1,"Rs 4,200",0,PK,retail
ORD-104171,2025-08-27 16:14,C00285,SKU-1003,USB-C cable 2m,Cables,1,Rs 850,10,United Kingdom,retail
ORD-105556,2026-02-17 13:14,C00290,SKU-1010,65W GaN charger,Power,1,"Rs 3,900",0,PK,website
ORD-102103,2025-04-21 20:14,C00656,SKU-1005,24 inch monitor,Displays,1,"Rs 32,900",0,United Kingdom,marketplace
ORD-103197,2025-05-02 20:14,C00098,SKU-1010,65W GaN charger,Power,2,"Rs 3,900",0,UAE,website
ORD-100968,2025-12-07 07:14,C00631,SKU-1003,USB-C cable 2m,Cables,1,Rs 850,0,UAE,website
ORD-103617,2025-11-24 13:14,C00621,SKU-1005,24 inch monitor,Displays,1,"Rs 32,900",0,PK,marketplace
ORD-105880,2025-05-01 10:14,C00396,SKU-1002,Wireless mouse,Peripherals,1,"Rs 2,600",0,United Kingdom,marketplace
ORD-100436,2025-10-04 07:14,C00014,SKU-1002,Wireless mouse,Peripherals,1,"Rs 2,600",5,Pakistan,marketplace
ORD-100875,2025-11-10 09:14,C00050,SKU-1009,Webcam 1080p,Video,1,"Rs 5,400",0,Pakistan,website
ORD-105864,2026-03-06 19:14,C00642,SKU-1007,Noise cancelling headset,Audio,1,"Rs 6,900",5,United Arab Emirates,retail
ORD-105486,2026-04-11 07:14,C00141,SKU-1005,24 inch monitor,Displays,1,"Rs 32,900",0,United Kingdom,website
ORD-102311,2025-08-24 11:14,C00322,SKU-1001,Mechanical keyboard,Peripherals,1,"Rs 9,800",5,United Kingdom,Website
ORD-102641,2026-03-28 10:14,C00418,SKU-1010,65W GaN charger,Power,1,"Rs 3,900",5,Pakistan,Website
ORD-100824,2026-08-12 19:14,C00175,SKU-1002,Wireless mouse,Peripherals,1,"Rs 2,600",0,Saudi Arabia,marketplace
ORD-105311,2026-01-21 11:14,C00648,SKU-1008,1TB portable SSD,Storage,1,"Rs 13,500",10,PK,website
ORD-105654,2026-06-18 12:14,C00106,SKU-1003,USB-C cable 2m,Cables,1,Rs 850,0,United Kingdom,retail
ORD-102847,2025-04-14 08:14,C00170,SKU-1004,HDMI cable 1.5m,Cables,1,"Rs 1,300",0,United Kingdom,marketplace
ORD-100023,2025-06-04 08:14,C00553,SKU-1008,1TB portable SSD,Storage,1,"Rs 13,500",10,PK,retail
ORD-104752,2026-09-11 18:14,C00791,SKU-1003,USB-C cable 2m,Cables,1,Rs 850,0,Saudi Arabia,retail
ORD-102919,2026-01-13 16:14,C00750,SKU-1005,24 inch monitor,Displays,2,"Rs 32,900",5,Pakistan,marketplace
ORD-104470,2025-12-22 10:14,C00227,SKU-1010,65W GaN charger,Power,1,"Rs 3,900",0,United Kingdom,Website
ORD-102281,2025-07-23 20:14,C00051,SKU-1005,24 inch monitor,Displays,1,"Rs 32,900",20,United Arab Emirates,website
ORD-102024,2026-04-07 20:14,C00651,SKU-1001,Mechanical keyboard,Peripherals,1,"Rs 9,800",0,PK,retail
ORD-103272,2026-08-22 16:14,C00035,SKU-1010,65W GaN charger,Power,-2,"Rs 3,900",0,United Kingdom,website
ORD-105429,2026-07-10 10:14,C00256,SKU-1009,Webcam 1080p,Video,5,"Rs 5,400",5,PK,website
ORD-103757,2026-02-18 11:14,C00276,SKU-1001,Mechanical keyboard,Peripherals,1,"Rs 9,800",0,Pakistan,retail
ORD-105853,2025-06-29 14:14,C00011,SKU-1006,Laptop stand,Accessories,1,"Rs 4,200",0,UK,website
ORD-104954,2026-03-19 16:14,C00591,SKU-1008,1TB portable SSD,Storage,1,"Rs 13,500",10,PK,marketplace
ORD-104305,2026-01-26 20:14,C00753,SKU-1010,65W GaN charger,Power,5,"Rs 3,900",10,UK,website
ORD-105207,2026-03-08 13:14,C00449,SKU-1002,Wireless mouse,Peripherals,1,"Rs 2,600",10,pakistan,marketplace
ORD-105761,2026-01-15 13:14,C00022,SKU-1009,Webcam 1080p,Video,2,"Rs 5,400",0,United Kingdom,marketplace
ORD-102405,2026-02-26 18:14,C00828,SKU-1006,Laptop stand,Accessories,1,"Rs 4,200",0,UK,website
ORD-104841,2026-04-27 12:14,C00311,SKU-1010,65W GaN charger,Power,2,"Rs 3,900",10,United Arab Emirates,retail
ORD-102354,2026-05-05 20:14,C00569,SKU-1008,1TB portable SSD,Storage,1,"Rs 13,500",5,United Kingdom,Website
ORD-104579,2026-03-11 15:14,C00017,SKU-1002,Wireless mouse,Peripherals,1,"Rs 2,600",0,Saudi Arabia,Website
ORD-105848,2025-05-08 09:14,C00065,SKU-1002,Wireless mouse,Peripherals,3,"Rs 2,600",0,PK,retail
ORD-105430,2025-04-16 16:14,C00224,SKU-1006,Laptop stand,Accessories,3,"Rs 4,200",20,pakistan,Website
ORD-105445,2025-12-15 14:14,C00049,SKU-1008,1TB portable SSD,Storage,1,"Rs 13,500",20,Pakistan,Website
ORD-101823,2026-05-02 20:14,C00045,SKU-1005,24 inch monitor,Displays,2,"Rs 32,900",0,United Kingdom,retail
ORD-102996,2026-01-04 12:14,C00123,SKU-1004,HDMI cable 1.5m,Cables,1,"Rs 1,300",20,UK,website
ORD-104294,2026-02-21 17:14,C00019,SKU-1007,Noise cancelling headset,Audio,-3,"Rs 6,900",5,Pakistan,Website
ORD-104655,26/02/2026,C00042,SKU-1007,Noise cancelling headset,Audio,1,"Rs 6,900",5,Pakistan,retail
ORD-103291,2025-10-08 10:14,C00026,SKU-1009,Webcam 1080p,Video,1,"Rs 5,400",10,PK,retail
ORD-101073,2026-02-02 10:14,C00054,SKU-1008,1TB portable SSD,Storage,1,"Rs 13,500",20,PK,retail
ORD-101061,2026-05-07 18:14,C00892,SKU-1001,Mechanical keyboard,Peripherals,1,"Rs 9,800",20,UK,retail
ORD-103258,2026-01-22 16:14,C00408,SKU-1009,Webcam 1080p,Video,2,"Rs 5,400",0,Pakistan,marketplace
ORD-101783,2026-01-30 08:14,C00013,SKU-1001,Mechanical keyboard,Peripherals,1,"Rs 9,800",0,United Kingdom,Website
ORD-103720,2025-03-28 18:14,C00416,SKU-1003,USB-C cable 2m,Cables,1,Rs 850,0,PK,website
ORD-102438,2025-06-19 18:14,C00058,SKU-1010,65W GaN charger,Power,2,"Rs 3,900",10,PK,website
ORD-105885,2025-07-27 18:14,C00885,SKU-1009,Webcam 1080p,Video,1,"Rs 5,400",0,UK,marketplace
ORD-105510,2025-11-07 08:14,C00035,SKU-1006,Laptop stand,Accessories,2,"Rs 4,200",0,UAE,marketplace
ORD-102857,2026-01-17 19:14,C00573,SKU-1003,USB-C cable 2m,Cables,2,Rs 850,10,United Arab Emirates,retail
ORD-102693,2026-07-07 13:14,C00599,SKU-1005,24 inch monitor,Displays,1,"Rs 32,900",10,UK,marketplace
ORD-101191,2025-11-28 14:14,C00038,SKU-1006,Laptop stand,Accessories,5,"Rs 4,200",5,UAE,Website
ORD-101137,2026-03-31 20:14,C00688,SKU-1006,Laptop stand,Accessories,1,"Rs 4,200",5,United Arab Emirates,marketplace
ORD-104433,2025-05-07 14:14,C00640,SKU-1002,Wireless mouse,Peripherals,2,"Rs 2,600",0,pakistan,marketplace
ORD-102816,2025-08-31 17:14,C00526,SKU-1005,24 inch monitor,Displays,1,"Rs 32,900",0,United Arab Emirates,retail
ORD-105000,2025-03-24 18:14,C00055,SKU-1003,USB-C cable 2m,Cables,1,Rs 850,0,United Arab Emirates,website
ORD-103231,2025-10-10 17:14,C00214,SKU-1004,HDMI cable 1.5m,Cables,1,"Rs 1,300",0,pakistan,website
ORD-101432,2025-08-11 16:14,C00673,SKU-1009,Webcam 1080p,Video,2,"Rs 5,400",0,United Kingdom,website
ORD-104180,2025-04-05 18:14,C00115,SKU-1010,65W GaN charger,Power,-1,"Rs 3,900",10,PK,website
ORD-104227,2025-10-23 07:14,C00023,SKU-1009,Webcam 1080p,Video,2,"Rs 5,400",5,Saudi Arabia,Website
ORD-102951,2025-10-06 09:14,C00421,SKU-1008,1TB portable SSD,Storage,1,"Rs 13,500",20,PK,retail
ORD-101792,2026-04-19 16:14,C00499,SKU-1010,65W GaN charger,Power,1,"Rs 3,900",0,Saudi Arabia,website
ORD-101873,2026-03-10 11:14,C00003,SKU-1010,65W GaN charger,Power,1,"Rs 3,900",0,United Kingdom,website
ORD-102142,2025-05-13 14:14,C00243,SKU-1005,24 inch monitor,Displays,1,"Rs 32,900",20,UK,retail
ORD-102389,2025-05-12 11:14,C00278,SKU-1003,USB-C cable 2m,Cables,1,Rs 850,5,United Arab Emirates,Website
ORD-101014,2025-06-18 17:14,C00469,SKU-1003,USB-C cable 2m,Cables,1,Rs 850,5,United Arab Emirates,website
ORD-102987,2025-06-06 18:14,C00446,SKU-1001,Mechanical keyboard,Peripherals,1,"Rs 9,800",0,Saudi Arabia,Website
ORD-100816,2025-09-19 07:14,C00758,SKU-1003,USB-C cable 2m,Cables,1,Rs 850,5,United Kingdom,retail
ORD-101983,2025-12-13 11:14,C00713,SKU-1009,Webcam 1080p,Video,3,"Rs 5,400",0,pakistan,marketplace
ORD-102977,2026-06-03 19:14,C00878,SKU-1005,24 inch monitor,Displays,1,"Rs 32,900",0,PK,retail
ORD-101644,01/08/2026,C00386,SKU-1004,HDMI cable 1.5m,Cables,2,"Rs 1,300",0,PK,website
ORD-104300,2025-07-14 17:14,C00705,SKU-1004,HDMI cable 1.5m,Cables,1,"Rs 1,300",20,Pakistan,website
ORD-100486,2026-07-08 17:14,C00311,SKU-1007,Noise cancelling headset,Audio,2,"Rs 6,900",10,Pakistan,Website
ORD-104185,2025-06-09 15:14,C00331,SKU-1004,HDMI cable 1.5m,Cables,2,"Rs 1,300",0,PK,marketplace
ORD-102045,2025-07-30 14:14,C00794,SKU-1007,Noise cancelling headset,Audio,2,"Rs 6,900",0,UK,marketplace
ORD-100004,2026-01-17 14:14,C00184,SKU-1001,Mechanical keyboard,Peripherals,1,"Rs 9,800",0,pakistan,retail
ORD-100062,2026-05-13 14:14,C00115,SKU-1006,Laptop stand,Accessories,-2,"Rs 4,200",0,PK,website
ORD-104683,2026-05-12 10:14,C00169,SKU-1006,Laptop stand,Accessories,2,"Rs 4,200",0,Saudi Arabia,marketplace
ORD-104909,2026-08-03 10:14,C00773,SKU-1005,24 inch monitor,Displays,1,"Rs 32,900",0,Saudi Arabia,website
ORD-105440,2025-05-02 09:14,C00051,SKU-1003,USB-C cable 2m,Cables,2,Rs 850,0,UK,marketplace
ORD-104315,2025-09-30 17:14,C00348,SKU-1009,Webcam 1080p,Video,3,"Rs 5,400",10,Pakistan,retail
ORD-104245,2025-08-19 11:14,C00010,SKU-1004,HDMI cable 1.5m,Cables,1,"Rs 1,300",0,United Arab Emirates,website
ORD-105272,2025-10-16 15:14,C00013,SKU-1008,1TB portable SSD,Storage,1,"Rs 13,500",20,UK,Website
ORD-100837,2025-11-29 08:14,C00003,SKU-1010,65W GaN charger,Power,2,"Rs 3,900",0,United Kingdom,Website
ORD-102355,2026-06-29 07:14,C00297,SKU-1002,Wireless mouse,Peripherals,5,"Rs 2,600",0,Pakistan,Website
ORD-105507,2025-10-31 10:14,C00044,SKU-1006,Laptop stand,Accessories,1,"Rs 4,200",0,United Kingdom,retail
ORD-105426,2026-07-05 19:14,C00531,SKU-1002,Wireless mouse,Peripherals,1,"Rs 2,600",0,PK,Website
ORD-102918,2025-05-04 08:14,C00887,SKU-1001,Mechanical keyboard,Peripherals,2,"Rs 9,800",0,PK,retail
ORD-100301,2026-08-25 12:14,C00623,SKU-1004,HDMI cable 1.5m,Cables,1,"Rs 1,300",0,pakistan,marketplace
ORD-105167,2026-05-08 17:14,C00051,SKU-1002,Wireless mouse,Peripherals,1,"Rs 2,600",0,United Kingdom,marketplace
ORD-103454,2025-06-19 15:14,C00363,SKU-1001,Mechanical keyboard,Peripherals,1,"Rs 9,800",0,United Arab Emirates,Website
ORD-102555,02/02/2026,C00204,SKU-1003,USB-C cable 2m,Cables,2,Rs 850,10,UAE,marketplace
ORD-105249,2026-08-03 09:14,C00061,SKU-1008,1TB portable SSD,Storage,1,"Rs 13,500",0,UK,website
ORD-102845,2025-08-23 20:14,C00670,SKU-1003,USB-C cable 2m,Cables,2,Rs 850,5,pakistan,marketplace
ORD-105664,07/04/2026,C00032,SKU-1001,Mechanical keyboard,Peripherals,3,"Rs 9,800",20,Pakistan,marketplace
ORD-100323,2025-12-07 10:14,C00059,SKU-1009,Webcam 1080p,Video,1,"Rs 5,400",0,pakistan,Website
ORD-104086,2026-07-22 16:14,C00026,SKU-1005,24 inch monitor,Displays,2,"Rs 32,900",0,United Arab Emirates,marketplace
ORD-101453,2025-04-25 12:14,C00851,SKU-1010,65W GaN charger,Power,1,"Rs 3,900",0,UAE,Website
ORD-100921,2025-07-12 15:14,C00577,SKU-1008,1TB portable SSD,Storage,2,"Rs 13,500",0,Saudi Arabia,website
ORD-101095,2025-04-03 15:14,C00849,SKU-1010,65W GaN charger,Power,2,"Rs 3,900",0,PK,Website
ORD-104788,2025-05-24 20:14,C00040,SKU-1007,Noise cancelling headset,Audio,1,"Rs 6,900",0,United Arab Emirates,marketplace
ORD-101424,2025-08-30 15:14,C00626,SKU-1005,24 inch monitor,Displays,1,"Rs 32,900",10,United Kingdom,Website
ORD-103768,2025-09-19 17:14,C00051,SKU-1002,Wireless mouse,Peripherals,1,"Rs 2,600",0,PK,marketplace
ORD-102049,2025-11-07 09:14,C00512,SKU-1003,USB-C cable 2m,Cables,1,Rs 850,10,UAE,Website
ORD-103333,2025-06-13 19:14,C00035,SKU-1008,1TB portable SSD,Storage,1,"Rs 13,500",0,pakistan,retail
ORD-103574,2026-07-27 08:14,C00517,SKU-1002,Wireless mouse,Peripherals,1,"Rs 2,600",0,UAE,retail
ORD-101189,2025-07-26 09:14,C00288,SKU-1008,1TB portable SSD,Storage,1,"Rs 13,500",0,United Arab Emirates,Website
ORD-103040,04/02/2026,C00587,SKU-1001,Mechanical keyboard,Peripherals,2,"Rs 9,800",0,Saudi Arabia,marketplace
ORD-100303,2025-06-04 20:14,C00133,SKU-1007,Noise cancelling headset,Audio,5,"Rs 6,900",0,United Arab Emirates,retail
ORD-100582,2026-08-10 07:14,C00034,SKU-1006,Laptop stand,Accessories,1,"Rs 4,200",5,PK,retail
ORD-102745,09/07/2026,C00034,SKU-1003,USB-C cable 2m,Cables,1,Rs 850,5,United Kingdom,retail
ORD-104735,2026-06-03 09:14,C00482,SKU-1010,65W GaN charger,Power,2,"Rs 3,900",0,UAE,Website
ORD-105802,2025-04-21 14:14,C00013,SKU-1010,65W GaN charger,Power,1,"Rs 3,900",10,United Kingdom,retail
ORD-100134,2025-11-26 16:14,C00007,SKU-1001,Mechanical keyboard,Peripherals,1,"Rs 9,800",0,PK,Website
ORD-105288,2026-09-07 09:14,C00294,SKU-1008,1TB portable SSD,Storage,1,"Rs 13,500",10,UAE,retail
ORD-100951,2026-03-24 18:14,C00893,SKU-1005,24 inch monitor,Displays,1,"Rs 32,900",10,pakistan,Website
ORD-105968,2026-03-26 16:14,C00786,SKU-1004,HDMI cable 1.5m,Cables,1,"Rs 1,300",0,PK,website
ORD-105012,2025-08-27 15:14,C00037,SKU-1002,Wireless mouse,Peripherals,1,"Rs 2,600",5,Pakistan,website
ORD-103632,2025-07-19 07:14,C00627,SKU-1004,HDMI cable 1.5m,Cables,3,"Rs 1,300",20,UAE,marketplace
ORD-104309,2025-07-29 16:14,C00007,SKU-1003,USB-C cable 2m,Cables,2,Rs 850,5,UK,marketplace
ORD-101140,2025-03-22 20:14,C00150,SKU-1006,Laptop stand,Accessories,1,"Rs 4,200",5,PK,retail
ORD-103233,2025-09-04 20:14,C00023,SKU-1005,24 inch monitor,Displays,1,"Rs 32,900",0,UAE,website
ORD-102034,2026-09-09 14:14,C00462,SKU-1001,Mechanical keyboard,Peripherals,1,"Rs 9,800",5,PK,website
ORD-100387,2026-08-09 07:14,C00356,SKU-1001,Mechanical keyboard,Peripherals,1,"Rs 9,800",0,UAE,website
ORD-102865,2025-09-30 11:14,C00875,SKU-1003,USB-C cable 2m,Cables,2,Rs 850,0,PK,retail
ORD-101186,2025-07-16 08:14,C00808,SKU-1001,Mechanical keyboard,Peripherals,1,"Rs 9,800",0,United Arab Emirates,Website
ORD-102822,2026-03-16 19:14,C00405,SKU-1009,Webcam 1080p,Video,1,"Rs 5,400",0,UAE,retail
ORD-102864,2026-05-24 12:14,C00055,SKU-1005,24 inch monitor,Displays,1,"Rs 32,900",5,UAE,website
ORD-100421,2025-10-26 12:14,C00875,SKU-1008,1TB portable SSD,Storage,1,"Rs 13,500",0,Pakistan,retail
ORD-105083,2025-08-25 19:14,C00208,SKU-1001,Mechanical keyboard,Peripherals,1,"Rs 9,800",0,UK,retail
ORD-103301,2025-11-17 16:14,C00705,SKU-1010,65W GaN charger,Power,2,"Rs 3,900",5,PK,retail
ORD-105183,2025-12-14 20:14,C00130,SKU-1001,Mechanical keyboard,Peripherals,1,"Rs 9,800",0,Pakistan,retail
ORD-101360,2026-01-23 17:14,C00469,SKU-1008,1TB portable SSD,Storage,1,"Rs 13,500",5,pakistan,marketplace
ORD-101467,2026-03-16 12:14,C00897,SKU-1009,Webcam 1080p,Video,1,"Rs 5,400",0,Saudi Arabia,Website
ORD-100919,2026-05-30 19:14,C00037,SKU-1002,Wireless mouse,Peripherals,1,"Rs 2,600",0,UAE,Website
ORD-105154,2025-12-04 10:14,C00237,SKU-1002,Wireless mouse,Peripherals,1,"Rs 2,600",0,PK,Website
ORD-103168,2025-04-30 20:14,C00793,SKU-1002,Wireless mouse,Peripherals,1,"Rs 2,600",0,Saudi Arabia,retail
ORD-101741,2025-10-08 19:14,C00775,SKU-1004,HDMI cable 1.5m,Cables,1,"Rs 1,300",0,pakistan,Website
ORD-103657,2025-09-11 12:14,C00337,SKU-1008,1TB portable SSD,Storage,2,"Rs 13,500",0,pakistan,marketplace
ORD-105965,2025-05-28 19:14,C00188,SKU-1004,HDMI cable 1.5m,Cables,1,"Rs 1,300",0,UK,Website
ORD-101356,2026-03-13 10:14,C00059,SKU-1005,24 inch monitor,Displays,1,"Rs 32,900",0,United Arab Emirates,marketplace
ORD-102156,2025-08-26 19:14,C00749,SKU-1001,Mechanical keyboard,Peripherals,2,"Rs 9,800",5,UK,Website
ORD-103084,2026-02-02 14:14,C00774,SKU-1010,65W GaN charger,Power,1,"Rs 3,900",10,UAE,website
ORD-103680,2026-01-24 09:14,C00558,SKU-1004,HDMI cable 1.5m,Cables,2,"Rs 1,300",0,United Arab Emirates,website
ORD-104075,2026-04-11 14:14,C00022,SKU-1009,Webcam 1080p,Video,1,"Rs 5,400",10,Pakistan,Website
ORD-105361,2026-05-12 18:14,C00538,SKU-1005,24 inch monitor,Displays,2,"Rs 32,900",10,PK,website
ORD-102085,2025-12-12 11:14,C00290,SKU-1002,Wireless mouse,Peripherals,1,"Rs 2,600",5,Saudi Arabia,retail
ORD-101369,2025-05-26 15:14,C00028,SKU-1010,65W GaN charger,Power,1,"Rs 3,900",0,UK,Website
ORD-101122,2026-05-30 07:14,C00026,SKU-1002,Wireless mouse,Peripherals,1,"Rs 2,600",0,UAE,marketplace
ORD-102027,2025-09-08 08:14,C00148,SKU-1006,Laptop stand,Accessories,-1,"Rs 4,200",0,PK,Website
ORD-101181,2026-07-05 07:14,C00163,SKU-1004,HDMI cable 1.5m,Cables,1,"Rs 1,300",0,pakistan,marketplace
ORD-103406,2025-11-03 16:14,C00775,SKU-1008,1TB portable SSD,Storage,1,"Rs 13,500",0,Pakistan,Website
ORD-101098,2026-04-14 18:14,C00041,SKU-1003,USB-C cable 2m,Cables,2,Rs 850,5,PK,retail
ORD-101289,2025-12-08 13:14,C00024,SKU-1007,Noise cancelling headset,Audio,1,"Rs 6,900",10,Pakistan,website
ORD-100878,2025-12-09 15:14,C00059,SKU-1003,USB-C cable 2m,Cables,1,Rs 850,0,pakistan,marketplace
ORD-104093,2026-02-07 11:14,C00046,SKU-1010,65W GaN charger,Power,2,"Rs 3,900",0,PK,website
ORD-103733,2025-04-19 16:14,C00027,SKU-1005,24 inch monitor,Displays,1,"Rs 32,900",0,UAE,website
ORD-101901,2026-03-16 14:14,C00002,SKU-1002,Wireless mouse,Peripherals,1,"Rs 2,600",0,pakistan,website
ORD-105895,2025-05-01 09:14,C00053,SKU-1008,1TB portable SSD,Storage,1,"Rs 13,500",5,UAE,website
ORD-103540,2026-05-07 16:14,C00100,SKU-1008,1TB portable SSD,Storage,1,"Rs 13,500",10,pakistan,Website
ORD-105992,2025-11-16 13:14,C00883,SKU-1001,Mechanical keyboard,Peripherals,1,"Rs 9,800",0,Saudi Arabia,website
ORD-103636,2025-05-01 12:14,C00036,SKU-1007,Noise cancelling headset,Audio,1,"Rs 6,900",10,United Kingdom,retail
ORD-102378,2026-01-13 16:14,C00050,SKU-1008,1TB portable SSD,Storage,1,"Rs 13,500",5,pakistan,website
ORD-100935,2026-01-09 20:14,C00022,SKU-1010,65W GaN charger,Power,-2,"Rs 3,900",0,Saudi Arabia,website
ORD-102962,2025-09-22 11:14,C00030,SKU-1006,Laptop stand,Accessories,1,"Rs 4,200",0,United Kingdom,website
ORD-100703,2025-03-29 10:14,C00001,SKU-1003,USB-C cable 2m,Cables,1,Rs 850,0,PK,Website
ORD-100305,2026-08-14 07:14,C00141,SKU-1007,Noise cancelling headset,Audio,3,"Rs 6,900",0,pakistan,marketplace
ORD-105420,2026-02-06 16:14,C00856,SKU-1006,Laptop stand,Accessories,-1,"Rs 4,200",10,United Kingdom,marketplace
ORD-100380,2025-04-03 10:14,C00041,SKU-1004,HDMI cable 1.5m,Cables,1,"Rs 1,300",0,PK,website
ORD-101192,2025-03-29 09:14,C00243,SKU-1007,Noise cancelling headset,Audio,1,"Rs 6,900",0,Pakistan,retail
ORD-103358,2025-05-11 16:14,C00862,SKU-1010,65W GaN charger,Power,1,"Rs 3,900",10,United Kingdom,retail
ORD-101918,2026-01-16 10:14,C00004,SKU-1009,Webcam 1080p,Video,1,"Rs 5,400",0,UK,Website
ORD-100638,2025-10-04 10:14,C00497,SKU-1010,65W GaN charger,Power,1,"Rs 3,900",10,United Arab Emirates,retail
ORD-100809,2026-07-31 20:14,C00254,SKU-1010,65W GaN charger,Power,1,"Rs 3,900",0,Saudi Arabia,marketplace
ORD-103102,2026-03-31 07:14,C00055,SKU-1010,65W GaN charger,Power,1,,0,UAE,marketplace
ORD-105134,2026-05-06 12:14,C00048,SKU-1008,1TB portable SSD,Storage,1,"Rs 13,500",0,Pakistan,marketplace
ORD-103491,2025-11-25 09:14,C00047,SKU-1005,24 inch monitor,Displays,1,"Rs 32,900",0,PK,marketplace
ORD-103260,2026-07-15 16:14,C00808,SKU-1003,USB-C cable 2m,Cables,1,Rs 850,0,United Kingdom,retail
ORD-102700,2025-11-29 15:14,C00721,SKU-1008,1TB portable SSD,Storage,1,"Rs 13,500",5,pakistan,marketplace
ORD-101703,2026-09-03 10:14,C00889,SKU-1008,1TB portable SSD,Storage,3,"Rs 13,500",0,United Arab Emirates,marketplace
ORD-104532,2026-06-29 07:14,C00425,SKU-1006,Laptop stand,Accessories,1,"Rs 4,200",0,UAE,retail
ORD-100233,2026-04-13 07:14,C00695,SKU-1006,Laptop stand,Accessories,1,"Rs 4,200",10,United Arab Emirates,marketplace
ORD-102051,2026-08-24 15:14,C00197,SKU-1007,Noise cancelling headset,Audio,1,"Rs 6,900",0,PK,retail
ORD-105221,2025-12-27 19:14,C00018,SKU-1010,65W GaN charger,Power,1,"Rs 3,900",10,Saudi Arabia,website
ORD-100884,2026-04-15 13:14,C00899,SKU-1001,Mechanical keyboard,Peripherals,1,"Rs 9,800",0,UK,Website
ORD-104942,2026-03-15 20:14,C00114,SKU-1010,65W GaN charger,Power,2,"Rs 3,900",0,Pakistan,marketplace
ORD-103778,2025-06-08 12:14,C00159,SKU-1002,Wireless mouse,Peripherals,2,"Rs 2,600",0,United Kingdom,marketplace
ORD-105057,2025-07-29 14:14,C00015,SKU-1005,24 inch monitor,Displays,1,"Rs 32,900",0,PK,Website
ORD-102635,2026-02-23 10:14,C00539,SKU-1003,USB-C cable 2m,Cables,1,Rs 850,0,Saudi Arabia,retail
ORD-103436,2026-09-01 11:14,C00010,SKU-1009,Webcam 1080p,Video,5,"Rs 5,400",0,United Kingdom,retail
ORD-105833,2026-01-14 09:14,C00025,SKU-1004,HDMI cable 1.5m,Cables,1,"Rs 1,300",0,United Kingdom,website
ORD-100007,2025-10-22 07:14,C00516,SKU-1008,1TB portable SSD,Storage,1,"Rs 13,500",0,United Arab Emirates,retail
ORD-103854,2026-06-06 11:14,C00418,SKU-1001,Mechanical keyboard,Peripherals,1,"Rs 9,800",0,PK,retail
ORD-103801,2025-11-18 10:14,C00354,SKU-1007,Noise cancelling headset,Audio,2,"Rs 6,900",0,UAE,Website
ORD-102844,2025-09-28 12:14,C00030,SKU-1005,24 inch monitor,Displays,3,"Rs 32,900",10,Pakistan,Website
ORD-105767,2026-01-11 14:14,C00808,SKU-1002,Wireless mouse,Peripherals,1,"Rs 2,600",0,PK,retail
ORD-103064,2025-10-17 12:14,C00046,SKU-1004,HDMI cable 1.5m,Cables,3,"Rs 1,300",5,United Kingdom,Website
ORD-101868,2025-05-12 14:14,C00089,SKU-1004,HDMI cable 1.5m,Cables,2,"Rs 1,300",0,UAE,marketplace
ORD-101216,2025-09-18 15:14,C00041,SKU-1005,24 inch monitor,Displays,2,"Rs 32,900",5,United Arab Emirates,marketplace
ORD-105597,2026-03-31 20:14,C00626,SKU-1005,24 inch monitor,Displays,1,"Rs 32,900",0,pakistan,marketplace
ORD-103223,2026-08-16 16:14,C00152,SKU-1005,24 inch monitor,Displays,1,"Rs 32,900",0,UAE,retail
ORD-103369,2025-11-14 15:14,C00520,SKU-1010,65W GaN charger,Power,1,"Rs 3,900",0,Pakistan,Website
ORD-105447,2026-04-03 10:14,C00030,SKU-1006,Laptop stand,Accessories,1,"Rs 4,200",0,United Arab Emirates,retail
ORD-100299,2025-08-22 10:14,C00037,SKU-1005,24 inch monitor,Displays,1,"Rs 32,900",10,PK,marketplace
ORD-100681,2026-07-29 17:14,C00168,SKU-1006,Laptop stand,Accessories,1,"Rs 4,200",10,UK,retail
ORD-104983,2025-04-29 09:14,C00382,SKU-1004,HDMI cable 1.5m,Cables,1,"Rs 1,300",0,UK,website
ORD-103582,2025-08-02 10:14,C00804,SKU-1004,HDMI cable 1.5m,Cables,1,"Rs 1,300",0,pakistan,marketplace
ORD-105849,2026-05-27 14:14,C00596,SKU-1004,HDMI cable 1.5m,Cables,1,"Rs 1,300",10,United Kingdom,marketplace
ORD-102093,2026-02-02 09:14,C00006,SKU-1004,HDMI cable 1.5m,Cables,1,"Rs 1,300",0,Pakistan,website
ORD-103612,2025-12-06 14:14,C00043,SKU-1008,1TB portable SSD,Storage,2,"Rs 13,500",0,PK,marketplace
ORD-104488,2025-09-26 19:14,C00572,SKU-1006,Laptop stand,Accessories,1,"Rs 4,200",0,pakistan,website
ORD-102185,2026-08-01 11:14,C00032,SKU-1001,Mechanical keyboard,Peripherals,1,"Rs 9,800",0,United Arab Emirates,marketplace
ORD-102593,2025-07-26 09:14,C00012,SKU-1003,USB-C cable 2m,Cables,1,Rs 850,0,Pakistan,marketplace
ORD-103107,2025-06-07 12:14,C00832,SKU-1008,1TB portable SSD,Storage,2,"Rs 13,500",20,UK,Website
ORD-103605,2026-03-18 08:14,C00152,SKU-1001,Mechanical keyboard,Peripherals,1,"Rs 9,800",0,pakistan,Website
ORD-105285,2025-07-13 07:14,C00570,SKU-1002,Wireless mouse,Peripherals,1,"Rs 2,600",5,United Arab Emirates,retail
ORD-105150,2026-01-19 16:14,C00520,SKU-1003,USB-C cable 2m,Cables,3,Rs 850,0,PK,website
ORD-105796,2026-08-15 13:14,C00343,SKU-1003,USB-C cable 2m,Cables,1,Rs 850,0,Saudi Arabia,retail
ORD-104477,2026-01-22 12:14,C00344,SKU-1004,HDMI cable 1.5m,Cables,1,"Rs 1,300",0,PK,retail
ORD-100205,2025-12-27 12:14,C00308,SKU-1008,1TB portable SSD,Storage,1,"Rs 13,500",0,PK,website
ORD-105087,2026-05-17 15:14,C00072,SKU-1002,Wireless mouse,Peripherals,2,"Rs 2,600",0,United Kingdom,Website
ORD-101832,2025-06-04 18:14,C00017,SKU-1010,65W GaN charger,Power,2,"Rs 3,900",0,UAE,retail
ORD-102923,2025-05-08 18:14,C00596,SKU-1006,Laptop stand,Accessories,2,"Rs 4,200",10,United Arab Emirates,marketplace
ORD-103314,2026-01-18 10:14,C00023,SKU-1009,Webcam 1080p,Video,1,"Rs 5,400",0,pakistan,website
ORD-101908,2025-09-09 18:14,C00608,SKU-1005,24 inch monitor,Displays,1,"Rs 32,900",0,UAE,website
ORD-100510,2026-06-24 09:14,C00033,SKU-1008,1TB portable SSD,Storage,1,"Rs 13,500",0,UAE,marketplace
ORD-102471,2026-02-10 20:14,C00828,SKU-1009,Webcam 1080p,Video,1,"Rs 5,400",5,Pakistan,Website
ORD-105217,2025-10-12 20:14,C00674,SKU-1006,Laptop stand,Accessories,1,"Rs 4,200",10,United Arab Emirates,website
ORD-103482,2026-01-13 14:14,C00001,SKU-1005,24 inch monitor,Displays,1,"Rs 32,900",0,Pakistan,Website
ORD-103712,2025-08-26 15:14,C00038,SKU-1002,Wireless mouse,Peripherals,1,"Rs 2,600",5,Pakistan,Website
ORD-103614,2026-01-10 16:14,C00067,SKU-1010,65W GaN charger,Power,1,"Rs 3,900",20,United Arab Emirates,website
ORD-103818,2025-11-03 17:14,C00036,SKU-1005,24 inch monitor,Displays,1,"Rs 32,900",0,UK,website
ORD-104128,2025-04-30 15:14,C00296,SKU-1007,Noise cancelling headset,Audio,1,"Rs 6,900",0,United Arab Emirates,website
ORD-105994,2025-05-28 11:14,C00264,SKU-1005,24 inch monitor,Displays,2,"Rs 32,900",0,PK,Website
ORD-102569,2025-10-07 14:14,C00058,SKU-1003,USB-C cable 2m,Cables,1,Rs 850,0,United Kingdom,retail
ORD-101358,2026-04-03 20:14,C00587,SKU-1007,Noise cancelling headset,Audio,2,"Rs 6,900",5,Pakistan,retail
ORD-102538,2025-03-31 13:14,C00046,SKU-1008,1TB portable SSD,Storage,1,"Rs 13,500",0,UK,website
ORD-101004,2025-11-28 15:14,C00342,SKU-1006,Laptop stand,Accessories,1,"Rs 4,200",0,PK,marketplace
ORD-105378,2026-04-21 13:14,C00250,SKU-1005,24 inch monitor,Displays,2,"Rs 32,900",20,PK,website
ORD-103287,2025-06-20 14:14,C00023,SKU-1007,Noise cancelling headset,Audio,1,"Rs 6,900",0,pakistan,retail
ORD-104094,2026-01-07 18:14,C00812,SKU-1005,24 inch monitor,Displays,1,"Rs 32,900",0,United Kingdom,retail
ORD-101571,2026-05-23 17:14,C00007,SKU-1009,Webcam 1080p,Video,2,"Rs 5,400",10,Saudi Arabia,marketplace
ORD-101260,2026-05-10 14:14,C00557,SKU-1004,HDMI cable 1.5m,Cables,-1,"Rs 1,300",5,UAE,marketplace
ORD-105891,2026-02-11 18:14,C00751,SKU-1002,Wireless mouse,Peripherals,2,"Rs 2,600",0,UAE,marketplace
ORD-105143,2026-09-02 09:14,C00532,SKU-1006,Laptop stand,Accessories,1,"Rs 4,200",20,UAE,marketplace
ORD-105364,2025-06-12 16:14,C00055,SKU-1004,HDMI cable 1.5m,Cables,1,"Rs 1,300",10,Pakistan,Website
ORD-105090,2026-04-14 13:14,C00525,SKU-1005,24 inch monitor,Displays,1,"Rs 32,900",0,Saudi Arabia,marketplace
ORD-100350,2026-01-21 10:14,C00292,SKU-1010,65W GaN charger,Power,2,"Rs 3,900",20,United Kingdom,Website
ORD-104502,2025-07-12 19:14,C00800,SKU-1006,Laptop stand,Accessories,1,"Rs 4,200",0,pakistan,retail
ORD-100939,2026-02-10 19:14,C00144,SKU-1009,Webcam 1080p,Video,1,"Rs 5,400",5,United Arab Emirates,website
ORD-100545,2026-05-30 12:14,C00370,SKU-1004,HDMI cable 1.5m,Cables,3,"Rs 1,300",0,Pakistan,marketplace
ORD-105949,2025-12-30 09:14,C00013,SKU-1003,USB-C cable 2m,Cables,5,Rs 850,0,pakistan,marketplace
ORD-103549,2025-05-21 11:14,C00676,SKU-1002,Wireless mouse,Peripherals,1,"Rs 2,600",0,United Kingdom,retail
ORD-105748,2026-01-23 10:14,C00005,SKU-1002,Wireless mouse,Peripherals,1,"Rs 2,600",5,Saudi Arabia,marketplace
ORD-101037,16/01/2026,C00051,SKU-1010,65W GaN charger,Power,1,"Rs 3,900",0,Pakistan,website
ORD-104777,2025-04-16 13:14,C00049,SKU-1001,Mechanical keyboard,Peripherals,1,"Rs 9,800",0,Pakistan,retail
ORD-104991,2026-01-06 18:14,C00003,SKU-1002,Wireless mouse,Peripherals,1,"Rs 2,600",0,PK,Website
ORD-101917,2025-12-20 14:14,C00637,SKU-1004,HDMI cable 1.5m,Cables,1,"Rs 1,300",5,pakistan,website
ORD-100153,2025-04-25 16:14,C00352,SKU-1008,1TB portable SSD,Storage,3,"Rs 13,500",0,Saudi Arabia,website
ORD-100122,2025-10-18 19:14,C00090,SKU-1003,USB-C cable 2m,Cables,2,Rs 850,0,UK,website
ORD-101605,2025-07-08 13:14,,SKU-1003,USB-C cable 2m,Cables,1,Rs 850,0,pakistan,marketplace
ORD-105185,2026-09-02 19:14,C00873,SKU-1007,Noise cancelling headset,Audio,1,"Rs 6,900",0,United Arab Emirates,website
ORD-102511,2025-07-12 18:14,C00001,SKU-1009,Webcam 1080p,Video,1,"Rs 5,400",0,United Arab Emirates,marketplace
ORD-101262,2025-09-19 12:14,C00247,SKU-1003,USB-C cable 2m,Cables,1,Rs 850,0,UK,marketplace
ORD-105870,2026-06-01 15:14,C00125,SKU-1005,24 inch monitor,Displays,1,"Rs 32,900",0,Pakistan,retail
ORD-101841,2025-05-28 09:14,C00155,SKU-1007,Noise cancelling headset,Audio,1,"Rs 6,900",5,UK,marketplace
ORD-105262,2025-09-20 16:14,C00797,SKU-1009,Webcam 1080p,Video,1,"Rs 5,400",0,pakistan,website
ORD-103824,2025-12-23 15:14,C00392,SKU-1006,Laptop stand,Accessories,1,"Rs 4,200",20,pakistan,marketplace
ORD-104048,2026-02-16 20:14,C00369,SKU-1001,Mechanical keyboard,Peripherals,1,"Rs 9,800",0,United Kingdom,Website
ORD-101543,2025-09-01 16:14,C00297,SKU-1004,HDMI cable 1.5m,Cables,3,"Rs 1,300",0,UAE,marketplace
ORD-105354,2026-01-27 15:14,C00844,SKU-1004,HDMI cable 1.5m,Cables,1,"Rs 1,300",5,UK,marketplace
ORD-104682,2025-12-15 14:14,C00031,SKU-1008,1TB portable SSD,Storage,1,"Rs 13,500",0,United Kingdom,website
ORD-101904,2026-05-29 15:14,C00666,SKU-1005,24 inch monitor,Displays,1,"Rs 32,900",0,UAE,website
ORD-101273,2025-09-15 07:14,C00006,SKU-1007,Noise cancelling headset,Audio,2,"Rs 6,900",20,UK,marketplace
ORD-100946,2025-05-24 18:14,C00164,SKU-1001,Mechanical keyboard,Peripherals,1,"Rs 9,800",0,Pakistan,marketplace
ORD-105749,2025-11-07 18:14,C00050,SKU-1002,Wireless mouse,Peripherals,1,"Rs 2,600",0,UK,retail
ORD-101082,2026-03-26 15:14,C00019,SKU-1004,HDMI cable 1.5m,Cables,1,"Rs 1,300",0,UAE,website
ORD-103429,2026-02-04 12:14,C00405,SKU-1006,Laptop stand,Accessories,2,"Rs 4,200",0,UAE,marketplace
ORD-100197,2025-07-28 16:14,C00021,SKU-1005,24 inch monitor,Displays,2,"Rs 32,900",0,UAE,marketplace
ORD-103278,2025-12-15 11:14,C00438,SKU-1009,Webcam 1080p,Video,-1,"Rs 5,400",0,Saudi Arabia,marketplace
ORD-100150,2026-01-24 09:14,C00425,SKU-1004,HDMI cable 1.5m,Cables,1,"Rs 1,300",0,pakistan,Website
ORD-102738,2026-06-05 12:14,C00468,SKU-1002,Wireless mouse,Peripherals,1,"Rs 2,600",0,Pakistan,website
ORD-100180,2025-06-22 19:14,C00231,SKU-1007,Noise cancelling headset,Audio,1,"Rs 6,900",0,United Kingdom,retail
ORD-105806,2025-04-17 11:14,C00618,SKU-1006,Laptop stand,Accessories,1,"Rs 4,200",0,United Kingdom,Website
ORD-101804,2026-05-25 13:14,C00861,SKU-1004,HDMI cable 1.5m,Cables,1,"Rs 1,300",10,United Kingdom,marketplace
ORD-105088,2025-08-01 10:14,C00311,SKU-1009,Webcam 1080p,Video,1,"Rs 5,400",10,Saudi Arabia,Website
ORD-104381,2025-06-19 15:14,C00024,SKU-1008,1TB portable SSD,Storage,1,"Rs 13,500",20,pakistan,Website
ORD-102698,2025-11-26 10:14,C00020,SKU-1003,USB-C cable 2m,Cables,1,Rs 850,0,United Kingdom,Website
ORD-100257,2026-08-04 10:14,C00330,SKU-1009,Webcam 1080p,Video,3,"Rs 5,400",0,pakistan,Website
ORD-100392,2025-05-29 09:14,C00007,SKU-1005,24 inch monitor,Displays,1,"Rs 32,900",0,UK,marketplace
ORD-103093,2025-10-27 09:14,C00154,SKU-1007,Noise cancelling headset,Audio,1,"Rs 6,900",0,Pakistan,website
ORD-103005,2026-04-20 18:14,C00306,SKU-1004,HDMI cable 1.5m,Cables,2,"Rs 1,300",20,pakistan,website
ORD-105368,2025-04-06 20:14,C00012,SKU-1002,Wireless mouse,Peripherals,1,"Rs 2,600",0,Saudi Arabia,website
ORD-101505,2026-01-31 08:14,C00305,SKU-1008,1TB portable SSD,Storage,2,"Rs 13,500",0,United Kingdom,website
ORD-100474,2025-11-25 08:14,C00167,SKU-1005,24 inch monitor,Displays,1,"Rs 32,900",0,Saudi Arabia,marketplace
ORD-104214,2025-04-29 20:14,C00054,SKU-1004,HDMI cable 1.5m,Cables,3,"Rs 1,300",0,UK,Website
ORD-104274,2026-01-29 08:14,C00609,SKU-1002,Wireless mouse,Peripherals,1,"Rs 2,600",0,United Arab Emirates,Website
ORD-103409,2025-07-03 15:14,C00031,SKU-1002,Wireless mouse,Peripherals,1,"Rs 2,600",0,United Arab Emirates,Website
ORD-100686,2026-05-04 18:14,C00011,SKU-1002,Wireless mouse,Peripherals,2,"Rs 2,600",5,PK,retail
ORD-101633,2026-03-27 12:14,C00009,SKU-1009,Webcam 1080p,Video,-1,"Rs 5,400",0,PK,Website
ORD-102345,2025-09-17 08:14,C00561,SKU-1008,1TB portable SSD,Storage,1,"Rs 13,500",5,United Kingdom,retail
ORD-102572,2026-01-05 18:14,C00550,SKU-1008,1TB portable SSD,Storage,2,"Rs 13,500",0,United Arab Emirates,marketplace
ORD-101789,2025-12-04 11:14,C00403,SKU-1003,USB-C cable 2m,Cables,1,Rs 850,0,United Arab Emirates,Website
ORD-100761,2026-01-23 19:14,C00848,SKU-1002,Wireless mouse,Peripherals,1,"Rs 2,600",0,UK,retail
ORD-101966,2026-04-02 07:14,C00017,SKU-1005,24 inch monitor,Displays,2,"Rs 32,900",0,pakistan,website
ORD-104304,2026-02-05 12:14,C00116,SKU-1007,Noise cancelling headset,Audio,1,"Rs 6,900",5,Pakistan,Website
ORD-102157,2026-03-23 16:14,C00051,SKU-1005,24 inch monitor,Displays,5,"Rs 32,900",0,Saudi Arabia,marketplace
ORD-101663,2025-07-29 11:14,C00060,SKU-1007,Noise cancelling headset,Audio,1,"Rs 6,900",20,United Arab Emirates,retail
ORD-105993,2026-03-14 20:14,C00438,SKU-1002,Wireless mouse,Peripherals,3,"Rs 2,600",10,pakistan,retail
ORD-102590,2026-05-11 17:14,C00745,SKU-1010,65W GaN charger,Power,1,"Rs 3,900",0,Saudi Arabia,website
ORD-103791,2025-12-22 13:14,C00709,SKU-1007,Noise cancelling headset,Audio,1,"Rs 6,900",0,PK,retail
ORD-103377,2025-10-26 20:14,C00781,SKU-1001,Mechanical keyboard,Peripherals,2,"Rs 9,800",0,United Kingdom,website
ORD-105031,2025-05-11 10:14,C00713,SKU-1007,Noise cancelling headset,Audio,1,"Rs 6,900",0,UK,website
ORD-100649,2025-07-14 18:14,C00016,SKU-1007,Noise cancelling headset,Audio,5,"Rs 6,900",0,PK,retail
ORD-105588,2025-07-10 11:14,C00014,SKU-1005,24 inch monitor,Displays,1,"Rs 32,900",0,UK,marketplace
ORD-103715,2026-05-29 09:14,C00563,SKU-1001,Mechanical keyboard,Peripherals,1,"Rs 9,800",0,UAE,retail
ORD-105931,2025-10-14 12:14,C00864,SKU-1003,USB-C cable 2m,Cables,1,Rs 850,0,Saudi Arabia,website
ORD-105480,2025-07-28 08:14,C00883,SKU-1005,24 inch monitor,Displays,2,"Rs 32,900",0,Pakistan,marketplace
ORD-105338,2025-10-18 11:14,C00888,SKU-1006,Laptop stand,Accessories,1,"Rs 4,200",0,UAE,Website
ORD-101034,2025-11-01 07:14,C00878,SKU-1009,Webcam 1080p,Video,1,"Rs 5,400",0,UK,Website
ORD-100732,2026-03-11 19:14,C00719,SKU-1003,USB-C cable 2m,Cables,2,Rs 850,0,UAE,Website
ORD-100684,2025-06-25 08:14,C00191,SKU-1007,Noise cancelling headset,Audio,2,"Rs 6,900",20,pakistan,Website
ORD-103844,2026-01-13 15:14,C00053,SKU-1009,Webcam 1080p,Video,5,"Rs 5,400",10,United Arab Emirates,retail
ORD-104235,2025-07-01 16:14,C00038,SKU-1007,Noise cancelling headset,Audio,1,"Rs 6,900",0,Saudi Arabia,website
ORD-104319,2026-02-22 20:14,C00479,SKU-1010,65W GaN charger,Power,5,"Rs 3,900",0,PK,Website
ORD-102123,2025-10-20 09:14,C00069,SKU-1002,Wireless mouse,Peripherals,2,"Rs 2,600",5,pakistan,Website
ORD-101881,2026-02-08 20:14,C00289,SKU-1006,Laptop stand,Accessories,1,"Rs 4,200",0,Pakistan,retail
ORD-103624,2026-01-19 08:14,C00125,SKU-1010,65W GaN charger,Power,1,"Rs 3,900",20,PK,website
ORD-102930,2026-08-12 16:14,C00003,SKU-1006,Laptop stand,Accessories,1,"Rs 4,200",0,UAE,website
ORD-101824,2025-05-14 10:14,C00037,SKU-1010,65W GaN charger,Power,1,"Rs 3,900",5,pakistan,marketplace
ORD-104164,2026-09-08 09:14,C00718,SKU-1005,24 inch monitor,Displays,3,"Rs 32,900",0,United Arab Emirates,Website
ORD-100643,2026-07-14 10:14,C00180,SKU-1008,1TB portable SSD,Storage,5,"Rs 13,500",10,United Kingdom,website
ORD-103380,2026-01-20 17:14,C00036,SKU-1005,24 inch monitor,Displays,-3,"Rs 32,900",10,Saudi Arabia,website
ORD-104684,2025-06-13 14:14,C00004,SKU-1004,HDMI cable 1.5m,Cables,2,"Rs 1,300",0,United Arab Emirates,website
ORD-103109,2025-11-22 09:14,C00635,SKU-1001,Mechanical keyboard,Peripherals,1,"Rs 9,800",5,United Arab Emirates,retail
ORD-103919,2025-10-03 09:14,C00047,SKU-1002,Wireless mouse,Peripherals,1,"Rs 2,600",0,UAE,marketplace
ORD-103579,2026-07-02 20:14,C00122,SKU-1009,Webcam 1080p,Video,3,"Rs 5,400",10,United Kingdom,website
ORD-101550,2025-08-18 16:14,C00200,SKU-1002,Wireless mouse,Peripherals,1,"Rs 2,600",5,PK,marketplace
ORD-101597,2025-04-24 20:14,C00048,SKU-1001,Mechanical keyboard,Peripherals,1,"Rs 9,800",5,pakistan,retail
ORD-103357,2026-01-08 10:14,C00335,SKU-1005,24 inch monitor,Displays,1,"Rs 32,900",5,UK,website
ORD-103921,2025-09-05 09:14,C00545,SKU-1007,Noise cancelling headset,Audio,1,"Rs 6,900",0,PK,marketplace
ORD-101717,2026-09-05 09:14,C00033,SKU-1010,65W GaN charger,Power,1,"Rs 3,900",10,United Kingdom,website
ORD-102756,2025-04-27 20:14,C00020,SKU-1004,HDMI cable 1.5m,Cables,3,"Rs 1,300",0,UK,Website
ORD-103667,2025-08-19 10:14,C00034,SKU-1003,USB-C cable 2m,Cables,1,Rs 850,0,PK,retail
ORD-105899,2026-04-27 08:14,C00072,SKU-1007,Noise cancelling headset,Audio,-1,"Rs 6,900",10,PK,website
ORD-105682,2025-07-04 09:14,C00838,SKU-1008,1TB portable SSD,Storage,2,"Rs 13,500",0,United Kingdom,marketplace
ORD-104895,04/04/2025,C00266,SKU-1008,1TB portable SSD,Storage,-1,"Rs 13,500",0,UAE,retail
ORD-102443,2026-01-16 15:14,C00053,SKU-1002,Wireless mouse,Peripherals,1,"Rs 2,600",0,PK,Website
ORD-100839,2026-01-15 07:14,C00458,SKU-1007,Noise cancelling headset,Audio,1,"Rs 6,900",20,pakistan,retail
ORD-101613,2026-04-26 16:14,C00572,SKU-1001,Mechanical keyboard,Peripherals,3,"Rs 9,800",5,UAE,website
ORD-105304,2025-06-21 10:14,C00476,SKU-1006,Laptop stand,Accessories,1,"Rs 4,200",0,PK,website
ORD-105410,2025-11-20 18:14,C00048,SKU-1001,Mechanical keyboard,Peripherals,5,"Rs 9,800",0,UAE,retail
ORD-103869,2026-07-21 08:14,C00643,SKU-1005,24 inch monitor,Displays,1,"Rs 32,900",0,pakistan,website
ORD-100010,2026-08-25 10:14,C00087,SKU-1003,USB-C cable 2m,Cables,1,Rs 850,0,United Arab Emirates,website
ORD-100165,2025-11-12 11:14,C00132,SKU-1009,Webcam 1080p,Video,2,"Rs 5,400",0,United Arab Emirates,retail
ORD-104651,2025-10-26 13:14,C00003,SKU-1004,HDMI cable 1.5m,Cables,3,"Rs 1,300",10,Pakistan,Website
ORD-103643,2025-04-19 17:14,C00558,SKU-1006,Laptop stand,Accessories,3,"Rs 4,200",5,United Kingdom,Website
ORD-105740,2025-03-29 17:14,C00793,SKU-1007,Noise cancelling headset,Audio,1,"Rs 6,900",5,United Arab Emirates,marketplace
ORD-104211,2026-01-13 18:14,C00037,SKU-1008,1TB portable SSD,Storage,2,"Rs 13,500",0,PK,marketplace
ORD-104778,2026-06-25 14:14,C00596,SKU-1007,Noise cancelling headset,Audio,2,"Rs 6,900",0,UAE,website
ORD-104406,2026-03-05 17:14,C00449,SKU-1001,Mechanical keyboard,Peripherals,1,"Rs 9,800",0,United Kingdom,Website
ORD-104608,2025-11-08 09:14,C00102,SKU-1005,24 inch monitor,Displays,1,"Rs 32,900",0,UAE,website
ORD-104571,27/12/2025,C00012,SKU-1007,Noise cancelling headset,Audio,3,"Rs 6,900",10,pakistan,Website
ORD-105318,26/06/2026,C00629,SKU-1007,Noise cancelling headset,Audio,1,"Rs 6,900",5,UK,website
ORD-104975,2026-01-08 20:14,C00025,SKU-1005,24 inch monitor,Displays,1,"Rs 32,900",0,United Arab Emirates,marketplace
ORD-103385,2026-04-20 14:14,C00044,SKU-1002,Wireless mouse,Peripherals,1,"Rs 2,600",5,United Arab Emirates,retail
ORD-104314,2025-05-29 09:14,C00412,SKU-1006,Laptop stand,Accessories,1,"Rs 4,200",0,pakistan,website
ORD-100211,2026-08-10 13:14,C00672,SKU-1005,24 inch monitor,Displays,2,"Rs 32,900",5,pakistan,Website
ORD-102682,2025-10-25 07:14,C00295,SKU-1003,USB-C cable 2m,Cables,3,Rs 850,0,UK,retail
ORD-101666,2026-02-17 17:14,C00532,SKU-1008,1TB portable SSD,Storage,5,"Rs 13,500",0,United Kingdom,retail
ORD-103978,2026-07-25 20:14,C00542,SKU-1004,HDMI cable 1.5m,Cables,3,"Rs 1,300",5,UK,retail
ORD-105683,2025-07-05 17:14,C00008,SKU-1007,Noise cancelling headset,Audio,1,"Rs 6,900",5,Saudi Arabia,retail
ORD-103126,2026-01-27 14:14,C00466,SKU-1010,65W GaN charger,Power,1,"Rs 3,900",0,pakistan,Website
ORD-101555,2025-08-02 17:14,C00241,SKU-1010,65W GaN charger,Power,2,"Rs 3,900",0,Pakistan,retail
ORD-104536,2025-09-06 15:14,C00480,SKU-1010,65W GaN charger,Power,3,"Rs 3,900",0,United Arab Emirates,retail
ORD-104744,2025-06-15 18:14,C00141,SKU-1005,24 inch monitor,Displays,1,"Rs 32,900",0,Pakistan,marketplace
ORD-101594,2026-03-28 18:14,C00102,SKU-1006,Laptop stand,Accessories,1,"Rs 4,200",5,PK,Website
ORD-105108,2025-09-12 07:14,C00024,SKU-1010,65W GaN charger,Power,3,"Rs 3,900",0,Pakistan,retail
ORD-103759,2026-01-25 08:14,C00382,SKU-1008,1TB portable SSD,Storage,1,"Rs 13,500",0,UK,marketplace
ORD-103394,2025-05-25 13:14,C00014,SKU-1008,1TB portable SSD,Storage,1,"Rs 13,500",0,UK,Website
ORD-101353,2026-05-18 09:14,C00340,SKU-1010,65W GaN charger,Power,1,"Rs 3,900",5,Pakistan,website
ORD-101915,2025-08-03 17:14,C00117,SKU-1002,Wireless mouse,Peripherals,1,"Rs 2,600",10,UK,marketplace
ORD-101516,2026-02-27 13:14,C00601,SKU-1006,Laptop stand,Accessories,2,"Rs 4,200",0,PK,retail
ORD-101933,2026-07-07 17:14,C00052,SKU-1003,USB-C cable 2m,Cables,2,Rs 850,0,PK,Website
ORD-105742,2025-11-30 13:14,C00643,SKU-1009,Webcam 1080p,Video,1,"Rs 5,400",0,United Kingdom,retail
ORD-102195,2025-12-18 09:14,C00469,SKU-1005,24 inch monitor,Displays,1,"Rs 32,900",5,UK,retail
ORD-103001,2025-12-31 18:14,C00240,SKU-1002,Wireless mouse,Peripherals,1,"Rs 2,600",0,United Arab Emirates,Website
ORD-102154,2026-06-23 19:14,C00871,SKU-1001,Mechanical keyboard,Peripherals,-1,"Rs 9,800",0,Saudi Arabia,website
ORD-100565,2026-02-12 16:14,C00482,SKU-1009,Webcam 1080p,Video,1,"Rs 5,400",0,United Kingdom,website
ORD-105746,2026-07-31 13:14,C00736,SKU-1002,Wireless mouse,Peripherals,2,"Rs 2,600",0,Pakistan,marketplace
ORD-101082,2026-03-26 15:14,C00019,SKU-1004,HDMI cable 1.5m,Cables,1,"Rs 1,300",0,UAE,website
ORD-100230,2026-03-31 09:14,C00806,SKU-1002,Wireless mouse,Peripherals,1,"Rs 2,600",20,United Arab Emirates,retail
ORD-103788,2025-05-13 13:14,C00512,SKU-1009,Webcam 1080p,Video,1,"Rs 5,400",5,Saudi Arabia,website
ORD-102194,2025-12-28 11:14,C00042,SKU-1009,Webcam 1080p,Video,2,"Rs 5,400",0,Saudi Arabia,website
ORD-104144,2025-04-02 14:14,C00005,SKU-1006,Laptop stand,Accessories,1,"Rs 4,200",5,PK,website
ORD-101019,2025-10-03 11:14,C00206,SKU-1009,Webcam 1080p,Video,3,"Rs 5,400",10,pakistan,Website
ORD-101528,2025-03-25 17:14,C00495,SKU-1004,HDMI cable 1.5m,Cables,3,"Rs 1,300",20,UAE,marketplace
ORD-105052,2025-06-20 09:14,C00040,SKU-1008,1TB portable SSD,Storage,1,"Rs 13,500",0,PK,Website
ORD-100052,2025-07-07 14:14,C00254,SKU-1010,65W GaN charger,Power,1,"Rs 3,900",0,United Arab Emirates,Website
ORD-100598,2025-07-06 09:14,C00476,SKU-1008,1TB portable SSD,Storage,1,"Rs 13,500",0,UAE,website
ORD-101755,2025-08-07 18:14,C00624,SKU-1005,24 inch monitor,Displays,1,"Rs 32,900",0,UK,marketplace
ORD-104904,2026-04-03 11:14,C00298,SKU-1003,USB-C cable 2m,Cables,3,Rs 850,0,Saudi Arabia,website
ORD-102095,2026-07-27 09:14,C00055,SKU-1008,1TB portable SSD,Storage,1,"Rs 13,500",0,UK,marketplace
ORD-103758,2026-08-19 20:14,C00054,SKU-1004,HDMI cable 1.5m,Cables,2,"Rs 1,300",0,Pakistan,website
ORD-103373,2025-08-27 16:14,C00705,SKU-1009,Webcam 1080p,Video,2,"Rs 5,400",0,UAE,marketplace
ORD-100399,2026-01-20 11:14,C00615,SKU-1004,HDMI cable 1.5m,Cables,2,"Rs 1,300",0,PK,Website
ORD-104747,2026-03-23 13:14,C00560,SKU-1003,USB-C cable 2m,Cables,2,Rs 850,0,United Kingdom,marketplace
ORD-102906,2025-05-09 18:14,C00003,SKU-1010,65W GaN charger,Power,1,"Rs 3,900",0,pakistan,Website
ORD-100468,2025-06-12 13:14,C00010,SKU-1008,1TB portable SSD,Storage,2,"Rs 13,500",10,pakistan,website
ORD-101013,2026-05-27 20:14,C00154,SKU-1004,HDMI cable 1.5m,Cables,1,"Rs 1,300",0,UK,website
ORD-103669,25/04/2025,C00568,SKU-1009,Webcam 1080p,Video,1,"Rs 5,400",0,pakistan,Website
ORD-104096,2026-01-26 08:14,C00321,SKU-1005,24 inch monitor,Displays,2,"Rs 32,900",0,pakistan,retail
ORD-100347,2025-10-17 14:14,C00403,SKU-1007,Noise cancelling headset,Audio,1,"Rs 6,900",0,UAE,website
ORD-102328,2025-06-15 08:14,C00848,SKU-1006,Laptop stand,Accessories,1,"Rs 4,200",0,United Arab Emirates,marketplace
ORD-100990,2026-07-18 16:14,C00058,SKU-1010,65W GaN charger,Power,1,"Rs 3,900",0,PK,marketplace
ORD-105787,2026-05-09 19:14,C00480,SKU-1005,24 inch monitor,Displays,1,"Rs 32,900",0,Saudi Arabia,website
ORD-101483,2025-11-13 15:14,C00081,SKU-1009,Webcam 1080p,Video,2,"Rs 5,400",10,UK,retail
ORD-100715,2026-03-06 07:14,C00038,SKU-1008,1TB portable SSD,Storage,1,"Rs 13,500",5,Pakistan,retail
ORD-100009,2025-11-29 18:14,C00223,SKU-1001,Mechanical keyboard,Peripherals,1,"Rs 9,800",0,United Arab Emirates,Website
ORD-102788,2026-07-22 15:14,C00741,SKU-1005,24 inch monitor,Displays,1,"Rs 32,900",5,UK,retail
ORD-101668,2025-10-31 15:14,C00495,SKU-1001,Mechanical keyboard,Peripherals,1,"Rs 9,800",5,UAE,marketplace
ORD-103566,2026-03-05 07:14,C00050,SKU-1010,65W GaN charger,Power,1,"Rs 3,900",5,PK,retail
ORD-103942,2026-04-27 12:14,C00890,SKU-1009,Webcam 1080p,Video,1,"Rs 5,400",20,UK,Website
ORD-100285,2025-08-03 16:14,C00549,SKU-1002,Wireless mouse,Peripherals,1,"Rs 2,600",0,UAE,retail
ORD-102589,2025-10-08 11:14,C00007,SKU-1004,HDMI cable 1.5m,Cables,1,"Rs 1,300",5,Pakistan,retail
ORD-102789,2026-08-06 09:14,C00831,SKU-1009,Webcam 1080p,Video,1,"Rs 5,400",0,Saudi Arabia,website
ORD-100444,2026-02-27 19:14,C00303,SKU-1007,Noise cancelling headset,Audio,1,"Rs 6,900",0,United Arab Emirates,website
ORD-102391,2026-07-25 20:14,C00342,SKU-1004,HDMI cable 1.5m,Cables,3,"Rs 1,300",0,Pakistan,marketplace
ORD-101875,2025-12-14 16:14,C00201,SKU-1009,Webcam 1080p,Video,1,"Rs 5,400",10,Pakistan,retail
ORD-100830,2026-09-07 11:14,C00854,SKU-1005,24 inch monitor,Displays,2,"Rs 32,900",0,PK,retail
ORD-102151,2026-09-09 10:14,C00397,SKU-1004,HDMI cable 1.5m,Cables,1,"Rs 1,300",0,UK,Website
ORD-104195,2025-10-06 09:14,C00453,SKU-1001,Mechanical keyboard,Peripherals,2,"Rs 9,800",0,PK,marketplace
ORD-103964,2026-01-23 11:14,C00729,SKU-1002,Wireless mouse,Peripherals,2,"Rs 2,600",0,United Kingdom,website
ORD-104877,2025-08-09 10:14,C00439,SKU-1008,1TB portable SSD,Storage,2,"Rs 13,500",0,Pakistan,marketplace
ORD-104899,2026-02-21 14:14,C00625,SKU-1005,24 inch monitor,Displays,2,"Rs 32,900",0,UK,marketplace
ORD-102903,2025-08-22 20:14,C00049,SKU-1003,USB-C cable 2m,Cables,1,Rs 850,0,United Kingdom,retail
ORD-102261,2025-04-09 17:14,C00196,SKU-1001,Mechanical keyboard,Peripherals,1,"Rs 9,800",0,pakistan,website
ORD-100495,2026-03-23 08:14,C00013,SKU-1010,65W GaN charger,Power,1,"Rs 3,900",0,PK,marketplace
ORD-102190,2026-08-23 14:14,C00540,SKU-1006,Laptop stand,Accessories,1,"Rs 4,200",0,United Arab Emirates,Website
ORD-100827,2026-01-30 09:14,C00438,SKU-1009,Webcam 1080p,Video,1,"Rs 5,400",10,PK,retail
ORD-103655,2025-09-27 07:14,C00007,SKU-1007,Noise cancelling headset,Audio,1,,0,United Arab Emirates,website
ORD-102209,2026-04-13 10:14,C00237,SKU-1008,1TB portable SSD,Storage,1,"Rs 13,500",0,Saudi Arabia,marketplace
ORD-103714,2026-02-14 13:14,C00886,SKU-1001,Mechanical keyboard,Peripherals,1,"Rs 9,800",0,PK,marketplace
ORD-101020,2025-08-08 16:14,C00788,SKU-1001,Mechanical keyboard,Peripherals,1,"Rs 9,800",0,UAE,Website
ORD-103208,2025-08-01 07:14,C00025,SKU-1009,Webcam 1080p,Video,1,"Rs 5,400",10,UAE,Website
ORD-103088,2026-06-18 20:14,C00259,SKU-1008,1TB portable SSD,Storage,1,"Rs 13,500",0,Saudi Arabia,marketplace
ORD-105233,2026-03-28 13:14,C00814,SKU-1002,Wireless mouse,Peripherals,1,"Rs 2,600",0,United Kingdom,marketplace
ORD-104103,2026-05-09 19:14,C00029,SKU-1004,HDMI cable 1.5m,Cables,1,"Rs 1,300",0,Pakistan,Website
ORD-105315,2025-12-26 10:14,C00361,SKU-1008,1TB portable SSD,Storage,2,"Rs 13,500",0,Saudi Arabia,Website
ORD-103297,2026-02-13 13:14,C00037,SKU-1003,USB-C cable 2m,Cables,1,Rs 850,5,Saudi Arabia,marketplace
ORD-102494,2026-02-09 11:14,C00125,SKU-1007,Noise cancelling headset,Audio,2,"Rs 6,900",5,PK,retail
ORD-103878,2025-05-30 18:14,C00679,SKU-1008,1TB portable SSD,Storage,2,"Rs 13,500",0,Pakistan,website
ORD-102894,2025-10-21 11:14,C00529,SKU-1004,HDMI cable 1.5m,Cables,1,"Rs 1,300",0,Saudi Arabia,retail
ORD-102914,2025-11-25 12:14,C00145,SKU-1004,HDMI cable 1.5m,Cables,1,"Rs 1,300",0,United Kingdom,website
ORD-102627,2025-08-27 13:14,C00060,SKU-1009,Webcam 1080p,Video,1,"Rs 5,400",0,PK,retail
ORD-103545,2026-07-02 15:14,C00090,SKU-1003,USB-C cable 2m,Cables,2,Rs 850,5,United Arab Emirates,retail
ORD-100868,2026-04-02 14:14,C00019,SKU-1006,Laptop stand,Accessories,1,"Rs 4,200",5,Saudi Arabia,website
ORD-103954,2026-03-20 10:14,C00038,SKU-1004,HDMI cable 1.5m,Cables,2,"Rs 1,300",10,pakistan,retail
ORD-102252,2025-10-13 09:14,C00717,SKU-1010,65W GaN charger,Power,2,"Rs 3,900",0,UAE,website
ORD-104998,2025-09-10 09:14,C00281,SKU-1001,Mechanical keyboard,Peripherals,3,"Rs 9,800",0,PK,website
ORD-100580,2025-12-09 19:14,C00447,SKU-1010,65W GaN charger,Power,1,"Rs 3,900",0,Saudi Arabia,Website
ORD-105984,2026-09-12 17:14,C00008,SKU-1005,24 inch monitor,Displays,-1,"Rs 32,900",5,PK,retail
ORD-103184,2025-08-27 16:14,C00827,SKU-1004,HDMI cable 1.5m,Cables,2,"Rs 1,300",20,UAE,website
ORD-100485,2025-05-24 07:14,C00880,SKU-1006,Laptop stand,Accessories,1,"Rs 4,200",0,Pakistan,marketplace
ORD-103048,2026-05-03 20:14,C00270,SKU-1004,HDMI cable 1.5m,Cables,1,"Rs 1,300",0,UAE,Website
ORD-103888,2025-05-29 16:14,C00527,SKU-1009,Webcam 1080p,Video,1,"Rs 5,400",0,UK,retail
ORD-104740,2025-08-06 17:14,C00029,SKU-1010,65W GaN charger,Power,1,"Rs 3,900",0,United Kingdom,marketplace
ORD-102348,2025-10-22 15:14,C00009,SKU-1003,USB-C cable 2m,Cables,2,Rs 850,10,United Arab Emirates,marketplace
ORD-105041,2026-07-06 08:14,C00177,SKU-1003,USB-C cable 2m,Cables,1,Rs 850,5,United Arab Emirates,marketplace
ORD-102010,2026-07-14 08:14,C00491,SKU-1008,1TB portable SSD,Storage,1,"Rs 13,500",0,United Arab Emirates,retail
ORD-102907,2025-03-27 09:14,C00014,SKU-1001,Mechanical keyboard,Peripherals,1,"Rs 9,800",0,PK,marketplace
ORD-103783,2025-03-26 10:14,C00271,SKU-1007,Noise cancelling headset,Audio,1,"Rs 6,900",0,Pakistan,Website
ORD-102714,2025-08-11 15:14,C00851,SKU-1010,65W GaN charger,Power,1,"Rs 3,900",5,UK,marketplace
ORD-101486,09/05/2025,C00493,SKU-1003,USB-C cable 2m,Cables,1,Rs 850,0,United Kingdom,website
ORD-104099,2026-01-24 14:14,C00879,SKU-1001,Mechanical keyboard,Peripherals,2,"Rs 9,800",0,UAE,website
ORD-103980,2025-08-07 15:14,C00732,SKU-1006,Laptop stand,Accessories,1,"Rs 4,200",10,United Arab Emirates,website
ORD-105133,2025-12-31 13:14,C00367,SKU-1002,Wireless mouse,Peripherals,2,"Rs 2,600",0,Saudi Arabia,website
ORD-102406,2025-11-22 10:14,C00629,SKU-1010,65W GaN charger,Power,1,"Rs 3,900",0,pakistan,retail
ORD-102324,2026-04-28 14:14,C00596,SKU-1004,HDMI cable 1.5m,Cables,1,"Rs 1,300",0,UK,Website
ORD-100266,2026-02-21 07:14,C00026,SKU-1006,Laptop stand,Accessories,1,"Rs 4,200",0,UAE,website
ORD-105586,2025-06-26 09:14,C00475,SKU-1008,1TB portable SSD,Storage,1,"Rs 13,500",10,UAE,marketplace
ORD-100749,2026-08-31 13:14,C00234,SKU-1004,HDMI cable 1.5m,Cables,2,"Rs 1,300",10,PK,Website
ORD-100491,2026-04-12 07:14,C00567,SKU-1006,Laptop stand,Accessories,1,"Rs 4,200",5,PK,website
ORD-101893,2025-10-30 20:14,C00099,SKU-1006,Laptop stand,Accessories,1,"Rs 4,200",0,United Kingdom,retail
ORD-104541,19/05/2025,C00661,SKU-1007,Noise cancelling headset,Audio,1,"Rs 6,900",5,Saudi Arabia,website
ORD-104001,2025-05-24 17:14,C00372,SKU-1005,24 inch monitor,Displays,1,"Rs 32,900",0,United Kingdom,marketplace
ORD-102421,2026-07-19 08:14,C00436,SKU-1004,HDMI cable 1.5m,Cables,1,"Rs 1,300",5,Pakistan,retail
ORD-105295,2026-07-06 07:14,C00472,SKU-1009,Webcam 1080p,Video,1,"Rs 5,400",0,United Kingdom,marketplace
ORD-103130,2026-02-04 14:14,C00806,SKU-1003,USB-C cable 2m,Cables,1,Rs 850,10,UK,website
ORD-103188,2025-08-07 20:14,C00724,SKU-1002,Wireless mouse,Peripherals,1,"Rs 2,600",0,PK,website
ORD-105342,2025-05-01 16:14,C00409,SKU-1009,Webcam 1080p,Video,2,"Rs 5,400",0,UK,Website
ORD-105578,2026-04-21 07:14,C00611,SKU-1006,Laptop stand,Accessories,1,"Rs 4,200",0,United Kingdom,retail
ORD-104713,2026-02-03 16:14,C00034,SKU-1005,24 inch monitor,Displays,1,"Rs 32,900",0,Pakistan,website
ORD-105013,2026-04-28 19:14,C00294,SKU-1009,Webcam 1080p,Video,3,"Rs 5,400",0,United Kingdom,marketplace
ORD-101224,2025-09-14 11:14,C00024,SKU-1004,HDMI cable 1.5m,Cables,1,"Rs 1,300",0,UK,website
ORD-101677,2026-07-17 17:14,C00052,SKU-1004,HDMI cable 1.5m,Cables,1,"Rs 1,300",0,United Kingdom,retail
ORD-105822,2025-11-10 11:14,C00015,SKU-1001,Mechanical keyboard,Peripherals,2,"Rs 9,800",0,United Kingdom,retail
ORD-101655,2026-07-11 20:14,C00297,SKU-1005,24 inch monitor,Displays,1,"Rs 32,900",0,United Arab Emirates,website
ORD-105125,2025-10-30 12:14,C00107,SKU-1009,Webcam 1080p,Video,3,"Rs 5,400",0,pakistan,Website
ORD-105919,2026-04-05 07:14,C00286,SKU-1002,Wireless mouse,Peripherals,2,"Rs 2,600",0,PK,marketplace
ORD-104002,2025-08-19 11:14,C00769,SKU-1010,65W GaN charger,Power,1,"Rs 3,900",0,United Arab Emirates,retail
ORD-105040,2026-07-01 13:14,C00128,SKU-1002,Wireless mouse,Peripherals,1,"Rs 2,600",0,UAE,retail
ORD-101525,2026-05-03 09:14,C00063,SKU-1004,HDMI cable 1.5m,Cables,2,"Rs 1,300",5,Saudi Arabia,retail
ORD-102439,2026-07-28 09:14,C00693,SKU-1005,24 inch monitor,Displays,1,"Rs 32,900",0,UK,Website
ORD-102931,2025-12-14 11:14,C00689,SKU-1010,65W GaN charger,Power,2,"Rs 3,900",0,United Arab Emirates,Website
ORD-104613,2026-08-20 20:14,C00219,SKU-1002,Wireless mouse,Peripherals,1,"Rs 2,600",0,Saudi Arabia,Website
ORD-104575,2025-07-05 10:14,C00588,SKU-1002,Wireless mouse,Peripherals,3,"Rs 2,600",5,PK,retail
ORD-100799,10/02/2026,C00250,SKU-1009,Webcam 1080p,Video,3,"Rs 5,400",0,PK,marketplace
ORD-102082,2025-08-30 20:14,C00463,SKU-1005,24 inch monitor,Displays,1,"Rs 32,900",0,United Kingdom,website
ORD-101268,2026-02-28 20:14,C00727,SKU-1004,HDMI cable 1.5m,Cables,1,"Rs 1,300",0,UAE,retail
ORD-104104,2026-07-09 12:14,C00301,SKU-1009,Webcam 1080p,Video,1,"Rs 5,400",5,UK,marketplace
ORD-103598,2025-09-01 13:14,C00033,SKU-1006,Laptop stand,Accessories,1,"Rs 4,200",10,Pakistan,website
ORD-104327,2025-09-18 10:14,C00165,SKU-1007,Noise cancelling headset,Audio,1,"Rs 6,900",5,United Kingdom,retail
ORD-103391,2026-08-19 16:14,C00675,SKU-1002,Wireless mouse,Peripherals,1,"Rs 2,600",10,UAE,website
ORD-100440,2025-06-10 19:14,C00204,SKU-1008,1TB portable SSD,Storage,1,"Rs 13,500",5,pakistan,marketplace
ORD-104621,2025-05-28 10:14,C00542,SKU-1009,Webcam 1080p,Video,1,"Rs 5,400",5,Saudi Arabia,marketplace
ORD-100624,2025-06-26 17:14,C00281,SKU-1007,Noise cancelling headset,Audio,2,"Rs 6,900",5,Saudi Arabia,retail
ORD-105468,2025-07-22 20:14,C00003,SKU-1008,1TB portable SSD,Storage,1,"Rs 13,500",0,United Kingdom,Website
ORD-104190,2026-07-25 07:14,C00033,SKU-1009,Webcam 1080p,Video,2,"Rs 5,400",0,PK,marketplace
ORD-103946,2026-07-21 07:14,C00715,SKU-1003,USB-C cable 2m,Cables,1,Rs 850,0,UK,Website
ORD-105814,2026-03-05 20:14,C00281,SKU-1007,Noise cancelling headset,Audio,1,"Rs 6,900",10,PK,website
ORD-100415,2025-08-03 12:14,C00016,SKU-1010,65W GaN charger,Power,1,"Rs 3,900",20,UAE,website
ORD-100209,2025-04-18 09:14,C00013,SKU-1009,Webcam 1080p,Video,1,"Rs 5,400",0,UAE,website
ORD-101199,2025-07-21 18:14,C00258,SKU-1010,65W GaN charger,Power,1,"Rs 3,900",0,pakistan,Website
ORD-101504,14/03/2026,C00325,SKU-1003,USB-C cable 2m,Cables,1,Rs 850,0,United Kingdom,retail
ORD-104005,2026-01-02 18:14,C00103,SKU-1004,HDMI cable 1.5m,Cables,5,"Rs 1,300",0,UAE,Website
ORD-104377,2026-03-07 12:14,C00193,SKU-1005,24 inch monitor,Displays,1,"Rs 32,900",0,United Kingdom,retail
ORD-101130,2026-03-18 11:14,C00167,SKU-1002,Wireless mouse,Peripherals,1,"Rs 2,600",0,UAE,Website
ORD-103851,2026-02-07 11:14,C00012,SKU-1004,HDMI cable 1.5m,Cables,3,"Rs 1,300",0,United Arab Emirates,retail
ORD-102437,2025-07-15 08:14,C00807,SKU-1002,Wireless mouse,Peripherals,1,"Rs 2,600",0,UAE,website
ORD-102299,2026-09-05 11:14,C00044,SKU-1009,Webcam 1080p,Video,-1,"Rs 5,400",0,United Arab Emirates,website
ORD-101157,2026-01-31 11:14,C00608,SKU-1010,65W GaN charger,Power,2,"Rs 3,900",0,Pakistan,website
ORD-102938,03/11/2025,C00774,SKU-1004,HDMI cable 1.5m,Cables,1,"Rs 1,300",0,UK,marketplace
ORD-105927,2026-08-08 13:14,C00057,SKU-1009,Webcam 1080p,Video,1,"Rs 5,400",5,United Arab Emirates,marketplace
ORD-100520,03/07/2026,C00830,SKU-1008,1TB portable SSD,Storage,2,"Rs 13,500",0,UK,marketplace
ORD-101351,2025-05-23 18:14,C00596,SKU-1006,Laptop stand,Accessories,1,"Rs 4,200",5,United Arab Emirates,Website
ORD-101036,2026-05-26 19:14,C00095,SKU-1006,Laptop stand,Accessories,1,"Rs 4,200",0,United Kingdom,website
ORD-104764,2025-08-01 17:14,C00031,SKU-1001,Mechanical keyboard,Peripherals,2,"Rs 9,800",0,United Kingdom,Website
ORD-104113,2026-06-23 19:14,C00723,SKU-1007,Noise cancelling headset,Audio,5,"Rs 6,900",0,United Kingdom,retail
ORD-102924,2026-04-12 08:14,C00055,SKU-1006,Laptop stand,Accessories,1,"Rs 4,200",0,UK,marketplace
ORD-105075,2025-05-27 14:14,C00043,SKU-1006,Laptop stand,Accessories,2,"Rs 4,200",20,United Arab Emirates,website
ORD-103061,22/08/2026,C00123,SKU-1003,USB-C cable 2m,Cables,2,Rs 850,0,Saudi Arabia,website
ORD-102769,2025-06-27 14:14,C00006,SKU-1004,HDMI cable 1.5m,Cables,2,"Rs 1,300",0,UK,website
ORD-104849,2026-04-15 18:14,C00510,SKU-1004,HDMI cable 1.5m,Cables,1,"Rs 1,300",0,UAE,marketplace
ORD-105358,2025-05-12 14:14,C00024,SKU-1007,Noise cancelling headset,Audio,1,"Rs 6,900",0,Saudi Arabia,retail
ORD-103288,2026-03-14 11:14,C00051,SKU-1007,Noise cancelling headset,Audio,1,"Rs 6,900",0,PK,Website
ORD-100957,2026-04-10 14:14,C00259,SKU-1003,USB-C cable 2m,Cables,2,Rs 850,10,pakistan,website
ORD-105733,2025-07-01 09:14,C00894,SKU-1006,Laptop stand,Accessories,1,"Rs 4,200",5,United Arab Emirates,retail
ORD-103494,2025-05-18 13:14,C00042,SKU-1004,HDMI cable 1.5m,Cables,1,"Rs 1,300",0,United Kingdom,website
ORD-101445,2026-03-02 18:14,C00058,SKU-1009,Webcam 1080p,Video,1,"Rs 5,400",0,pakistan,retail
ORD-102133,2025-07-25 15:14,C00041,SKU-1002,Wireless mouse,Peripherals,1,"Rs 2,600",0,Pakistan,marketplace
ORD-100912,2025-09-11 20:14,C00214,SKU-1003,USB-C cable 2m,Cables,2,Rs 850,0,UK,retail
ORD-102514,2026-07-23 14:14,C00723,SKU-1004,HDMI cable 1.5m,Cables,2,"Rs 1,300",0,Pakistan,Website
ORD-101963,2025-04-22 19:14,C00017,SKU-1003,USB-C cable 2m,Cables,1,Rs 850,10,United Kingdom,marketplace
ORD-100417,2026-07-26 20:14,C00020,SKU-1006,Laptop stand,Accessories,1,"Rs 4,200",5,pakistan,marketplace
ORD-100412,2026-03-09 08:14,C00541,SKU-1006,Laptop stand,Accessories,1,"Rs 4,200",10,United Arab Emirates,website
ORD-100196,2025-12-04 12:14,C00710,SKU-1006,Laptop stand,Accessories,1,"Rs 4,200",0,PK,Website
ORD-105978,2025-05-13 13:14,C00841,SKU-1008,1TB portable SSD,Storage,2,"Rs 13,500",0,Pakistan,marketplace
ORD-100284,2025-12-15 14:14,C00046,SKU-1001,Mechanical keyboard,Peripherals,1,"Rs 9,800",0,UK,marketplace
ORD-103920,26/09/2025,C00024,SKU-1009,Webcam 1080p,Video,1,"Rs 5,400",0,Pakistan,marketplace
ORD-105231,2026-04-28 07:14,C00690,SKU-1006,Laptop stand,Accessories,3,"Rs 4,200",5,pakistan,Website
ORD-101568,2026-01-26 09:14,C00044,SKU-1003,USB-C cable 2m,Cables,2,Rs 850,0,UK,website
ORD-105265,2025-06-08 15:14,C00039,SKU-1004,HDMI cable 1.5m,Cables,2,"Rs 1,300",0,UAE,marketplace
ORD-102732,2026-08-20 11:14,C00386,SKU-1007,Noise cancelling headset,Audio,1,"Rs 6,900",0,PK,website
ORD-103571,2025-04-04 15:14,C00079,SKU-1002,Wireless mouse,Peripherals,1,"Rs 2,600",0,PK,retail
ORD-105807,2026-06-04 12:14,C00407,SKU-1010,65W GaN charger,Power,1,"Rs 3,900",5,UK,marketplace
ORD-101803,2025-08-13 18:14,C00885,SKU-1008,1TB portable SSD,Storage,-2,"Rs 13,500",0,UK,retail
ORD-100359,2026-05-10 09:14,C00681,SKU-1005,24 inch monitor,Displays,1,"Rs 32,900",0,United Arab Emirates,marketplace
ORD-104670,2025-11-26 10:14,C00416,SKU-1010,65W GaN charger,Power,1,"Rs 3,900",10,UK,marketplace
ORD-100693,2025-11-14 08:14,C00198,SKU-1010,65W GaN charger,Power,1,"Rs 3,900",0,UAE,Website
ORD-102752,2026-08-05 18:14,C00036,SKU-1001,Mechanical keyboard,Peripherals,5,"Rs 9,800",0,Saudi Arabia,retail
ORD-103773,2025-10-02 20:14,C00371,SKU-1001,Mechanical keyboard,Peripherals,1,"Rs 9,800",0,pakistan,Website
ORD-100112,2026-08-22 11:14,C00130,SKU-1001,Mechanical keyboard,Peripherals,2,"Rs 9,800",10,pakistan,Website
ORD-100414,22/07/2026,C00781,SKU-1005,24 inch monitor,Displays,1,"Rs 32,900",0,UAE,website
ORD-105310,2026-04-23 18:14,C00153,SKU-1004,HDMI cable 1.5m,Cables,1,"Rs 1,300",0,United Kingdom,marketplace
ORD-100338,2026-08-16 11:14,C00896,SKU-1010,65W GaN charger,Power,1,"Rs 3,900",0,United Arab Emirates,marketplace
ORD-102534,28/08/2025,C00240,SKU-1007,Noise cancelling headset,Audio,1,"Rs 6,900",0,UK,Website
ORD-105172,2025-10-26 07:14,C00042,SKU-1001,Mechanical keyboard,Peripherals,1,"Rs 9,800",0,United Arab Emirates,marketplace
ORD-103100,2026-08-09 12:14,C00380,SKU-1009,Webcam 1080p,Video,3,"Rs 5,400",0,United Kingdom,retail
ORD-101089,2026-04-17 16:14,C00592,SKU-1001,Mechanical keyboard,Peripherals,1,"Rs 9,800",0,United Arab Emirates,marketplace
ORD-102922,2026-03-25 19:14,C00003,SKU-1002,Wireless mouse,Peripherals,1,"Rs 2,600",0,Pakistan,Website
ORD-100793,2026-04-23 09:14,C00643,SKU-1006,Laptop stand,Accessories,-1,"Rs 4,200",0,pakistan,retail
ORD-103393,2026-03-07 17:14,C00210,SKU-1009,Webcam 1080p,Video,1,"Rs 5,400",0,Saudi Arabia,website
ORD-102891,2025-08-31 12:14,C00333,SKU-1008,1TB portable SSD,Storage,2,"Rs 13,500",0,UK,Website
ORD-100927,2026-08-26 20:14,C00883,SKU-1001,Mechanical keyboard,Peripherals,1,"Rs 9,800",0,Saudi Arabia,Website
ORD-101895,2026-03-18 12:14,C00287,SKU-1007,Noise cancelling headset,Audio,1,"Rs 6,900",0,UK,website
ORD-105474,2025-03-23 10:14,C00002,SKU-1004,HDMI cable 1.5m,Cables,1,"Rs 1,300",10,UK,marketplace
ORD-104255,2026-03-11 10:14,C00281,SKU-1002,Wireless mouse,Peripherals,1,"Rs 2,600",0,PK,website
ORD-105980,2025-08-13 14:14,C00765,SKU-1009,Webcam 1080p,Video,2,"Rs 5,400",0,Pakistan,marketplace
ORD-102234,2026-08-01 15:14,C00861,SKU-1005,24 inch monitor,Displays,2,"Rs 32,900",0,Pakistan,retail
ORD-104340,2025-05-18 20:14,C00064,SKU-1009,Webcam 1080p,Video,1,"Rs 5,400",0,United Kingdom,Website
ORD-103439,2025-05-18 20:14,C00531,SKU-1001,Mechanical keyboard,Peripherals,2,"Rs 9,800",0,Saudi Arabia,retail
ORD-105195,2025-07-22 11:14,C00335,SKU-1004,HDMI cable 1.5m,Cables,1,"Rs 1,300",0,United Arab Emirates,retail
ORD-102205,2026-08-21 18:14,C00022,SKU-1009,Webcam 1080p,Video,1,"Rs 5,400",5,PK,marketplace
ORD-104071,2025-06-29 20:14,C00686,SKU-1006,Laptop stand,Accessories,1,"Rs 4,200",0,Pakistan,Website
ORD-103795,14/06/2025,C00046,SKU-1004,HDMI cable 1.5m,Cables,1,"Rs 1,300",0,Pakistan,Website
ORD-105413,2025-07-25 19:14,C00187,SKU-1008,1TB portable SSD,Storage,1,"Rs 13,500",5,PK,website
ORD-101083,2026-09-01 18:14,C00032,SKU-1007,Noise cancelling headset,Audio,1,"Rs 6,900",0,PK,marketplace
ORD-102825,2025-06-12 20:14,C00553,SKU-1004,HDMI cable 1.5m,Cables,2,"Rs 1,300",0,UK,retail
ORD-102021,2025-11-14 20:14,C00597,SKU-1005,24 inch monitor,Displays,5,"Rs 32,900",0,Saudi Arabia,marketplace
ORD-102230,2025-06-17 08:14,C00858,SKU-1007,Noise cancelling headset,Audio,2,"Rs 6,900",0,pakistan,marketplace
ORD-102901,2026-03-10 16:14,C00276,SKU-1001,Mechanical keyboard,Peripherals,3,"Rs 9,800",10,Pakistan,website
ORD-104941,2025-07-14 16:14,C00006,SKU-1005,24 inch monitor,Displays,1,"Rs 32,900",10,pakistan,website
ORD-104784,2025-03-31 12:14,C00038,SKU-1003,USB-C cable 2m,Cables,1,Rs 850,0,Pakistan,website
ORD-105640,2026-07-06 19:14,C00113,SKU-1005,24 inch monitor,Displays,1,"Rs 32,900",0,pakistan,marketplace
ORD-104038,2025-08-31 17:14,C00262,SKU-1007,Noise cancelling headset,Audio,1,"Rs 6,900",0,United Kingdom,marketplace
ORD-101252,2025-09-10 07:14,C00006,SKU-1006,Laptop stand,Accessories,1,"Rs 4,200",0,UAE,website
ORD-101773,2026-05-01 20:14,C00051,SKU-1002,Wireless mouse,Peripherals,1,"Rs 2,600",0,Saudi Arabia,website
ORD-100273,2026-08-10 14:14,C00092,SKU-1007,Noise cancelling headset,Audio,1,"Rs 6,900",5,pakistan,marketplace
ORD-100182,2025-11-22 15:14,C00641,SKU-1006,Laptop stand,Accessories,3,"Rs 4,200",0,UAE,retail
ORD-104534,2026-06-20 19:14,C00743,SKU-1006,Laptop stand,Accessories,1,"Rs 4,200",0,United Arab Emirates,Website
ORD-105171,2026-01-28 07:14,C00022,SKU-1007,Noise cancelling headset,Audio,1,"Rs 6,900",10,Saudi Arabia,Website
ORD-104558,2025-10-11 07:14,C00710,SKU-1004,HDMI cable 1.5m,Cables,2,"Rs 1,300",5,Saudi Arabia,retail
ORD-103523,2026-03-18 18:14,C00265,SKU-1003,USB-C cable 2m,Cables,1,Rs 850,5,United Kingdom,retail
ORD-102137,2026-05-18 07:14,C00633,SKU-1003,USB-C cable 2m,Cables,3,Rs 850,10,pakistan,retail
ORD-103296,2025-12-28 11:14,C00354,SKU-1005,24 inch monitor,Displays,1,"Rs 32,900",0,UK,website
ORD-105971,24/12/2025,C00652,SKU-1002,Wireless mouse,Peripherals,1,"Rs 2,600",5,Saudi Arabia,Website
ORD-104146,2026-08-09 20:14,C00422,SKU-1004,HDMI cable 1.5m,Cables,2,"Rs 1,300",0,United Kingdom,retail
ORD-103771,2025-11-17 13:14,C00083,SKU-1008,1TB portable SSD,Storage,1,"Rs 13,500",0,UAE,Website
ORD-104949,2026-03-19 19:14,C00026,SKU-1003,USB-C cable 2m,Cables,1,,0,Pakistan,website
ORD-102724,29/06/2025,C00002,SKU-1008,1TB portable SSD,Storage,1,"Rs 13,500",5,pakistan,marketplace
ORD-103438,2026-05-11 13:14,C00195,SKU-1007,Noise cancelling headset,Audio,1,"Rs 6,900",5,UK,Website
ORD-104630,2025-07-01 11:14,C00444,SKU-1009,Webcam 1080p,Video,1,"Rs 5,400",0,Pakistan,marketplace
ORD-101854,2026-02-16 10:14,C00026,SKU-1001,Mechanical keyboard,Peripherals,1,"Rs 9,800",0,pakistan,retail
ORD-104330,12/08/2026,C00034,SKU-1007,Noise cancelling headset,Audio,2,"Rs 6,900",0,Pakistan,marketplace
ORD-101513,2025-11-01 17:14,C00447,SKU-1007,Noise cancelling headset,Audio,2,"Rs 6,900",5,United Kingdom,marketplace
ORD-104776,2025-09-24 10:14,C00014,SKU-1006,Laptop stand,Accessories,3,"Rs 4,200",0,United Arab Emirates,marketplace
ORD-100581,2025-05-31 16:14,C00030,SKU-1010,65W GaN charger,Power,2,"Rs 3,900",0,pakistan,retail
ORD-102449,2025-05-04 09:14,C00256,SKU-1001,Mechanical keyboard,Peripherals,1,"Rs 9,800",20,PK,retail
ORD-100698,2026-03-25 07:14,C00046,SKU-1009,Webcam 1080p,Video,1,"Rs 5,400",20,pakistan,Website
ORD-101761,2025-05-05 07:14,C00835,SKU-1008,1TB portable SSD,Storage,1,"Rs 13,500",0,United Arab Emirates,marketplace
ORD-100438,2025-12-11 09:14,C00057,SKU-1010,65W GaN charger,Power,1,"Rs 3,900",0,PK,website
ORD-100527,2025-12-16 19:14,C00057,SKU-1004,HDMI cable 1.5m,Cables,2,"Rs 1,300",20,Pakistan,retail
ORD-104724,2025-08-08 15:14,C00060,SKU-1005,24 inch monitor,Displays,1,"Rs 32,900",0,pakistan,retail
ORD-103440,2026-05-28 11:14,C00613,SKU-1007,Noise cancelling headset,Audio,1,"Rs 6,900",20,PK,marketplace
ORD-100717,2026-03-22 13:14,C00012,SKU-1007,Noise cancelling headset,Audio,1,"Rs 6,900",0,UK,Website
ORD-101463,2026-06-09 11:14,C00563,SKU-1002,Wireless mouse,Peripherals,1,"Rs 2,600",0,UAE,retail
ORD-104834,2026-04-10 12:14,C00033,SKU-1001,Mechanical keyboard,Peripherals,1,"Rs 9,800",10,pakistan,marketplace
ORD-102687,2025-10-26 17:14,C00051,SKU-1006,Laptop stand,Accessories,1,"Rs 4,200",0,pakistan,Website
ORD-100238,2026-08-08 16:14,C00732,SKU-1002,Wireless mouse,Peripherals,1,"Rs 2,600",0,pakistan,Website
ORD-104449,2026-08-16 19:14,C00250,SKU-1003,USB-C cable 2m,Cables,1,Rs 850,0,United Kingdom,marketplace
ORD-101359,2025-07-07 20:14,C00707,SKU-1006,Laptop stand,Accessories,3,"Rs 4,200",0,Pakistan,website
ORD-105786,2026-07-20 07:14,C00029,SKU-1003,USB-C cable 2m,Cables,1,Rs 850,0,Saudi Arabia,website
ORD-102371,2025-05-09 16:14,C00058,SKU-1007,Noise cancelling headset,Audio,1,"Rs 6,900",0,pakistan,Website
ORD-101878,2025-08-09 12:14,C00774,SKU-1001,Mechanical keyboard,Peripherals,1,"Rs 9,800",0,United Kingdom,website
ORD-104865,2026-07-09 11:14,C00012,SKU-1009,Webcam 1080p,Video,3,"Rs 5,400",5,United Kingdom,Website
ORD-103817,2025-04-12 17:14,C00038,SKU-1010,65W GaN charger,Power,2,"Rs 3,900",0,United Kingdom,Website
ORD-100227,2026-09-03 19:14,C00288,SKU-1006,Laptop stand,Accessories,-1,"Rs 4,200",10,United Arab Emirates,Website
ORD-102256,2026-06-04 19:14,C00272,SKU-1004,HDMI cable 1.5m,Cables,1,"Rs 1,300",0,UK,website
ORD-101020,2025-08-08 16:14,C00788,SKU-1001,Mechanical keyboard,Peripherals,1,"Rs 9,800",0,UAE,Website
ORD-104475,2026-07-29 13:14,C00045,SKU-1005,24 inch monitor,Displays,5,"Rs 32,900",0,United Kingdom,website
ORD-101582,2026-05-29 15:14,C00280,SKU-1009,Webcam 1080p,Video,1,"Rs 5,400",5,UK,retail
ORD-103587,2025-08-20 08:14,C00011,SKU-1001,Mechanical keyboard,Peripherals,1,"Rs 9,800",20,UAE,Website
ORD-103952,2025-07-28 07:14,C00160,SKU-1003,USB-C cable 2m,Cables,1,Rs 850,20,pakistan,website
ORD-101975,2025-11-08 19:14,C00624,SKU-1010,65W GaN charger,Power,-2,"Rs 3,900",5,pakistan,marketplace
ORD-104843,2026-06-27 16:14,C00212,SKU-1003,USB-C cable 2m,Cables,1,Rs 850,0,Pakistan,marketplace
ORD-101771,2026-06-01 09:14,C00792,SKU-1005,24 inch monitor,Displays,1,"Rs 32,900",0,United Arab Emirates,website
ORD-103738,2025-07-27 08:14,C00660,SKU-1005,24 inch monitor,Displays,1,"Rs 32,900",5,pakistan,Website
ORD-105528,2026-03-04 18:14,C00054,SKU-1001,Mechanical keyboard,Peripherals,2,"Rs 9,800",0,UAE,retail
ORD-102398,2025-11-04 09:14,C00154,SKU-1010,65W GaN charger,Power,2,"Rs 3,900",0,Saudi Arabia,Website
ORD-103320,2026-02-26 15:14,C00038,SKU-1009,Webcam 1080p,Video,1,"Rs 5,400",5,UK,Website
ORD-103627,2025-03-27 15:14,C00009,SKU-1002,Wireless mouse,Peripherals,1,"Rs 2,600",0,United Kingdom,website
ORD-100051,2025-10-06 09:14,C00047,SKU-1004,HDMI cable 1.5m,Cables,1,"Rs 1,300",5,United Arab Emirates,Website
ORD-100507,2026-03-21 07:14,C00040,SKU-1004,HDMI cable 1.5m,Cables,3,"Rs 1,300",10,United Arab Emirates,website
ORD-103108,2025-09-23 20:14,C00016,SKU-1006,Laptop stand,Accessories,3,"Rs 4,200",20,Saudi Arabia,marketplace
ORD-103681,2026-03-17 12:14,C00734,SKU-1010,65W GaN charger,Power,1,"Rs 3,900",0,Pakistan,website
ORD-103150,2025-12-14 17:14,C00668,SKU-1004,HDMI cable 1.5m,Cables,-1,"Rs 1,300",0,UAE,Website
ORD-103085,2025-05-04 17:14,C00005,SKU-1004,HDMI cable 1.5m,Cables,-1,"Rs 1,300",0,PK,marketplace
ORD-101699,2026-03-24 09:14,C00041,SKU-1004,HDMI cable 1.5m,Cables,1,"Rs 1,300",5,pakistan,retail
ORD-105178,2026-05-02 15:14,C00682,SKU-1004,HDMI cable 1.5m,Cables,1,"Rs 1,300",20,UK,marketplace
ORD-102623,2025-06-28 16:14,C00085,SKU-1004,HDMI cable 1.5m,Cables,1,"Rs 1,300",0,Pakistan,Website
ORD-104329,2025-08-20 13:14,C00245,SKU-1002,Wireless mouse,Peripherals,1,"Rs 2,600",0,United Kingdom,retail
ORD-105296,2025-08-08 08:14,C00034,SKU-1001,Mechanical keyboard,Peripherals,1,"Rs 9,800",5,United Kingdom,marketplace
ORD-101285,2026-01-19 10:14,C00170,SKU-1001,Mechanical keyboard,Peripherals,1,"Rs 9,800",0,PK,Website
ORD-105532,2025-08-21 12:14,C00799,SKU-1006,Laptop stand,Accessories,1,"Rs 4,200",20,Saudi Arabia,marketplace
ORD-100478,2026-04-28 07:14,C00224,SKU-1009,Webcam 1080p,Video,2,"Rs 5,400",10,Saudi Arabia,marketplace
ORD-103989,2025-09-12 19:14,C00043,SKU-1010,65W GaN charger,Power,1,"Rs 3,900",5,pakistan,retail
ORD-101801,2025-05-21 10:14,C00646,SKU-1007,Noise cancelling headset,Audio,1,"Rs 6,900",5,UK,Website
ORD-102241,2026-02-12 18:14,C00532,SKU-1010,65W GaN charger,Power,2,"Rs 3,900",0,pakistan,marketplace
ORD-103456,2025-08-31 17:14,C00023,SKU-1010,65W GaN charger,Power,3,"Rs 3,900",0,United Kingdom,marketplace
ORD-102452,2025-10-01 12:14,C00031,SKU-1007,Noise cancelling headset,Audio,2,"Rs 6,900",0,United Kingdom,marketplace
ORD-101614,2025-04-28 18:14,C00023,SKU-1001,Mechanical keyboard,Peripherals,1,,5,Saudi Arabia,website
ORD-104979,2025-06-01 07:14,C00053,SKU-1002,Wireless mouse,Peripherals,1,"Rs 2,600",0,UK,website
ORD-103741,2026-04-27 10:14,C00004,SKU-1009,Webcam 1080p,Video,1,"Rs 5,400",0,UK,retail
ORD-103704,2026-08-16 17:14,C00039,SKU-1004,HDMI cable 1.5m,Cables,2,"Rs 1,300",0,UAE,retail
ORD-101825,2026-05-08 19:14,C00051,SKU-1004,HDMI cable 1.5m,Cables,1,"Rs 1,300",5,United Kingdom,Website
ORD-104352,2026-05-05 07:14,C00530,SKU-1004,HDMI cable 1.5m,Cables,1,"Rs 1,300",10,United Kingdom,Website
ORD-102942,2026-01-29 11:14,C00050,SKU-1005,24 inch monitor,Displays,3,"Rs 32,900",0,Pakistan,marketplace
ORD-101584,2026-02-13 11:14,C00255,SKU-1007,Noise cancelling headset,Audio,1,"Rs 6,900",0,United Kingdom,retail
ORD-104234,2026-01-13 11:14,C00860,SKU-1004,HDMI cable 1.5m,Cables,1,"Rs 1,300",0,PK,retail
ORD-102539,2026-02-24 11:14,C00057,SKU-1006,Laptop stand,Accessories,1,"Rs 4,200",0,UAE,website
ORD-105667,2026-08-12 10:14,C00765,SKU-1008,1TB portable SSD,Storage,3,"Rs 13,500",0,UAE,retail
ORD-103903,2025-09-23 12:14,C00701,SKU-1010,65W GaN charger,Power,2,"Rs 3,900",10,Pakistan,Website
ORD-104674,2025-06-19 08:14,C00036,SKU-1005,24 inch monitor,Displays,3,"Rs 32,900",0,PK,retail
ORD-102754,2025-07-29 09:14,C00290,SKU-1010,65W GaN charger,Power,1,"Rs 3,900",5,pakistan,marketplace
ORD-103761,2026-08-01 13:14,C00027,SKU-1003,USB-C cable 2m,Cables,1,Rs 850,0,United Kingdom,website
ORD-104302,2025-08-24 19:14,C00075,SKU-1001,Mechanical keyboard,Peripherals,1,"Rs 9,800",5,United Arab Emirates,website
ORD-103711,2026-09-12 14:14,C00824,SKU-1003,USB-C cable 2m,Cables,1,Rs 850,0,United Kingdom,retail
ORD-104944,2026-05-17 07:14,C00211,SKU-1010,65W GaN charger,Power,1,"Rs 3,900",10,UK,website
ORD-101287,2026-03-29 14:14,C00763,SKU-1001,Mechanical keyboard,Peripherals,1,"Rs 9,800",0,pakistan,website
ORD-100000,2026-06-28 20:14,C00611,SKU-1009,Webcam 1080p,Video,-2,"Rs 5,400",0,United Arab Emirates,marketplace
ORD-103317,2026-03-31 20:14,C00293,SKU-1006,Laptop stand,Accessories,2,"Rs 4,200",5,United Kingdom,Website
ORD-102009,2026-01-17 11:14,C00060,SKU-1009,Webcam 1080p,Video,1,"Rs 5,400",0,Pakistan,marketplace
ORD-101784,2026-06-21 13:14,C00022,SKU-1004,HDMI cable 1.5m,Cables,1,"Rs 1,300",0,UAE,marketplace
ORD-102297,2026-07-08 15:14,C00019,SKU-1001,Mechanical keyboard,Peripherals,1,"Rs 9,800",0,pakistan,Website
ORD-103541,2025-11-24 08:14,C00490,SKU-1004,HDMI cable 1.5m,Cables,1,"Rs 1,300",0,UAE,retail
ORD-100889,2026-02-28 14:14,C00004,SKU-1008,1TB portable SSD,Storage,1,"Rs 13,500",0,Saudi Arabia,marketplace
ORD-103180,2026-03-22 15:14,C00011,SKU-1003,USB-C cable 2m,Cables,5,Rs 850,10,PK,Website
ORD-103498,2026-01-11 18:14,C00503,SKU-1001,Mechanical keyboard,Peripherals,1,"Rs 9,800",0,United Kingdom,website
ORD-102753,2025-09-11 07:14,C00817,SKU-1002,Wireless mouse,Peripherals,1,"Rs 2,600",5,pakistan,website
ORD-100979,2025-05-22 15:14,C00339,SKU-1008,1TB portable SSD,Storage,1,"Rs 13,500",0,Pakistan,marketplace
ORD-102331,2025-12-19 20:14,C00675,SKU-1006,Laptop stand,Accessories,-1,"Rs 4,200",0,Saudi Arabia,Website
ORD-102361,2025-08-13 17:14,C00598,SKU-1005,24 inch monitor,Displays,1,"Rs 32,900",0,United Kingdom,marketplace
ORD-102644,2026-03-14 10:14,C00036,SKU-1002,Wireless mouse,Peripherals,1,"Rs 2,600",0,Saudi Arabia,retail
ORD-101763,28/03/2025,C00524,SKU-1009,Webcam 1080p,Video,2,"Rs 5,400",0,Saudi Arabia,marketplace
ORD-104155,2025-11-07 12:14,C00656,SKU-1006,Laptop stand,Accessories,1,"Rs 4,200",10,pakistan,Website
ORD-104061,2026-01-31 19:14,C00726,SKU-1004,HDMI cable 1.5m,Cables,1,"Rs 1,300",0,UK,Website
ORD-105465,2026-05-01 17:14,C00476,SKU-1009,Webcam 1080p,Video,1,"Rs 5,400",0,UK,marketplace
ORD-104143,2026-08-08 14:14,C00053,SKU-1009,Webcam 1080p,Video,2,"Rs 5,400",0,United Arab Emirates,retail
ORD-100367,2026-02-16 07:14,C00879,SKU-1010,65W GaN charger,Power,1,"Rs 3,900",0,UK,website
ORD-102162,2026-05-06 08:14,C00050,SKU-1001,Mechanical keyboard,Peripherals,1,"Rs 9,800",0,UK,website
ORD-103034,2026-08-25 11:14,C00282,SKU-1004,HDMI cable 1.5m,Cables,1,"Rs 1,300",0,UAE,Website
ORD-103017,2025-10-07 11:14,C00150,SKU-1010,65W GaN charger,Power,1,"Rs 3,900",0,United Kingdom,marketplace
ORD-105406,18/11/2025,C00879,SKU-1004,HDMI cable 1.5m,Cables,1,"Rs 1,300",0,pakistan,retail
ORD-102982,2026-06-10 19:14,C00057,SKU-1002,Wireless mouse,Peripherals,5,"Rs 2,600",0,PK,website
ORD-104448,2026-01-13 08:14,C00271,SKU-1001,Mechanical keyboard,Peripherals,1,"Rs 9,800",0,Saudi Arabia,Website
ORD-104854,2025-07-19 17:14,C00754,SKU-1008,1TB portable SSD,Storage,3,"Rs 13,500",0,Pakistan,website
ORD-100978,2026-01-24 12:14,C00298,SKU-1005,24 inch monitor,Displays,2,"Rs 32,900",0,United Kingdom,marketplace
ORD-104348,2026-07-23 17:14,C00120,SKU-1003,USB-C cable 2m,Cables,2,Rs 850,10,UAE,Website
ORD-103750,2026-02-09 07:14,C00022,SKU-1004,HDMI cable 1.5m,Cables,1,"Rs 1,300",0,United Arab Emirates,Website
ORD-104187,2025-11-08 08:14,C00022,SKU-1007,Noise cancelling headset,Audio,1,"Rs 6,900",5,UK,website
ORD-104817,2026-07-18 19:14,C00115,SKU-1008,1TB portable SSD,Storage,1,"Rs 13,500",0,UAE,marketplace
ORD-105624,2025-11-29 19:14,C00238,SKU-1005,24 inch monitor,Displays,1,"Rs 32,900",0,Saudi Arabia,Website
ORD-101265,05/09/2026,C00018,SKU-1001,Mechanical keyboard,Peripherals,1,"Rs 9,800",0,UAE,website
ORD-102782,2026-09-09 15:14,C00181,SKU-1010,65W GaN charger,Power,5,"Rs 3,900",0,PK,website
ORD-102859,2025-09-25 10:14,C00310,SKU-1004,HDMI cable 1.5m,Cables,1,"Rs 1,300",0,Saudi Arabia,website
ORD-101749,2025-12-24 07:14,C00055,SKU-1004,HDMI cable 1.5m,Cables,1,"Rs 1,300",0,Pakistan,website
ORD-104555,2025-10-01 11:14,C00025,SKU-1002,Wireless mouse,Peripherals,1,"Rs 2,600",0,United Kingdom,Website
ORD-104726,06/03/2026,C00617,SKU-1010,65W GaN charger,Power,1,"Rs 3,900",0,pakistan,website
ORD-103532,2026-06-13 07:14,C00238,SKU-1002,Wireless mouse,Peripherals,2,"Rs 2,600",0,Pakistan,retail
ORD-100849,2025-11-01 15:14,C00234,SKU-1010,65W GaN charger,Power,5,"Rs 3,900",0,UAE,website
ORD-104479,2026-07-11 12:14,C00182,SKU-1005,24 inch monitor,Displays,1,"Rs 32,900",5,United Kingdom,website
ORD-102065,2026-03-06 19:14,C00011,SKU-1003,USB-C cable 2m,Cables,1,Rs 850,20,PK,Website
ORD-105051,2025-12-23 16:14,C00024,SKU-1006,Laptop stand,Accessories,1,"Rs 4,200",0,UAE,website
ORD-105162,2025-10-29 14:14,C00657,SKU-1003,USB-C cable 2m,Cables,3,Rs 850,5,United Kingdom,website
ORD-101209,2026-06-20 10:14,C00037,SKU-1005,24 inch monitor,Displays,1,"Rs 32,900",0,UK,marketplace
ORD-100114,2026-02-03 13:14,C00896,SKU-1002,Wireless mouse,Peripherals,1,"Rs 2,600",0,pakistan,retail
ORD-104589,26/06/2026,C00848,SKU-1009,Webcam 1080p,Video,1,"Rs 5,400",0,United Arab Emirates,retail
ORD-104607,2026-03-29 07:14,C00573,SKU-1010,65W GaN charger,Power,2,"Rs 3,900",0,pakistan,marketplace
ORD-102978,2025-12-06 09:14,C00410,SKU-1010,65W GaN charger,Power,1,"Rs 3,900",0,UAE,Website
ORD-104681,2026-04-09 19:14,C00013,SKU-1003,USB-C cable 2m,Cables,1,Rs 850,0,Pakistan,Website
ORD-100818,2025-12-08 17:14,C00114,SKU-1002,Wireless mouse,Peripherals,1,"Rs 2,600",0,United Arab Emirates,website
ORD-100787,2025-07-04 20:14,C00346,SKU-1001,Mechanical keyboard,Peripherals,1,,5,UAE,marketplace
ORD-102603,2025-08-21 19:14,C00252,SKU-1001,Mechanical keyboard,Peripherals,1,"Rs 9,800",0,UK,website
ORD-103224,2026-01-21 07:14,C00108,SKU-1002,Wireless mouse,Peripherals,1,"Rs 2,600",0,United Arab Emirates,website
ORD-101056,2025-05-25 17:14,C00376,SKU-1002,Wireless mouse,Peripherals,1,"Rs 2,600",0,PK,Website
ORD-104111,2025-08-13 19:14,C00498,SKU-1003,USB-C cable 2m,Cables,1,Rs 850,0,pakistan,retail
ORD-104531,2025-09-08 13:14,C00059,SKU-1006,Laptop stand,Accessories,3,"Rs 4,200",5,Pakistan,website
ORD-102546,2025-04-15 09:14,C00053,SKU-1001,Mechanical keyboard,Peripherals,1,"Rs 9,800",5,UK,retail
ORD-102667,2026-03-20 08:14,C00074,SKU-1005,24 inch monitor,Displays,1,"Rs 32,900",0,Pakistan,website
ORD-103577,05/08/2026,C00004,SKU-1009,Webcam 1080p,Video,1,"Rs 5,400",0,United Arab Emirates,Website
ORD-104050,2026-01-16 16:14,C00039,SKU-1004,HDMI cable 1.5m,Cables,1,"Rs 1,300",5,Saudi Arabia,marketplace
ORD-101427,2025-08-11 10:14,C00024,SKU-1004,HDMI cable 1.5m,Cables,1,"Rs 1,300",5,United Arab Emirates,website
ORD-103731,2025-06-11 09:14,C00353,SKU-1001,Mechanical keyboard,Peripherals,1,"Rs 9,800",0,Pakistan,marketplace
ORD-104546,2026-06-28 07:14,C00786,SKU-1002,Wireless mouse,Peripherals,-1,"Rs 2,600",0,pakistan,website
ORD-103918,2026-04-06 15:14,C00045,SKU-1005,24 inch monitor,Displays,1,"Rs 32,900",0,UAE,website
ORD-105345,2026-02-06 16:14,C00069,SKU-1005,24 inch monitor,Displays,2,"Rs 32,900",5,PK,website
ORD-105292,2025-09-26 20:14,C00881,SKU-1007,Noise cancelling headset,Audio,1,"Rs 6,900",0,United Kingdom,website
ORD-103029,05/11/2025,C00077,SKU-1005,24 inch monitor,Displays,1,"Rs 32,900",0,United Arab Emirates,retail
ORD-100241,2025-04-06 13:14,C00761,SKU-1006,Laptop stand,Accessories,1,"Rs 4,200",0,UK,retail
ORD-100529,2025-10-03 19:14,C00197,SKU-1003,USB-C cable 2m,Cables,2,Rs 850,0,Pakistan,marketplace
ORD-104439,2025-06-10 20:14,C00369,SKU-1009,Webcam 1080p,Video,-2,"Rs 5,400",0,United Kingdom,marketplace
ORD-101180,2026-02-19 09:14,C00167,SKU-1009,Webcam 1080p,Video,1,"Rs 5,400",5,Saudi Arabia,website
ORD-101442,2025-11-03 08:14,C00017,SKU-1008,1TB portable SSD,Storage,2,"Rs 13,500",0,Pakistan,Website
ORD-101772,2026-07-08 20:14,C00779,SKU-1007,Noise cancelling headset,Audio,1,"Rs 6,900",0,UAE,Website
ORD-105775,2026-08-01 07:14,,SKU-1006,Laptop stand,Accessories,1,"Rs 4,200",5,UAE,retail
ORD-103618,2026-07-12 19:14,C00030,SKU-1003,USB-C cable 2m,Cables,1,Rs 850,5,United Kingdom,Website
ORD-100506,29/10/2025,C00007,SKU-1003,USB-C cable 2m,Cables,1,Rs 850,10,United Kingdom,website
ORD-104236,2026-01-24 14:14,C00478,SKU-1005,24 inch monitor,Displays,1,"Rs 32,900",0,PK,website
ORD-101579,2025-10-21 20:14,C00544,SKU-1003,USB-C cable 2m,Cables,2,Rs 850,5,United Kingdom,website
ORD-103957,2026-04-12 20:14,C00637,SKU-1002,Wireless mouse,Peripherals,2,"Rs 2,600",0,United Kingdom,marketplace
ORD-104160,2025-08-31 17:14,C00890,SKU-1009,Webcam 1080p,Video,1,"Rs 5,400",0,United Arab Emirates,retail
ORD-102058,2025-09-10 08:14,C00002,SKU-1010,65W GaN charger,Power,1,"Rs 3,900",5,UAE,retail
ORD-101751,2026-06-20 19:14,C00750,SKU-1007,Noise cancelling headset,Audio,1,"Rs 6,900",0,PK,marketplace
ORD-102005,2026-03-28 12:14,C00496,SKU-1003,USB-C cable 2m,Cables,1,Rs 850,0,United Kingdom,Website
ORD-105743,2026-04-29 13:14,C00532,SKU-1002,Wireless mouse,Peripherals,-1,"Rs 2,600",0,Saudi Arabia,Website
ORD-103709,2025-10-05 14:14,C00530,SKU-1009,Webcam 1080p,Video,1,"Rs 5,400",20,pakistan,marketplace
ORD-103250,2026-01-30 17:14,C00856,SKU-1010,65W GaN charger,Power,1,"Rs 3,900",0,UK,website
ORD-102300,2026-05-20 16:14,C00223,SKU-1007,Noise cancelling headset,Audio,1,"Rs 6,900",0,Saudi Arabia,Website
ORD-101629,2025-08-09 08:14,C00422,SKU-1001,Mechanical keyboard,Peripherals,1,"Rs 9,800",5,United Arab Emirates,marketplace
ORD-104699,2026-04-17 12:14,C00872,SKU-1003,USB-C cable 2m,Cables,2,Rs 850,10,UK,Website
ORD-100805,2025-04-11 17:14,C00670,SKU-1003,USB-C cable 2m,Cables,1,Rs 850,0,UK,marketplace
ORD-104040,2026-08-25 15:14,C00746,SKU-1004,HDMI cable 1.5m,Cables,1,"Rs 1,300",0,Saudi Arabia,Website
ORD-101124,2025-05-22 13:14,C00556,SKU-1005,24 inch monitor,Displays,1,"Rs 32,900",0,Pakistan,Website
ORD-105287,2025-03-24 10:14,C00060,SKU-1009,Webcam 1080p,Video,-2,"Rs 5,400",0,UK,marketplace
ORD-103649,2025-12-27 18:14,C00159,SKU-1004,HDMI cable 1.5m,Cables,1,"Rs 1,300",0,Pakistan,website
ORD-100314,2025-04-15 10:14,C00239,SKU-1007,Noise cancelling headset,Audio,2,"Rs 6,900",0,Saudi Arabia,website
ORD-101777,2026-08-15 14:14,C00807,SKU-1009,Webcam 1080p,Video,2,"Rs 5,400",0,PK,Website
ORD-103944,2025-11-19 16:14,C00002,SKU-1008,1TB portable SSD,Storage,1,"Rs 13,500",5,UAE,Website
ORD-102566,2026-07-05 11:14,C00303,SKU-1007,Noise cancelling headset,Audio,3,"Rs 6,900",0,United Kingdom,Website
ORD-102513,03/07/2026,C00528,SKU-1005,24 inch monitor,Displays,1,"Rs 32,900",0,pakistan,retail
ORD-100931,2026-03-17 13:14,C00628,SKU-1001,Mechanical keyboard,Peripherals,3,"Rs 9,800",0,UAE,website
ORD-105059,22/10/2025,C00781,SKU-1008,1TB portable SSD,Storage,1,"Rs 13,500",0,UK,website
ORD-101685,2026-06-05 07:14,C00877,SKU-1010,65W GaN charger,Power,1,"Rs 3,900",0,pakistan,marketplace
ORD-104078,2025-11-27 12:14,C00166,SKU-1008,1TB portable SSD,Storage,1,"Rs 13,500",0,PK,retail
ORD-102890,2025-10-14 20:14,C00040,SKU-1002,Wireless mouse,Peripherals,1,"Rs 2,600",0,United Arab Emirates,Website
ORD-103716,2025-08-19 07:14,C00358,SKU-1009,Webcam 1080p,Video,1,"Rs 5,400",0,United Arab Emirates,website
ORD-103518,2025-04-20 10:14,C00424,SKU-1004,HDMI cable 1.5m,Cables,1,"Rs 1,300",0,UK,Website
ORD-104463,2026-01-25 18:14,C00410,SKU-1001,Mechanical keyboard,Peripherals,2,"Rs 9,800",0,pakistan,retail
ORD-100362,2026-02-14 12:14,C00505,SKU-1004,HDMI cable 1.5m,Cables,2,"Rs 1,300",0,UAE,retail
ORD-103732,2026-08-05 10:14,C00405,SKU-1004,HDMI cable 1.5m,Cables,2,"Rs 1,300",0,UK,website
ORD-100630,2025-06-13 13:14,C00532,SKU-1007,Noise cancelling headset,Audio,1,"Rs 6,900",0,UK,website
ORD-104186,2026-03-15 08:14,C00027,SKU-1010,65W GaN charger,Power,1,"Rs 3,900",10,UAE,Website
ORD-101788,2025-07-30 16:14,C00422,SKU-1008,1TB portable SSD,Storage,1,"Rs 13,500",0,Pakistan,website
ORD-102369,2026-07-14 11:14,C00645,SKU-1010,65W GaN charger,Power,1,"Rs 3,900",0,Saudi Arabia,website
ORD-102233,2025-08-07 18:14,C00010,SKU-1005,24 inch monitor,Displays,2,"Rs 32,900",0,Pakistan,marketplace
ORD-105773,2025-09-21 12:14,C00058,SKU-1010,65W GaN charger,Power,1,"Rs 3,900",0,United Kingdom,website
ORD-103204,11/01/2026,C00423,SKU-1009,Webcam 1080p,Video,1,"Rs 5,400",0,UAE,website
ORD-102916,2025-03-31 07:14,C00223,SKU-1009,Webcam 1080p,Video,-1,"Rs 5,400",0,pakistan,retail
ORD-105750,2026-03-23 09:14,C00252,SKU-1008,1TB portable SSD,Storage,2,"Rs 13,500",20,pakistan,marketplace
ORD-102804,2025-09-21 13:14,C00040,SKU-1008,1TB portable SSD,Storage,1,"Rs 13,500",0,Saudi Arabia,marketplace
ORD-103871,2025-06-07 09:14,C00382,SKU-1007,Noise cancelling headset,Audio,1,"Rs 6,900",5,UK,website
ORD-103958,2026-07-06 17:14,C00882,SKU-1009,Webcam 1080p,Video,5,"Rs 5,400",0,United Kingdom,website
ORD-100119,2025-12-27 16:14,C00085,SKU-1006,Laptop stand,Accessories,1,"Rs 4,200",0,pakistan,marketplace
ORD-101959,2025-09-10 13:14,C00564,SKU-1003,USB-C cable 2m,Cables,1,Rs 850,0,pakistan,marketplace
ORD-101062,2025-10-19 15:14,C00729,SKU-1009,Webcam 1080p,Video,1,"Rs 5,400",0,pakistan,marketplace
ORD-100840,2025-04-21 19:14,C00309,SKU-1006,Laptop stand,Accessories,1,"Rs 4,200",0,Pakistan,marketplace
ORD-100493,2026-06-15 13:14,C00004,SKU-1002,Wireless mouse,Peripherals,2,"Rs 2,600",0,PK,retail
ORD-100443,2025-08-12 14:14,C00047,SKU-1003,USB-C cable 2m,Cables,1,Rs 850,5,United Kingdom,website
ORD-101842,2026-02-28 12:14,C00104,SKU-1006,Laptop stand,Accessories,1,"Rs 4,200",0,UAE,website
ORD-103156,2026-03-03 11:14,C00002,SKU-1003,USB-C cable 2m,Cables,2,Rs 850,0,UK,marketplace
ORD-104320,2025-07-21 14:14,C00334,SKU-1005,24 inch monitor,Displays,1,"Rs 32,900",0,pakistan,website
ORD-100019,16/10/2025,C00123,SKU-1001,Mechanical keyboard,Peripherals,1,"Rs 9,800",0,Pakistan,marketplace
ORD-100418,19/06/2026,C00375,SKU-1010,65W GaN charger,Power,1,"Rs 3,900",5,Saudi Arabia,retail
ORD-103945,11/07/2025,C00035,SKU-1004,HDMI cable 1.5m,Cables,1,"Rs 1,300",0,pakistan,retail
ORD-100991,2026-09-03 12:14,C00668,SKU-1004,HDMI cable 1.5m,Cables,1,"Rs 1,300",10,United Arab Emirates,retail
ORD-100385,2026-01-01 11:14,C00011,SKU-1004,HDMI cable 1.5m,Cables,1,"Rs 1,300",0,United Arab Emirates,Website
ORD-100929,2025-05-02 10:14,C00860,SKU-1010,65W GaN charger,Power,5,"Rs 3,900",0,UAE,website
ORD-100264,2025-05-15 20:14,C00358,SKU-1002,Wireless mouse,Peripherals,1,"Rs 2,600",5,UK,retail
ORD-101452,2026-04-18 18:14,C00036,SKU-1010,65W GaN charger,Power,1,"Rs 3,900",5,UK,retail
ORD-104256,2025-11-06 13:14,C00080,SKU-1005,24 inch monitor,Displays,1,"Rs 32,900",10,Saudi Arabia,website
ORD-102158,2025-11-26 16:14,C00860,SKU-1008,1TB portable SSD,Storage,1,"Rs 13,500",10,United Arab Emirates,retail
ORD-104399,2025-07-16 20:14,C00091,SKU-1003,USB-C cable 2m,Cables,1,Rs 850,0,pakistan,website
ORD-103210,2025-05-01 16:14,C00551,SKU-1008,1TB portable SSD,Storage,1,"Rs 13,500",0,Saudi Arabia,website
ORD-104605,2026-06-27 08:14,C00318,SKU-1010,65W GaN charger,Power,1,"Rs 3,900",0,UAE,website
ORD-105163,2026-04-09 12:14,C00743,SKU-1002,Wireless mouse,Peripherals,1,"Rs 2,600",0,Saudi Arabia,website
ORD-105393,2026-07-13 17:14,C00606,SKU-1004,HDMI cable 1.5m,Cables,2,"Rs 1,300",0,United Kingdom,website
ORD-105563,2026-01-02 15:14,C00054,SKU-1003,USB-C cable 2m,Cables,1,Rs 850,0,PK,marketplace
ORD-100934,2026-05-10 08:14,C00041,SKU-1007,Noise cancelling headset,Audio,2,"Rs 6,900",5,PK,Website
ORD-104981,23/02/2026,C00039,SKU-1004,HDMI cable 1.5m,Cables,3,"Rs 1,300",0,PK,website
ORD-103967,2026-02-11 09:14,C00025,SKU-1002,Wireless mouse,Peripherals,1,"Rs 2,600",0,UAE,website
ORD-100275,2026-07-08 12:14,C00509,SKU-1010,65W GaN charger,Power,1,"Rs 3,900",0,pakistan,Website
ORD-105966,2025-09-11 15:14,C00478,SKU-1002,Wireless mouse,Peripherals,1,"Rs 2,600",0,United Arab Emirates,marketplace
ORD-105792,2025-09-22 07:14,C00690,SKU-1003,USB-C cable 2m,Cables,1,Rs 850,0,United Arab Emirates,Website
ORD-103400,2026-01-07 15:14,C00351,SKU-1008,1TB portable SSD,Storage,2,"Rs 13,500",0,Pakistan,Website
ORD-105585,2026-01-06 10:14,C00087,SKU-1002,Wireless mouse,Peripherals,1,"Rs 2,600",20,United Kingdom,marketplace
ORD-105251,2026-02-11 08:14,C00019,SKU-1010,65W GaN charger,Power,2,"Rs 3,900",0,United Arab Emirates,Website
ORD-101723,2026-06-30 09:14,C00094,SKU-1008,1TB portable SSD,Storage,1,"Rs 13,500",10,United Kingdom,marketplace
ORD-104323,2026-03-12 07:14,C00101,SKU-1008,1TB portable SSD,Storage,2,"Rs 13,500",0,United Arab Emirates,website
ORD-105813,2025-09-05 11:14,C00298,SKU-1005,24 inch monitor,Displays,1,"Rs 32,900",0,Pakistan,Website
ORD-100133,2025-04-24 09:14,C00332,SKU-1009,Webcam 1080p,Video,1,"Rs 5,400",0,PK,retail
ORD-101759,2025-09-07 08:14,C00033,SKU-1006,Laptop stand,Accessories,3,"Rs 4,200",0,UK,Website
ORD-101307,2025-06-22 07:14,C00690,SKU-1003,USB-C cable 2m,Cables,2,Rs 850,0,pakistan,Website
ORD-100496,2026-09-12 16:14,C00022,SKU-1001,Mechanical keyboard,Peripherals,2,"Rs 9,800",5,Saudi Arabia,Website
ORD-105056,2026-01-25 13:14,C00863,SKU-1005,24 inch monitor,Displays,1,"Rs 32,900",0,UAE,retail
ORD-100335,2026-09-11 10:14,C00347,SKU-1005,24 inch monitor,Displays,1,"Rs 32,900",0,United Kingdom,Website
ORD-103335,2025-08-13 10:14,C00761,SKU-1001,Mechanical keyboard,Peripherals,1,"Rs 9,800",0,Saudi Arabia,website
ORD-103214,2026-04-21 16:14,C00006,SKU-1010,65W GaN charger,Power,1,"Rs 3,900",0,Saudi Arabia,Website
ORD-105365,2025-07-18 17:14,C00364,SKU-1009,Webcam 1080p,Video,3,"Rs 5,400",10,Saudi Arabia,marketplace
ORD-104908,2025-06-30 13:14,C00200,SKU-1006,Laptop stand,Accessories,1,"Rs 4,200",5,United Arab Emirates,Website
ORD-105147,2026-02-08 12:14,C00103,SKU-1008,1TB portable SSD,Storage,1,"Rs 13,500",5,pakistan,Website
ORD-100441,2026-09-04 15:14,C00563,SKU-1007,Noise cancelling headset,Audio,2,"Rs 6,900",10,Saudi Arabia,website
ORD-105258,2025-10-21 17:14,C00055,SKU-1003,USB-C cable 2m,Cables,1,Rs 850,10,United Arab Emirates,Website
ORD-105483,2025-11-16 07:14,C00504,SKU-1003,USB-C cable 2m,Cables,1,Rs 850,0,UAE,Website
ORD-103161,2025-12-25 16:14,C00088,SKU-1003,USB-C cable 2m,Cables,1,Rs 850,0,UAE,retail
ORD-103995,2025-05-19 13:14,C00037,SKU-1001,Mechanical keyboard,Peripherals,2,"Rs 9,800",5,United Kingdom,retail
ORD-103095,2026-03-29 17:14,C00054,SKU-1003,USB-C cable 2m,Cables,-1,Rs 850,0,Saudi Arabia,marketplace
ORD-103151,2026-08-20 20:14,C00859,SKU-1010,65W GaN charger,Power,1,"Rs 3,900",0,pakistan,marketplace
ORD-103776,2026-03-03 17:14,C00031,SKU-1004,HDMI cable 1.5m,Cables,1,"Rs 1,300",0,Pakistan,website
ORD-104338,2026-06-07 15:14,C00244,SKU-1001,Mechanical keyboard,Peripherals,1,"Rs 9,800",5,United Kingdom,website
ORD-101394,2025-03-26 07:14,C00004,SKU-1004,HDMI cable 1.5m,Cables,2,"Rs 1,300",0,pakistan,website
ORD-104779,2025-03-24 20:14,C00026,SKU-1004,HDMI cable 1.5m,Cables,1,"Rs 1,300",5,UK,website
ORD-101350,2026-02-20 11:14,C00006,SKU-1008,1TB portable SSD,Storage,1,"Rs 13,500",5,Pakistan,Website
ORD-104753,2025-07-04 18:14,C00037,SKU-1003,USB-C cable 2m,Cables,1,Rs 850,10,UK,retail
ORD-102552,2026-06-17 12:14,C00058,SKU-1004,HDMI cable 1.5m,Cables,1,"Rs 1,300",0,UAE,website
ORD-100408,2025-09-03 17:14,C00694,SKU-1001,Mechanical keyboard,Peripherals,1,"Rs 9,800",0,United Arab Emirates,retail
ORD-101115,2025-03-23 17:14,C00408,SKU-1007,Noise cancelling headset,Audio,3,"Rs 6,900",10,pakistan,marketplace
ORD-103153,2026-05-14 14:14,C00721,SKU-1010,65W GaN charger,Power,1,"Rs 3,900",0,Pakistan,retail
ORD-101255,2025-10-30 20:14,C00725,SKU-1001,Mechanical keyboard,Peripherals,2,"Rs 9,800",0,pakistan,retail
ORD-105621,2026-04-18 16:14,C00520,SKU-1007,Noise cancelling headset,Audio,1,"Rs 6,900",5,United Kingdom,retail
ORD-101866,07/06/2025,C00800,SKU-1008,1TB portable SSD,Storage,5,"Rs 13,500",10,UK,marketplace
ORD-100140,2026-05-01 10:14,C00544,SKU-1002,Wireless mouse,Peripherals,5,"Rs 2,600",10,United Kingdom,Website
ORD-104996,2026-07-15 16:14,C00400,SKU-1004,HDMI cable 1.5m,Cables,1,"Rs 1,300",0,Saudi Arabia,marketplace
ORD-102685,2026-02-04 11:14,C00635,SKU-1010,65W GaN charger,Power,2,"Rs 3,900",0,Pakistan,marketplace
ORD-105356,2026-04-23 14:14,C00723,SKU-1009,Webcam 1080p,Video,1,"Rs 5,400",0,PK,retail
ORD-103885,2026-07-15 19:14,C00133,SKU-1009,Webcam 1080p,Video,1,"Rs 5,400",0,UK,marketplace
ORD-100688,2026-06-05 09:14,C00488,SKU-1008,1TB portable SSD,Storage,1,"Rs 13,500",0,Saudi Arabia,marketplace
ORD-105724,2025-05-09 15:14,C00667,SKU-1002,Wireless mouse,Peripherals,1,"Rs 2,600",5,United Arab Emirates,retail
ORD-103864,2026-04-03 08:14,C00025,SKU-1002,Wireless mouse,Peripherals,5,"Rs 2,600",0,UK,Website
ORD-104946,2025-08-07 09:14,C00007,SKU-1007,Noise cancelling headset,Audio,1,"Rs 6,900",10,United Arab Emirates,website
ORD-100583,2025-12-08 16:14,C00308,SKU-1008,1TB portable SSD,Storage,1,"Rs 13,500",0,UAE,marketplace
ORD-105793,2026-05-23 20:14,C00005,SKU-1005,24 inch monitor,Displays,1,"Rs 32,900",5,Saudi Arabia,Website
ORD-100332,2025-04-18 17:14,C00823,SKU-1005,24 inch monitor,Displays,1,"Rs 32,900",0,Pakistan,website
ORD-101293,2026-06-18 15:14,C00038,SKU-1004,HDMI cable 1.5m,Cables,2,"Rs 1,300",0,Saudi Arabia,Website
ORD-104023,2025-07-10 08:14,C00184,SKU-1003,USB-C cable 2m,Cables,1,Rs 850,0,Pakistan,website
ORD-105200,2025-09-22 19:14,C00059,SKU-1002,Wireless mouse,Peripherals,1,"Rs 2,600",0,PK,Website
ORD-103775,2025-12-01 18:14,C00489,SKU-1003,USB-C cable 2m,Cables,1,Rs 850,0,PK,website
ORD-101945,2025-05-24 16:14,C00892,SKU-1006,Laptop stand,Accessories,1,"Rs 4,200",0,United Arab Emirates,website
